New https://pypi.org/project/ultralytics/8.4.164 available  Update with 'pip install -U ultralytics'
Ultralytics 8.4.120  Python-3.11.9 torch-2.12.1+cu130 CUDA:0 (NVIDIA GeForce RTX 5060 Laptop GPU, 8151MiB)
[34m[1mengine\trainer: [0magnostic_nms=False, amp=False, angle=1.0, augment=False, auto_augment=randaugment, batch=4, bgr=0.0, box=7.5, cache=False, cfg=None, channels_last=False, classes=None, close_mosaic=0, cls=0.5, cls_pw=0.0, cls_remap=True, compile=False, conf=None, copy_paste=0.0, copy_paste_mode=flip, cos_lr=False, cutmix=0.0, data=C:\Users\hkjun\Documents\Codex\2026-09-27\new-chat\work\r04\data\baseline\data.yaml, degrees=0.0, deterministic=True, device=0, dfl=1.5, dgrad=0.5, dis=6.0, distill_model=None, dlam=1.0, dlog=1.0, dnn=False, dropout=0.0, dynamic=False, embed=None, end2end=None, epochs=20, erasing=0.4, exist_ok=False, fliplr=0.5, flipud=0.5, format=torchscript, fraction=1.0, freeze=None, hsv_h=0.005, hsv_s=0.15, hsv_v=0.2, imgsz=1024, iou=0.7, keras=False, kobj=1.0, line_width=None, lr0=0.001, lrf=0.01, mask_ratio=4, max_det=1000, mixup=0.0, mode=train, model=C:\Users\hkjun\Documents\Codex\2026-09-27\new-chat\work\r03\models\yolo11s.pt, momentum=0.937, mosaic=0.0, multi_scale=0.0, name=baseline, nbs=8, nms=False, opset=None, optimize=False, optimizer=AdamW, overlap_mask=True, patience=100, perspective=0.0, plots=False, pose=12.0, pretrained=True, profile=False, project=C:\Users\hkjun\Documents\Codex\2026-09-27\new-chat\work\r04\training_logs, quantize=None, rect=False, resume=False, retina_masks=False, rle=1.0, save=True, save_conf=False, save_crop=False, save_dir=C:\Users\hkjun\Documents\Codex\2026-09-27\new-chat\work\r04\training_logs\baseline, save_frames=False, save_json=False, save_period=-1, save_txt=False, scale=0.0, seed=42, shear=0.0, show=False, show_boxes=True, show_conf=True, show_labels=True, simplify=True, single_cls=False, source=None, split=val, stream_buffer=False, task=detect, time=None, tracker=tracktrack.yaml, translate=0.0, val=True, verbose=False, vid_stride=1, visualize=False, warmup_bias_lr=0.0, warmup_epochs=2, warmup_momentum=0.8, weight_decay=0.0005, workers=0, workspace=None
Overriding model.yaml nc=80 with nc=4

                   from  n    params  module                                       arguments                     
  0                  -1  1       928  ultralytics.nn.modules.conv.Conv             [3, 32, 3, 2]                 
  1                  -1  1     18560  ultralytics.nn.modules.conv.Conv             [32, 64, 3, 2]                
  2                  -1  1     26080  ultralytics.nn.modules.block.C3k2            [64, 128, 1, False, 0.25]     
  3                  -1  1    147712  ultralytics.nn.modules.conv.Conv             [128, 128, 3, 2]              
  4                  -1  1    103360  ultralytics.nn.modules.block.C3k2            [128, 256, 1, False, 0.25]    
  5                  -1  1    590336  ultralytics.nn.modules.conv.Conv             [256, 256, 3, 2]              
  6                  -1  1    346112  ultralytics.nn.modules.block.C3k2            [256, 256, 1, True]           
  7                  -1  1   1180672  ultralytics.nn.modules.conv.Conv             [256, 512, 3, 2]              
  8                  -1  1   1380352  ultralytics.nn.modules.block.C3k2            [512, 512, 1, True]           
  9                  -1  1    656896  ultralytics.nn.modules.block.SPPF            [512, 512, 5]                 
 10                  -1  1    990976  ultralytics.nn.modules.block.C2PSA           [512, 512, 1]                 
 11                  -1  1         0  torch.nn.modules.upsampling.Upsample         [None, 2, 'nearest']          
 12             [-1, 6]  1         0  ultralytics.nn.modules.conv.Concat           [1]                           
 13                  -1  1    443776  ultralytics.nn.modules.block.C3k2            [768, 256, 1, False]          
 14                  -1  1         0  torch.nn.modules.upsampling.Upsample         [None, 2, 'nearest']          
 15             [-1, 4]  1         0  ultralytics.nn.modules.conv.Concat           [1]                           
 16                  -1  1    127680  ultralytics.nn.modules.block.C3k2            [512, 128, 1, False]          
 17                  -1  1    147712  ultralytics.nn.modules.conv.Conv             [128, 128, 3, 2]              
 18            [-1, 13]  1         0  ultralytics.nn.modules.conv.Concat           [1]                           
 19                  -1  1    345472  ultralytics.nn.modules.block.C3k2            [384, 256, 1, False]          
 20                  -1  1    590336  ultralytics.nn.modules.conv.Conv             [256, 256, 3, 2]              
 21            [-1, 10]  1         0  ultralytics.nn.modules.conv.Concat           [1]                           
 22                  -1  1   1511424  ultralytics.nn.modules.block.C3k2            [768, 512, 1, True]           
 23        [16, 19, 22]  1    820956  ultralytics.nn.modules.head.Detect           [4, 16, None, [128, 256, 512]]
YOLO11s summary: 182 layers, 9,429,340 parameters, 9,429,324 gradients, 21.7 GFLOPs

Transferred 493/499 items from pretrained weights
Freezing layer 'model.23.dfl.conv.weight'
[34m[1mtrain: [0mFast image access  (ping: 0.10.0 ms, read: 427.0187.6 MB/s, size: 259.1 KB)

[K[34m[1mtrain: [0mScanning C:\Users\hkjun\Documents\Codex\2026-09-27\new-chat\work\r04\data\baseline\labels\train... 147 images, 27 backgrounds, 0 corrupt: 35% ━━━━──────── 147/418 440.8it/s 0.1s<0.6s
[K[34m[1mtrain: [0mScanning C:\Users\hkjun\Documents\Codex\2026-09-27\new-chat\work\r04\data\baseline\labels\train... 330 images, 64 backgrounds, 0 corrupt: 78% ━━━━━━━━━─── 330/418 849.2it/s 0.2s<0.1s
[K[34m[1mtrain: [0mScanning C:\Users\hkjun\Documents\Codex\2026-09-27\new-chat\work\r04\data\baseline\labels\train... 418 images, 75 backgrounds, 0 corrupt: 100% ━━━━━━━━━━━━ 418/418 1.7Kit/s 0.2s
[34m[1mtrain: [0mNew cache created: C:\Users\hkjun\Documents\Codex\2026-09-27\new-chat\work\r04\data\baseline\labels\train.cache
[34m[1mval: [0mFast image access  (ping: 0.10.1 ms, read: 1091.3883.2 MB/s, size: 3150.0 KB)

[K[34m[1mval: [0mScanning C:\Users\hkjun\Documents\Codex\2026-09-27\new-chat\work\r04\data\baseline\labels\val... 9 images, 0 backgrounds, 0 corrupt: 100% ━━━━━━━━━━━━ 9/9 574.6it/s 0.0s
[34m[1mval: [0mNew cache created: C:\Users\hkjun\Documents\Codex\2026-09-27\new-chat\work\r04\data\baseline\labels\val.cache
[34m[1moptimizer:[0m AdamW(lr=0.001, momentum=0.937) with parameter groups 81 weight(decay=0.0), 88 weight(decay=0.0005), 87 bias(decay=0.0)
[2026-09-28T12:34:05.343639+00:00] TRAIN baseline started: 20 epochs maximum; 1165 optimizer calls maximum; batch=4 FP32; 448 weighted draws/epoch
Image sizes 1024 train, 1024 val
Using 0 dataloader workers
Logging results to [1mC:\Users\hkjun\Documents\Codex\2026-09-27\new-chat\work\r04\training_logs\baseline[0m
Starting training for 20 epochs...

      Epoch    GPU_mem   box_loss   cls_loss   dfl_loss  Instances       Size

[K       1/20      5.47G       1.57       4.11      1.253         83       1024: 0% ──────────── 0/112  1.7s
[K       1/20      5.47G      1.554      4.072      1.311        108       1024: 0% ──────────── 1/112 1.4s/it 2.2s<2:39
[K       1/20      5.47G      1.604      4.114      1.273        182       1024: 1% ──────────── 2/112 1.1it/s 2.6s<1:40
[K       1/20      5.47G      1.739      4.253      1.478         17       1024: 2% ──────────── 3/112 1.4it/s 3.1s<1:19
[K       1/20      5.47G      1.733      4.153      1.431        135       1024: 3% ──────────── 4/112 1.7it/s 3.5s<1:03
[K       1/20      5.47G      1.786      4.121      1.432        353       1024: 4% ╸─────────── 5/112 2.0it/s 3.9s<54.7s
[K       1/20      5.47G      1.745      4.077      1.408        109       1024: 5% ╸─────────── 6/112 2.1it/s 4.4s<50.9s
[K       1/20      5.47G      1.777      4.039      1.423        283       1024: 6% ╸─────────── 7/112 2.2it/s 4.8s<48.1s
[K       1/20      5.47G      1.783      3.982      1.426        131       1024: 7% ╸─────────── 8/112 2.3it/s 5.2s<45.4s
[K       1/20      5.47G      1.794      3.918       1.42        131       1024: 8% ╸─────────── 9/112 2.3it/s 5.6s<44.3s
[K       1/20      5.47G      1.737      3.841      1.384         73       1024: 8% ━─────────── 10/112 2.3it/s 6.0s<43.4s
[K       1/20      5.47G      1.722      3.767      1.388         75       1024: 9% ━─────────── 11/112 2.4it/s 6.4s<42.3s
[K       1/20      5.47G      1.689      3.656      1.365        166       1024: 10% ━─────────── 12/112 2.4it/s 6.8s<41.3s
[K       1/20      5.47G      1.665       3.57      1.362        115       1024: 11% ━─────────── 13/112 2.5it/s 7.2s<40.2s
[K       1/20      5.47G      1.701      3.556      1.384        109       1024: 12% ━─────────── 14/112 2.5it/s 7.6s<39.4s
[K       1/20      5.47G      1.689      3.525      1.382        116       1024: 13% ━╸────────── 15/112 2.5it/s 8.0s<38.8s
[K       1/20      5.47G      1.742      3.474      1.421         51       1024: 14% ━╸────────── 16/112 2.5it/s 8.4s<38.7s
[K       1/20      5.47G      1.719      3.386      1.399        258       1024: 15% ━╸────────── 17/112 2.5it/s 8.8s<38.2s
[K       1/20      5.47G      1.715      3.315      1.388        206       1024: 16% ━╸────────── 18/112 2.5it/s 9.2s<37.8s
[K       1/20      5.47G      1.704      3.234      1.374        177       1024: 16% ━━────────── 19/112 2.5it/s 9.6s<37.4s
[K       1/20      5.47G      1.681      3.159      1.356        288       1024: 17% ━━────────── 20/112 2.5it/s 10.0s<37.1s
[K       1/20      5.47G      1.655      3.117       1.35         50       1024: 18% ━━────────── 21/112 2.5it/s 10.4s<36.5s
[K       1/20      5.47G      1.642      3.084      1.343         70       1024: 19% ━━────────── 22/112 2.5it/s 10.8s<36.1s
[K       1/20      5.47G       1.62       3.07      1.333         41       1024: 20% ━━────────── 23/112 2.5it/s 11.2s<35.8s
[K       1/20      5.47G      1.606      3.024      1.329         63       1024: 21% ━━╸───────── 24/112 2.5it/s 11.6s<35.6s
[K       1/20      5.47G      1.609      2.998      1.335         70       1024: 22% ━━╸───────── 25/112 2.5it/s 12.0s<35.3s
[K       1/20      5.47G      1.598      2.948      1.323        135       1024: 23% ━━╸───────── 26/112 2.5it/s 12.4s<34.6s
[K       1/20      5.47G      1.586      2.909      1.313        188       1024: 24% ━━╸───────── 27/112 2.5it/s 12.8s<34.4s
[K       1/20      5.47G       1.58      2.886      1.315         75       1024: 25% ━━━───────── 28/112 2.5it/s 13.2s<33.6s
[K       1/20      5.47G      1.568      2.861      1.311         71       1024: 25% ━━━───────── 29/112 2.5it/s 13.6s<33.2s
[K       1/20      5.47G      1.566      2.837      1.308         93       1024: 26% ━━━───────── 30/112 2.5it/s 14.0s<32.8s
[K       1/20      5.47G      1.563       2.81      1.306         91       1024: 27% ━━━───────── 31/112 2.5it/s 14.4s<32.3s
[K       1/20      5.47G      1.553      2.776      1.301         97       1024: 28% ━━━───────── 32/112 2.5it/s 14.8s<32.1s
[K       1/20      5.47G      1.541      2.753      1.296         48       1024: 29% ━━━╸──────── 33/112 2.5it/s 15.2s<31.4s
[K       1/20      5.47G      1.531      2.719      1.292         81       1024: 30% ━━━╸──────── 34/112 2.5it/s 15.6s<31.2s
[K       1/20      5.47G      1.522      2.682      1.284        182       1024: 31% ━━━╸──────── 35/112 2.5it/s 16.0s<30.7s
[K       1/20      5.47G      1.509      2.651      1.281         36       1024: 32% ━━━╸──────── 36/112 2.5it/s 16.4s<29.9s
[K       1/20      5.47G      1.498      2.612      1.272        200       1024: 33% ━━━╸──────── 37/112 2.5it/s 16.8s<29.8s
[K       1/20      5.47G      1.491      2.634      1.276         23       1024: 33% ━━━━──────── 38/112 2.5it/s 17.2s<29.6s
[K       1/20      5.47G       1.48      2.594      1.268        136       1024: 34% ━━━━──────── 39/112 2.5it/s 17.6s<29.3s
[K       1/20      5.47G       1.47      2.565      1.265         74       1024: 35% ━━━━──────── 40/112 2.5it/s 18.0s<29.0s
[K       1/20      5.47G      1.461      2.535      1.259        232       1024: 36% ━━━━──────── 41/112 2.5it/s 18.4s<28.6s
[K       1/20      5.47G      1.452      2.506      1.252        281       1024: 37% ━━━━──────── 42/112 2.5it/s 18.8s<28.1s
[K       1/20      5.47G      1.459      2.493      1.253         77       1024: 38% ━━━━╸─────── 43/112 2.5it/s 19.2s<27.6s
[K       1/20      5.47G      1.462      2.492       1.26         37       1024: 39% ━━━━╸─────── 44/112 2.5it/s 19.6s<27.2s
[K       1/20      5.47G      1.454      2.475      1.257         54       1024: 40% ━━━━╸─────── 45/112 2.5it/s 20.0s<26.9s
[K       1/20      5.47G      1.449      2.445      1.251        355       1024: 41% ━━━━╸─────── 46/112 2.5it/s 20.4s<26.7s
[K       1/20      5.47G      1.443      2.417      1.245        281       1024: 41% ━━━━━─────── 47/112 2.5it/s 20.8s<26.3s
[K       1/20      5.47G      1.438      2.401      1.243        117       1024: 42% ━━━━━─────── 48/112 2.5it/s 21.2s<25.7s
[K       1/20      5.47G      1.433      2.391      1.242         41       1024: 43% ━━━━━─────── 49/112 2.5it/s 21.6s<25.2s
[K       1/20      5.47G      1.432      2.372      1.238        109       1024: 44% ━━━━━─────── 50/112 2.5it/s 22.0s<24.8s
[K       1/20      5.47G      1.426      2.354      1.237         62       1024: 45% ━━━━━─────── 51/112 2.5it/s 22.4s<24.2s
[K       1/20      5.47G      1.422      2.338      1.235        146       1024: 46% ━━━━━╸────── 52/112 2.5it/s 22.8s<24.0s
[K       1/20      5.47G      1.421      2.318      1.233         89       1024: 47% ━━━━━╸────── 53/112 2.5it/s 23.2s<23.7s
[K       1/20      5.47G      1.416      2.302      1.232         89       1024: 48% ━━━━━╸────── 54/112 2.5it/s 23.7s<23.7s
[K       1/20      5.47G      1.413      2.296      1.233         39       1024: 49% ━━━━━╸────── 55/112 2.5it/s 24.1s<23.1s
[K       1/20      5.47G      1.407      2.273      1.227        235       1024: 50% ━━━━━━────── 56/112 2.5it/s 24.5s<22.7s
[K       1/20      5.47G      1.405      2.265      1.228         49       1024: 50% ━━━━━━────── 57/112 2.5it/s 24.9s<22.4s
[K       1/20      5.47G      1.399      2.243      1.223        179       1024: 51% ━━━━━━────── 58/112 2.5it/s 25.3s<22.0s
[K       1/20      5.47G      1.398      2.249      1.228         21       1024: 52% ━━━━━━────── 59/112 2.5it/s 25.7s<21.4s
[K       1/20      5.47G      1.412      2.295      1.247         10       1024: 53% ━━━━━━────── 60/112 2.5it/s 26.1s<20.9s
[K       1/20      5.47G      1.406      2.275      1.242        179       1024: 54% ━━━━━━╸───── 61/112 2.5it/s 26.5s<20.4s
[K       1/20      5.47G        1.4      2.254      1.238        205       1024: 55% ━━━━━━╸───── 62/112 2.5it/s 26.9s<20.0s
[K       1/20      5.47G      1.397      2.237      1.235        184       1024: 56% ━━━━━━╸───── 63/112 2.5it/s 27.3s<19.4s
[K       1/20      5.47G      1.392      2.223      1.234         46       1024: 57% ━━━━━━╸───── 64/112 2.5it/s 27.7s<19.0s
[K       1/20      5.47G      1.399      2.246      1.244         15       1024: 58% ━━━━━━╸───── 65/112 2.5it/s 28.0s<18.6s
[K       1/20      5.47G      1.394      2.226       1.24        207       1024: 58% ━━━━━━━───── 66/112 2.5it/s 28.4s<18.2s
[K       1/20      5.47G      1.394      2.214      1.241         68       1024: 59% ━━━━━━━───── 67/112 2.5it/s 28.9s<18.0s
[K       1/20      5.47G      1.393      2.201       1.24         80       1024: 60% ━━━━━━━───── 68/112 2.5it/s 29.3s<17.6s
[K       1/20      5.47G       1.39      2.188      1.238         88       1024: 61% ━━━━━━━───── 69/112 2.5it/s 29.6s<17.1s
[K       1/20      5.47G      1.386      2.174      1.236        136       1024: 62% ━━━━━━━───── 70/112 2.5it/s 30.0s<16.7s
[K       1/20      5.47G      1.387      2.161      1.236        119       1024: 63% ━━━━━━━╸──── 71/112 2.5it/s 30.4s<16.3s
[K       1/20      5.47G      1.384      2.147      1.236         61       1024: 64% ━━━━━━━╸──── 72/112 2.5it/s 30.8s<15.8s
[K       1/20      5.47G       1.38      2.128      1.232        276       1024: 65% ━━━━━━━╸──── 73/112 2.5it/s 31.2s<15.4s
[K       1/20      5.47G      1.375      2.111      1.228        193       1024: 66% ━━━━━━━╸──── 74/112 2.5it/s 31.6s<15.2s
[K       1/20      5.47G      1.373      2.099       1.23         87       1024: 66% ━━━━━━━━──── 75/112 2.5it/s 32.0s<14.7s
[K       1/20      5.47G      1.375        2.1      1.236         27       1024: 67% ━━━━━━━━──── 76/112 2.5it/s 32.4s<14.2s
[K       1/20      5.47G       1.37      2.084      1.232        316       1024: 68% ━━━━━━━━──── 77/112 2.5it/s 32.8s<13.8s
[K       1/20      5.47G      1.366      2.077      1.231         61       1024: 69% ━━━━━━━━──── 78/112 2.5it/s 33.2s<13.6s
[K       1/20      5.47G      1.366      2.067      1.233        112       1024: 70% ━━━━━━━━──── 79/112 2.5it/s 33.6s<13.2s
[K       1/20      5.47G      1.364      2.055      1.231        203       1024: 71% ━━━━━━━━╸─── 80/112 2.5it/s 34.0s<12.8s
[K       1/20      5.47G      1.363      2.043       1.23        150       1024: 72% ━━━━━━━━╸─── 81/112 2.5it/s 34.4s<12.4s
[K       1/20      5.47G      1.362       2.04      1.231         63       1024: 73% ━━━━━━━━╸─── 82/112 2.5it/s 34.8s<12.1s
[K       1/20      5.47G      1.358      2.032      1.229         84       1024: 74% ━━━━━━━━╸─── 83/112 2.5it/s 35.2s<11.6s
[K       1/20      5.47G      1.356      2.026      1.227         42       1024: 75% ━━━━━━━━━─── 84/112 2.5it/s 35.6s<11.2s
[K       1/20      5.47G      1.354      2.015      1.224        175       1024: 75% ━━━━━━━━━─── 85/112 2.5it/s 36.0s<11.0s
[K       1/20      5.47G       1.35      2.003       1.22        239       1024: 76% ━━━━━━━━━─── 86/112 2.4it/s 36.5s<10.6s
[K       1/20      5.47G      1.348      2.001      1.221         71       1024: 77% ━━━━━━━━━─── 87/112 2.5it/s 36.8s<10.1s
[K       1/20      5.47G      1.346      1.991      1.218        332       1024: 78% ━━━━━━━━━─── 88/112 2.5it/s 37.3s<9.7s
[K       1/20      5.47G      1.344      1.984      1.216        232       1024: 79% ━━━━━━━━━╸── 89/112 2.5it/s 37.7s<9.3s
[K       1/20      5.47G      1.342      1.973      1.214         85       1024: 80% ━━━━━━━━━╸── 90/112 2.5it/s 38.0s<8.7s
[K       1/20      5.47G      1.341      1.963      1.212        186       1024: 81% ━━━━━━━━━╸── 91/112 2.5it/s 38.4s<8.3s
[K       1/20      5.47G      1.339      1.952      1.211        105       1024: 82% ━━━━━━━━━╸── 92/112 2.5it/s 38.8s<7.9s
[K       1/20      5.47G      1.343       1.96      1.213         51       1024: 83% ━━━━━━━━━╸── 93/112 2.5it/s 39.2s<7.5s
[K       1/20      5.47G      1.341      1.948       1.21        253       1024: 83% ━━━━━━━━━━── 94/112 2.5it/s 39.6s<7.1s
[K       1/20      5.47G      1.345      1.945      1.214         55       1024: 84% ━━━━━━━━━━── 95/112 2.5it/s 40.0s<6.7s
[K       1/20      5.47G      1.343       1.94      1.213         73       1024: 85% ━━━━━━━━━━── 96/112 2.6it/s 40.4s<6.2s
[K       1/20      5.47G      1.345      1.939      1.217         36       1024: 86% ━━━━━━━━━━── 97/112 2.6it/s 40.8s<5.8s
[K       1/20      5.47G      1.344      1.933      1.217         96       1024: 87% ━━━━━━━━━━── 98/112 2.6it/s 41.2s<5.5s
[K       1/20      5.47G      1.345      1.927      1.218        118       1024: 88% ━━━━━━━━━━╸─ 99/112 2.6it/s 41.6s<5.1s
[K       1/20      5.47G      1.344      1.923      1.218         71       1024: 89% ━━━━━━━━━━╸─ 100/112 2.5it/s 42.0s<4.7s
[K       1/20      5.47G      1.343      1.919      1.218         77       1024: 90% ━━━━━━━━━━╸─ 101/112 2.6it/s 42.3s<4.3s
[K       1/20      5.47G      1.339       1.91      1.217         78       1024: 91% ━━━━━━━━━━╸─ 102/112 2.6it/s 42.7s<3.9s
[K       1/20      5.47G      1.341      1.908      1.219         57       1024: 91% ━━━━━━━━━━━─ 103/112 2.5it/s 43.1s<3.5s
[K       1/20      5.47G       1.34        1.9      1.218        110       1024: 92% ━━━━━━━━━━━─ 104/112 2.6it/s 43.5s<3.1s
[K       1/20      5.47G      1.337      1.889      1.215        214       1024: 93% ━━━━━━━━━━━─ 105/112 2.6it/s 43.9s<2.7s
[K       1/20      5.47G      1.342      1.896      1.218         33       1024: 94% ━━━━━━━━━━━─ 106/112 2.5it/s 44.3s<2.4s
[K       1/20      5.47G      1.339      1.887      1.216        169       1024: 95% ━━━━━━━━━━━─ 107/112 2.5it/s 44.7s<2.0s
[K       1/20      5.47G      1.341      1.891      1.218         43       1024: 96% ━━━━━━━━━━━╸ 108/112 2.5it/s 45.1s<1.6s
[K       1/20      5.47G      1.338      1.882      1.216        137       1024: 97% ━━━━━━━━━━━╸ 109/112 2.5it/s 45.5s<1.2s
[K       1/20      5.47G      1.337      1.878      1.215         62       1024: 98% ━━━━━━━━━━━╸ 110/112 2.5it/s 45.9s<0.8s
[K       1/20      5.47G      1.334       1.87      1.215        105       1024: 99% ━━━━━━━━━━━╸ 111/112 2.5it/s 46.3s<0.4s
[K       1/20      5.47G      1.334       1.87      1.215        105       1024: 100% ━━━━━━━━━━━━ 112/112 2.4it/s 46.3s

[K                 Class     Images  Instances      Box(P          R      mAP50  mAP50-95): 50% ━━━━━━────── 1/2 3.9s/it 1.2s<3.9s
[K                 Class     Images  Instances      Box(P          R      mAP50  mAP50-95): 100% ━━━━━━━━━━━━ 2/2 1.6it/s 1.3s
                   all          9       1052      0.255      0.162     0.0976     0.0591
[2026-09-28T12:34:54.345501+00:00] TRAIN baseline epoch 1/20: optimizer=112/1165, batches=112/112, loss=4.4192

      Epoch    GPU_mem   box_loss   cls_loss   dfl_loss  Instances       Size

[K       2/20      4.99G      1.299      1.575      1.252        154       1024: 0% ──────────── 0/112  0.3s
[K       2/20      4.99G       1.43      1.571      1.314        127       1024: 0% ──────────── 1/112 1.3s/it 0.7s<2:29
[K       2/20      4.99G      1.472      1.627      1.292        430       1024: 1% ──────────── 2/112 1.2it/s 1.2s<1:29
[K       2/20      4.99G       1.38      1.429      1.209        173       1024: 2% ──────────── 3/112 1.6it/s 1.6s<1:07
[K       2/20      4.99G      1.301      1.396       1.16        158       1024: 3% ──────────── 4/112 2.0it/s 1.9s<54.4s
[K       2/20      4.99G      1.272      1.296      1.122        245       1024: 4% ╸─────────── 5/112 2.1it/s 2.3s<50.3s
[K       2/20      4.99G      1.236       1.46      1.136         29       1024: 5% ╸─────────── 6/112 2.4it/s 2.6s<43.9s
[K       2/20      4.99G      1.227      1.396      1.112        270       1024: 6% ╸─────────── 7/112 2.4it/s 3.1s<43.5s
[K       2/20      4.99G      1.248       1.38      1.125        117       1024: 7% ╸─────────── 8/112 2.6it/s 3.4s<40.7s
[K       2/20      4.99G      1.232      1.326      1.112        168       1024: 8% ╸─────────── 9/112 2.5it/s 3.8s<40.7s
[K       2/20      4.99G      1.224      1.343      1.118         60       1024: 8% ━─────────── 10/112 2.7it/s 4.2s<38.3s
[K       2/20      4.99G      1.205      1.295        1.1        269       1024: 9% ━─────────── 11/112 2.6it/s 4.6s<39.0s
[K       2/20      4.99G      1.204      1.275      1.106        124       1024: 10% ━─────────── 12/112 2.7it/s 4.9s<36.9s
[K       2/20      4.99G      1.186       1.25      1.099        158       1024: 11% ━─────────── 13/112 2.6it/s 5.3s<37.6s
[K       2/20      4.99G      1.181      1.229      1.103        103       1024: 12% ━─────────── 14/112 2.7it/s 5.7s<36.5s
[K       2/20      4.99G      1.182      1.243      1.107         76       1024: 13% ━╸────────── 15/112 2.6it/s 6.1s<36.8s
[K       2/20      4.99G      1.167      1.221      1.099        199       1024: 14% ━╸────────── 16/112 2.7it/s 6.4s<35.2s
[K       2/20      4.99G      1.167      1.213      1.099        130       1024: 15% ━╸────────── 17/112 2.6it/s 6.8s<35.9s
[K       2/20      4.99G      1.158      1.189      1.087        130       1024: 16% ━╸────────── 18/112 2.7it/s 7.2s<34.6s
[K       2/20      4.99G       1.17       1.21      1.101         26       1024: 16% ━━────────── 19/112 2.7it/s 7.5s<34.9s
[K       2/20      4.99G      1.166      1.201      1.103         86       1024: 17% ━━────────── 20/112 2.8it/s 7.9s<33.1s
[K       2/20      4.99G       1.16      1.204        1.1         47       1024: 18% ━━────────── 21/112 2.7it/s 8.3s<34.3s
[K       2/20      4.99G      1.157      1.207        1.1         61       1024: 19% ━━────────── 22/112 2.8it/s 8.6s<32.5s
[K       2/20      4.99G      1.159       1.21      1.105         37       1024: 20% ━━────────── 23/112 2.7it/s 9.0s<33.0s
[K       2/20      4.99G      1.156      1.205      1.109         80       1024: 21% ━━╸───────── 24/112 2.7it/s 9.4s<32.4s
[K       2/20      4.99G      1.153      1.197      1.106         95       1024: 22% ━━╸───────── 25/112 2.6it/s 9.8s<33.3s
[K       2/20      4.99G      1.155       1.19      1.104        199       1024: 23% ━━╸───────── 26/112 2.7it/s 10.2s<32.0s
[K       2/20      4.99G      1.146      1.182      1.102         83       1024: 24% ━━╸───────── 27/112 2.6it/s 10.6s<32.6s
[K       2/20      4.99G      1.137      1.174      1.096        109       1024: 25% ━━━───────── 28/112 2.7it/s 10.9s<30.9s
[K       2/20      4.99G      1.136      1.168      1.092        188       1024: 25% ━━━───────── 29/112 2.7it/s 11.3s<31.3s
[K       2/20      4.99G      1.136      1.161      1.088        163       1024: 26% ━━━───────── 30/112 2.7it/s 11.7s<30.2s
[K       2/20      4.99G      1.135      1.158      1.085        139       1024: 27% ━━━───────── 31/112 2.7it/s 12.1s<30.5s
[K       2/20      4.99G      1.134      1.152      1.084        199       1024: 28% ━━━───────── 32/112 2.7it/s 12.4s<29.4s
[K       2/20      4.99G      1.135      1.143      1.082        144       1024: 29% ━━━╸──────── 33/112 2.6it/s 12.8s<30.0s
[K       2/20      4.99G      1.135      1.138      1.083        118       1024: 30% ━━━╸──────── 34/112 2.7it/s 13.1s<28.5s
[K       2/20      4.99G      1.132      1.132       1.08        106       1024: 31% ━━━╸──────── 35/112 2.6it/s 13.6s<29.3s
[K       2/20      4.99G      1.126      1.123      1.076        171       1024: 32% ━━━╸──────── 36/112 2.7it/s 13.9s<27.7s
[K       2/20      4.99G      1.122      1.113      1.072        239       1024: 33% ━━━╸──────── 37/112 2.7it/s 14.3s<28.2s
[K       2/20      4.99G      1.118      1.101      1.068        205       1024: 33% ━━━━──────── 38/112 2.7it/s 14.7s<27.3s
[K       2/20      4.99G      1.117      1.093      1.065        172       1024: 34% ━━━━──────── 39/112 2.7it/s 15.1s<27.5s
[K       2/20      4.99G      1.111      1.087      1.063        131       1024: 35% ━━━━──────── 40/112 2.8it/s 15.4s<25.8s
[K       2/20      4.99G      1.104      1.085      1.061         39       1024: 36% ━━━━──────── 41/112 2.7it/s 15.8s<26.8s
[K       2/20      4.99G      1.119      1.112      1.077         34       1024: 37% ━━━━──────── 42/112 2.8it/s 16.1s<25.3s
[K       2/20      4.99G      1.119       1.11      1.077        116       1024: 38% ━━━━╸─────── 43/112 2.7it/s 16.6s<25.9s
[K       2/20      4.99G      1.125      1.112      1.079        109       1024: 39% ━━━━╸─────── 44/112 2.7it/s 16.9s<25.0s
[K       2/20      4.99G      1.118      1.106      1.075        104       1024: 40% ━━━━╸─────── 45/112 2.7it/s 17.3s<25.2s
[K       2/20      4.99G      1.117      1.101      1.074        120       1024: 41% ━━━━╸─────── 46/112 2.7it/s 17.6s<24.2s
[K       2/20      4.99G      1.116      1.097      1.073        192       1024: 41% ━━━━━─────── 47/112 2.7it/s 18.0s<24.4s
[K       2/20      4.99G      1.126      1.121      1.082         27       1024: 42% ━━━━━─────── 48/112 2.8it/s 18.4s<23.1s
[K       2/20      4.99G      1.126      1.116       1.08        232       1024: 43% ━━━━━─────── 49/112 2.6it/s 18.8s<23.8s
[K       2/20      4.99G      1.126      1.112      1.081        135       1024: 44% ━━━━━─────── 50/112 2.7it/s 19.1s<22.6s
[K       2/20      4.99G      1.125      1.107      1.079        177       1024: 45% ━━━━━─────── 51/112 2.7it/s 19.5s<22.8s
[K       2/20      4.99G      1.122      1.102      1.076        177       1024: 46% ━━━━━╸────── 52/112 2.7it/s 19.9s<22.4s
[K       2/20      4.99G      1.125      1.117      1.083         32       1024: 47% ━━━━━╸────── 53/112 2.6it/s 20.3s<22.3s
[K       2/20      4.99G      1.128      1.129       1.09         35       1024: 48% ━━━━━╸────── 54/112 2.7it/s 20.6s<21.1s
[K       2/20      4.99G      1.139       1.17      1.104         14       1024: 49% ━━━━━╸────── 55/112 2.6it/s 21.0s<21.6s
[K       2/20      4.99G      1.138      1.165      1.102        149       1024: 50% ━━━━━━────── 56/112 2.7it/s 21.4s<20.6s
[K       2/20      4.99G      1.136       1.16      1.101         60       1024: 50% ━━━━━━────── 57/112 2.7it/s 21.8s<20.7s
[K       2/20      4.99G      1.131      1.155        1.1         71       1024: 51% ━━━━━━────── 58/112 2.7it/s 22.1s<19.9s
[K       2/20      4.99G      1.128       1.15      1.096        146       1024: 52% ━━━━━━────── 59/112 2.7it/s 22.5s<20.0s
[K       2/20      4.99G      1.133      1.186      1.103          8       1024: 53% ━━━━━━────── 60/112 2.8it/s 22.9s<18.8s
[K       2/20      4.99G      1.132      1.184      1.103         42       1024: 54% ━━━━━━╸───── 61/112 2.7it/s 23.3s<19.2s
[K       2/20      4.99G      1.131      1.179        1.1        111       1024: 55% ━━━━━━╸───── 62/112 2.7it/s 23.6s<18.3s
[K       2/20      4.99G      1.129      1.176      1.098        113       1024: 56% ━━━━━━╸───── 63/112 2.7it/s 24.0s<18.4s
[K       2/20      4.99G      1.128      1.174      1.098         37       1024: 57% ━━━━━━╸───── 64/112 2.7it/s 24.4s<17.7s
[K       2/20      4.99G      1.124      1.169      1.096         80       1024: 58% ━━━━━━╸───── 65/112 2.7it/s 24.8s<17.7s
[K       2/20      4.99G      1.121      1.164      1.094        171       1024: 58% ━━━━━━━───── 66/112 2.7it/s 25.1s<16.8s
[K       2/20      4.99G      1.121      1.163      1.094         71       1024: 59% ━━━━━━━───── 67/112 2.6it/s 25.5s<17.0s
[K       2/20      4.99G      1.119      1.158      1.093        206       1024: 60% ━━━━━━━───── 68/112 2.7it/s 25.9s<16.4s
[K       2/20      4.99G      1.118      1.159      1.093         74       1024: 61% ━━━━━━━───── 69/112 2.6it/s 26.3s<16.3s
[K       2/20      4.99G       1.12      1.157      1.092        138       1024: 62% ━━━━━━━───── 70/112 2.7it/s 26.6s<15.4s
[K       2/20      4.99G      1.118      1.152       1.09        113       1024: 63% ━━━━━━━╸──── 71/112 2.7it/s 27.0s<15.3s
[K       2/20      4.99G      1.118      1.152      1.092         82       1024: 64% ━━━━━━━╸──── 72/112 2.8it/s 27.4s<14.5s
[K       2/20      4.99G      1.121      1.153      1.095         72       1024: 65% ━━━━━━━╸──── 73/112 2.7it/s 27.8s<14.6s
[K       2/20      4.99G      1.121      1.152      1.096        180       1024: 66% ━━━━━━━╸──── 74/112 2.8it/s 28.1s<13.8s
[K       2/20      4.99G      1.135      1.248      1.106          6       1024: 66% ━━━━━━━━──── 75/112 2.6it/s 28.6s<14.3s
[K       2/20      4.99G      1.134      1.243      1.104        128       1024: 67% ━━━━━━━━──── 76/112 2.7it/s 28.9s<13.4s
[K       2/20      4.99G      1.133       1.24      1.103        212       1024: 68% ━━━━━━━━──── 77/112 2.6it/s 29.3s<13.4s
[K       2/20      4.99G      1.137      1.244      1.108         72       1024: 69% ━━━━━━━━──── 78/112 2.7it/s 29.7s<12.7s
[K       2/20      4.99G      1.136      1.244      1.105        279       1024: 70% ━━━━━━━━──── 79/112 2.6it/s 30.1s<12.7s
[K       2/20      4.99G      1.139      1.245       1.11         33       1024: 71% ━━━━━━━━╸─── 80/112 2.7it/s 30.4s<11.8s
[K       2/20      4.99G      1.145      1.256      1.118         62       1024: 72% ━━━━━━━━╸─── 81/112 2.6it/s 30.8s<11.8s
[K       2/20      4.99G      1.143      1.251      1.115        160       1024: 73% ━━━━━━━━╸─── 82/112 2.7it/s 31.2s<11.2s
[K       2/20      4.99G      1.141      1.248      1.114        245       1024: 74% ━━━━━━━━╸─── 83/112 2.6it/s 31.6s<11.1s
[K       2/20      4.99G      1.138      1.243      1.113         83       1024: 75% ━━━━━━━━━─── 84/112 2.7it/s 31.9s<10.2s
[K       2/20      4.99G      1.138      1.242      1.114         77       1024: 75% ━━━━━━━━━─── 85/112 2.6it/s 32.3s<10.2s
[K       2/20      4.99G      1.148      1.248      1.117        177       1024: 76% ━━━━━━━━━─── 86/112 2.7it/s 32.7s<9.8s
[K       2/20      4.99G      1.147      1.249      1.118         70       1024: 77% ━━━━━━━━━─── 87/112 2.6it/s 33.1s<9.6s
[K       2/20      4.99G       1.15      1.285      1.129          7       1024: 78% ━━━━━━━━━─── 88/112 2.7it/s 33.5s<9.0s
[K       2/20      4.99G      1.153      1.296      1.132         30       1024: 79% ━━━━━━━━━╸── 89/112 2.6it/s 33.9s<8.9s
[K       2/20      4.99G      1.153      1.293      1.131         94       1024: 80% ━━━━━━━━━╸── 90/112 2.7it/s 34.2s<8.1s
[K       2/20      4.99G      1.157       1.29      1.131        129       1024: 81% ━━━━━━━━━╸── 91/112 2.6it/s 34.6s<8.0s
[K       2/20      4.99G      1.155      1.285      1.129        189       1024: 82% ━━━━━━━━━╸── 92/112 2.7it/s 35.0s<7.4s
[K       2/20      4.99G      1.157      1.286      1.129        130       1024: 83% ━━━━━━━━━╸── 93/112 2.6it/s 35.4s<7.4s
[K       2/20      4.99G       1.16      1.285      1.131         94       1024: 83% ━━━━━━━━━━── 94/112 2.6it/s 35.8s<6.9s
[K       2/20      4.99G      1.157      1.279      1.129        170       1024: 84% ━━━━━━━━━━── 95/112 2.5it/s 36.2s<6.8s
[K       2/20      4.99G      1.157      1.276      1.127        230       1024: 85% ━━━━━━━━━━── 96/112 2.6it/s 36.6s<6.2s
[K       2/20      4.99G      1.157      1.277      1.128         67       1024: 86% ━━━━━━━━━━── 97/112 2.5it/s 37.0s<6.0s
[K       2/20      4.99G      1.159      1.278       1.13         76       1024: 87% ━━━━━━━━━━── 98/112 2.6it/s 37.4s<5.4s
[K       2/20      4.99G      1.158      1.274      1.129        120       1024: 88% ━━━━━━━━━━╸─ 99/112 2.5it/s 37.8s<5.2s
[K       2/20      4.99G      1.159      1.272      1.129         94       1024: 89% ━━━━━━━━━━╸─ 100/112 2.6it/s 38.2s<4.6s
[K       2/20      4.99G      1.159      1.269      1.128        152       1024: 90% ━━━━━━━━━━╸─ 101/112 2.5it/s 38.6s<4.3s
[K       2/20      4.99G      1.158      1.268       1.13         58       1024: 91% ━━━━━━━━━━╸─ 102/112 2.6it/s 38.9s<3.8s
[K       2/20      4.99G      1.157      1.265      1.128        216       1024: 91% ━━━━━━━━━━━─ 103/112 2.6it/s 39.3s<3.5s
[K       2/20      4.99G      1.155       1.26      1.126        128       1024: 92% ━━━━━━━━━━━─ 104/112 2.6it/s 39.7s<3.1s
[K       2/20      4.99G      1.154      1.257      1.126         41       1024: 93% ━━━━━━━━━━━─ 105/112 2.6it/s 40.1s<2.7s
[K       2/20      4.99G      1.155      1.254      1.127         75       1024: 94% ━━━━━━━━━━━─ 106/112 2.7it/s 40.5s<2.2s
[K       2/20      4.99G      1.154       1.25      1.126        217       1024: 95% ━━━━━━━━━━━─ 107/112 2.6it/s 40.9s<1.9s
[K       2/20      4.99G      1.155      1.249      1.127        112       1024: 96% ━━━━━━━━━━━╸ 108/112 2.7it/s 41.2s<1.5s
[K       2/20      4.99G      1.153      1.245      1.126        147       1024: 97% ━━━━━━━━━━━╸ 109/112 2.6it/s 41.6s<1.1s
[K       2/20      4.99G      1.153      1.242      1.125        231       1024: 98% ━━━━━━━━━━━╸ 110/112 2.6it/s 42.0s<0.8s
[K       2/20      4.99G      1.154      1.248      1.126         40       1024: 99% ━━━━━━━━━━━╸ 111/112 2.6it/s 42.4s<0.4s
[K       2/20      4.99G      1.154      1.248      1.126         40       1024: 100% ━━━━━━━━━━━━ 112/112 2.6it/s 42.4s

[K                 Class     Images  Instances      Box(P          R      mAP50  mAP50-95): 50% ━━━━━━────── 1/2 3.9s/it 1.2s<3.9s
[K                 Class     Images  Instances      Box(P          R      mAP50  mAP50-95): 100% ━━━━━━━━━━━━ 2/2 1.7it/s 1.2s
                   all          9       1052      0.352      0.182      0.142     0.0779
[2026-09-28T12:35:38.848421+00:00] TRAIN baseline epoch 2/20: optimizer=168/1165, batches=112/112, loss=3.5272

      Epoch    GPU_mem   box_loss   cls_loss   dfl_loss  Instances       Size

[K       3/20      4.92G      1.282     0.8613     0.9777        199       1024: 0% ──────────── 0/112  0.3s
[K       3/20      4.92G      1.266     0.9736      1.139         80       1024: 0% ──────────── 1/112 1.2s/it 0.7s<2:18
[K       3/20      4.92G      1.262     0.9748      1.119        110       1024: 1% ──────────── 2/112 1.3it/s 1.1s<1:23
[K       3/20      4.92G      1.214     0.9471      1.097        120       1024: 2% ──────────── 3/112 1.7it/s 1.5s<1:04
[K       3/20      4.92G      1.209     0.9437      1.093        206       1024: 3% ──────────── 4/112 2.1it/s 1.8s<51.4s
[K       3/20      4.92G      1.139     0.9546      1.071         31       1024: 4% ╸─────────── 5/112 2.1it/s 2.3s<49.9s
[K       3/20      4.92G      1.177      1.053       1.13         42       1024: 5% ╸─────────── 6/112 2.4it/s 2.6s<43.7s
[K       3/20      4.92G      1.225      1.075      1.143        210       1024: 6% ╸─────────── 7/112 2.4it/s 3.0s<43.4s
[K       3/20      4.92G      1.203      1.046      1.124         78       1024: 7% ╸─────────── 8/112 2.5it/s 3.4s<41.6s
[K       3/20      4.92G      1.194       1.03      1.112        185       1024: 8% ╸─────────── 9/112 2.5it/s 3.8s<41.0s
[K       3/20      4.92G      1.187      1.006      1.094        364       1024: 8% ━─────────── 10/112 2.7it/s 4.1s<38.1s
[K       3/20      4.92G      1.177     0.9868      1.082        162       1024: 9% ━─────────── 11/112 2.6it/s 4.5s<39.3s
[K       3/20      4.92G      1.167      0.979      1.085        100       1024: 10% ━─────────── 12/112 2.7it/s 4.8s<36.7s
[K       3/20      4.92G      1.155     0.9727      1.084         97       1024: 11% ━─────────── 13/112 2.6it/s 5.3s<37.4s
[K       3/20      4.92G      1.145      0.954      1.072        211       1024: 12% ━─────────── 14/112 2.7it/s 5.6s<36.7s
[K       3/20      4.92G      1.135     0.9523      1.072         70       1024: 13% ━╸────────── 15/112 2.6it/s 6.0s<36.7s
[K       3/20      4.92G      1.141     0.9584      1.072        174       1024: 14% ━╸────────── 16/112 2.7it/s 6.3s<35.1s
[K       3/20      4.92G      1.134     0.9596       1.07         70       1024: 15% ━╸────────── 17/112 2.6it/s 6.8s<36.6s
[K       3/20      4.92G      1.126     0.9558      1.068        112       1024: 16% ━╸────────── 18/112 2.8it/s 7.1s<34.1s
[K       3/20      4.92G      1.123      0.958      1.064        178       1024: 16% ━━────────── 19/112 2.7it/s 7.5s<35.1s
[K       3/20      4.92G      1.127     0.9672      1.065        115       1024: 17% ━━────────── 20/112 2.7it/s 7.9s<33.7s
[K       3/20      4.92G      1.138     0.9618      1.064        116       1024: 18% ━━────────── 21/112 2.7it/s 8.3s<34.1s
[K       3/20      4.92G      1.133     0.9584      1.062        105       1024: 19% ━━────────── 22/112 2.7it/s 8.6s<32.8s
[K       3/20      4.92G      1.136     0.9634      1.067        103       1024: 20% ━━────────── 23/112 2.7it/s 9.0s<33.6s
[K       3/20      4.92G      1.156      1.042      1.081         18       1024: 21% ━━╸───────── 24/112 2.7it/s 9.4s<32.2s
[K       3/20      4.92G      1.156      1.034      1.079        184       1024: 22% ━━╸───────── 25/112 2.7it/s 9.8s<32.8s
[K       3/20      4.92G      1.153      1.027      1.076        115       1024: 23% ━━╸───────── 26/112 2.7it/s 10.1s<31.3s
[K       3/20      4.92G      1.154      1.019      1.074        122       1024: 24% ━━╸───────── 27/112 2.6it/s 10.5s<32.1s
[K       3/20      4.92G      1.157      1.022      1.076        121       1024: 25% ━━━───────── 28/112 2.8it/s 10.8s<30.3s
[K       3/20      4.92G      1.178      1.048      1.097         45       1024: 25% ━━━───────── 29/112 2.6it/s 11.3s<31.5s
[K       3/20      4.92G      1.171      1.042      1.094        168       1024: 26% ━━━───────── 30/112 2.7it/s 11.6s<30.4s
[K       3/20      4.92G      1.166      1.032      1.088        199       1024: 27% ━━━───────── 31/112 2.6it/s 12.0s<30.9s
[K       3/20      4.92G      1.166      1.037      1.093         62       1024: 28% ━━━───────── 32/112 2.7it/s 12.4s<29.3s
[K       3/20      4.92G      1.164      1.031       1.09        128       1024: 29% ━━━╸──────── 33/112 2.7it/s 12.8s<29.7s
[K       3/20      4.92G      1.158       1.03      1.092         58       1024: 30% ━━━╸──────── 34/112 2.8it/s 13.1s<28.1s
[K       3/20      4.92G      1.157      1.026       1.09         74       1024: 31% ━━━╸──────── 35/112 2.7it/s 13.5s<28.8s
[K       3/20      4.92G      1.159      1.034      1.097         51       1024: 32% ━━━╸──────── 36/112 2.7it/s 13.8s<27.7s
[K       3/20      4.92G      1.152      1.029      1.095         77       1024: 33% ━━━╸──────── 37/112 2.7it/s 14.2s<27.9s
[K       3/20      4.92G      1.152      1.029      1.094         82       1024: 33% ━━━━──────── 38/112 2.7it/s 14.6s<27.1s
[K       3/20      4.92G       1.16      1.032      1.097        278       1024: 34% ━━━━──────── 39/112 2.6it/s 15.0s<27.7s
[K       3/20      4.92G      1.158      1.027      1.094        180       1024: 35% ━━━━──────── 40/112 2.7it/s 15.3s<26.4s
[K       3/20      4.92G      1.166      1.044      1.104         28       1024: 36% ━━━━──────── 41/112 2.7it/s 15.7s<26.7s
[K       3/20      4.92G      1.172      1.046      1.105        260       1024: 37% ━━━━──────── 42/112 2.7it/s 16.1s<25.8s
[K       3/20      4.92G      1.171      1.052      1.104         50       1024: 38% ━━━━╸─────── 43/112 2.6it/s 16.5s<26.4s
[K       3/20      4.92G      1.172      1.054      1.107         85       1024: 39% ━━━━╸─────── 44/112 2.7it/s 16.9s<25.0s
[K       3/20      4.92G      1.168      1.048      1.106         97       1024: 40% ━━━━╸─────── 45/112 2.7it/s 17.2s<25.1s
[K       3/20      4.92G      1.169      1.049      1.108         67       1024: 41% ━━━━╸─────── 46/112 2.7it/s 17.6s<24.9s
[K       3/20      4.92G      1.168      1.053      1.109         50       1024: 41% ━━━━━─────── 47/112 2.6it/s 18.0s<25.1s
[K       3/20      4.92G      1.166      1.048       1.11         86       1024: 42% ━━━━━─────── 48/112 2.7it/s 18.4s<23.6s
[K       3/20      4.92G       1.16      1.043      1.108         83       1024: 43% ━━━━━─────── 49/112 2.6it/s 18.8s<24.2s
[K       3/20      4.92G      1.158      1.044      1.111         35       1024: 44% ━━━━━─────── 50/112 2.7it/s 19.1s<22.6s
[K       3/20      4.92G      1.152      1.049      1.111         52       1024: 45% ━━━━━─────── 51/112 2.7it/s 19.5s<22.7s
[K       3/20      4.92G       1.15      1.043      1.109        177       1024: 46% ━━━━━╸────── 52/112 2.7it/s 19.9s<22.3s
[K       3/20      4.92G      1.147      1.038      1.106        149       1024: 47% ━━━━━╸────── 53/112 2.6it/s 20.3s<22.6s
[K       3/20      4.92G      1.152      1.048      1.109        107       1024: 48% ━━━━━╸────── 54/112 2.7it/s 20.7s<21.7s
[K       3/20      4.92G      1.153      1.047       1.11        109       1024: 49% ━━━━━╸────── 55/112 2.6it/s 21.1s<22.2s
[K       3/20      4.92G      1.149      1.042      1.107        195       1024: 50% ━━━━━━────── 56/112 2.6it/s 21.5s<21.4s
[K       3/20      4.92G      1.146      1.037      1.105        200       1024: 50% ━━━━━━────── 57/112 2.6it/s 21.8s<21.1s
[K       3/20      4.92G      1.142      1.035      1.104         62       1024: 51% ━━━━━━────── 58/112 2.7it/s 22.2s<19.8s
[K       3/20      4.92G      1.141      1.033      1.103        109       1024: 52% ━━━━━━────── 59/112 2.7it/s 22.6s<19.9s
[K       3/20      4.92G      1.146      1.032      1.103        242       1024: 53% ━━━━━━────── 60/112 2.7it/s 22.9s<19.1s
[K       3/20      4.92G      1.145      1.029      1.101        155       1024: 54% ━━━━━━╸───── 61/112 2.7it/s 23.3s<19.2s
[K       3/20      4.92G      1.144      1.026        1.1        114       1024: 55% ━━━━━━╸───── 62/112 2.7it/s 23.7s<18.6s
[K       3/20      4.92G      1.144      1.024      1.101        107       1024: 56% ━━━━━━╸───── 63/112 2.6it/s 24.1s<18.7s
[K       3/20      4.92G      1.151       1.03      1.108         36       1024: 57% ━━━━━━╸───── 64/112 2.7it/s 24.4s<17.5s
[K       3/20      4.92G      1.154      1.032      1.112         77       1024: 58% ━━━━━━╸───── 65/112 2.6it/s 24.8s<17.8s
[K       3/20      4.92G      1.154      1.029      1.109        203       1024: 58% ━━━━━━━───── 66/112 2.7it/s 25.2s<16.8s
[K       3/20      4.92G      1.153      1.028      1.109        109       1024: 59% ━━━━━━━───── 67/112 2.7it/s 25.6s<16.8s
[K       3/20      4.92G      1.158      1.041      1.118         28       1024: 60% ━━━━━━━───── 68/112 2.8it/s 25.9s<15.9s
[K       3/20      4.92G      1.155       1.04      1.116         45       1024: 61% ━━━━━━━───── 69/112 2.7it/s 26.3s<16.2s
[K       3/20      4.92G      1.152      1.038      1.115        119       1024: 62% ━━━━━━━───── 70/112 2.8it/s 26.7s<15.3s
[K       3/20      4.92G      1.151      1.038      1.114        150       1024: 63% ━━━━━━━╸──── 71/112 2.7it/s 27.1s<15.4s
[K       3/20      4.92G       1.15      1.048      1.117         13       1024: 64% ━━━━━━━╸──── 72/112 2.8it/s 27.4s<14.4s
[K       3/20      4.92G      1.149       1.05      1.117         78       1024: 65% ━━━━━━━╸──── 73/112 2.7it/s 27.8s<14.5s
[K       3/20      4.92G       1.15      1.051      1.116        199       1024: 66% ━━━━━━━╸──── 74/112 2.7it/s 28.2s<14.0s
[K       3/20      4.92G      1.149      1.048      1.114        190       1024: 66% ━━━━━━━━──── 75/112 2.6it/s 28.6s<14.0s
[K       3/20      4.92G      1.151      1.047      1.113        118       1024: 67% ━━━━━━━━──── 76/112 2.7it/s 28.9s<13.3s
[K       3/20      4.92G      1.152      1.049      1.115         48       1024: 68% ━━━━━━━━──── 77/112 2.6it/s 29.3s<13.4s
[K       3/20      4.92G      1.157      1.064      1.123         19       1024: 69% ━━━━━━━━──── 78/112 2.7it/s 29.7s<12.4s
[K       3/20      4.92G      1.154      1.059       1.12        233       1024: 70% ━━━━━━━━──── 79/112 2.6it/s 30.1s<12.5s
[K       3/20      4.92G      1.153      1.057      1.118        134       1024: 71% ━━━━━━━━╸─── 80/112 2.7it/s 30.4s<11.8s
[K       3/20      4.92G      1.151      1.057      1.117         61       1024: 72% ━━━━━━━━╸─── 81/112 2.7it/s 30.8s<11.7s
[K       3/20      4.92G      1.149      1.054      1.116        190       1024: 73% ━━━━━━━━╸─── 82/112 2.7it/s 31.2s<11.0s
[K       3/20      4.92G      1.148      1.053      1.114        109       1024: 74% ━━━━━━━━╸─── 83/112 2.6it/s 31.6s<11.0s
[K       3/20      4.92G      1.151      1.072      1.119         24       1024: 75% ━━━━━━━━━─── 84/112 2.8it/s 31.9s<10.1s
[K       3/20      4.92G      1.148      1.071      1.118        217       1024: 75% ━━━━━━━━━─── 85/112 2.7it/s 32.3s<10.1s
[K       3/20      4.92G      1.159        1.1       1.13          6       1024: 76% ━━━━━━━━━─── 86/112 2.8it/s 32.6s<9.4s
[K       3/20      4.92G      1.159      1.099       1.13         72       1024: 77% ━━━━━━━━━─── 87/112 2.7it/s 33.0s<9.3s
[K       3/20      4.92G      1.159      1.098      1.129        245       1024: 78% ━━━━━━━━━─── 88/112 2.7it/s 33.4s<8.8s
[K       3/20      4.92G      1.162      1.097      1.129        160       1024: 79% ━━━━━━━━━╸── 89/112 2.6it/s 33.8s<8.7s
[K       3/20      4.92G       1.16      1.094      1.126        162       1024: 80% ━━━━━━━━━╸── 90/112 2.8it/s 34.1s<8.0s
[K       3/20      4.92G       1.16      1.093      1.127         55       1024: 81% ━━━━━━━━━╸── 91/112 2.6it/s 34.6s<7.9s
[K       3/20      4.92G       1.16       1.09      1.128         62       1024: 82% ━━━━━━━━━╸── 92/112 2.8it/s 34.9s<7.3s
[K       3/20      4.92G      1.162      1.089      1.128        126       1024: 83% ━━━━━━━━━╸── 93/112 2.7it/s 35.3s<7.1s
[K       3/20      4.92G      1.158      1.084      1.125        224       1024: 83% ━━━━━━━━━━── 94/112 2.7it/s 35.6s<6.6s
[K       3/20      4.92G      1.156      1.081      1.123        137       1024: 84% ━━━━━━━━━━── 95/112 2.7it/s 36.0s<6.4s
[K       3/20      4.92G      1.154      1.078      1.121        312       1024: 85% ━━━━━━━━━━── 96/112 2.8it/s 36.4s<5.8s
[K       3/20      4.92G      1.151      1.077       1.12         79       1024: 86% ━━━━━━━━━━── 97/112 2.6it/s 36.8s<5.7s
[K       3/20      4.92G       1.15      1.074       1.12        130       1024: 87% ━━━━━━━━━━── 98/112 2.8it/s 37.1s<5.1s
[K       3/20      4.92G       1.15      1.073      1.121        147       1024: 88% ━━━━━━━━━━╸─ 99/112 2.7it/s 37.5s<4.9s
[K       3/20      4.92G       1.15      1.072      1.121        134       1024: 89% ━━━━━━━━━━╸─ 100/112 2.7it/s 37.9s<4.4s
[K       3/20      4.92G      1.148      1.069      1.118        140       1024: 90% ━━━━━━━━━━╸─ 101/112 2.6it/s 38.3s<4.2s
[K       3/20      4.92G      1.146      1.066      1.117         99       1024: 91% ━━━━━━━━━━╸─ 102/112 2.7it/s 38.7s<3.8s
[K       3/20      4.92G      1.145      1.069      1.117         70       1024: 91% ━━━━━━━━━━━─ 103/112 2.6it/s 39.1s<3.5s
[K       3/20      4.92G      1.147      1.072       1.12         54       1024: 92% ━━━━━━━━━━━─ 104/112 2.7it/s 39.4s<3.0s
[K       3/20      4.92G      1.147      1.071      1.119         87       1024: 93% ━━━━━━━━━━━─ 105/112 2.6it/s 39.8s<2.7s
[K       3/20      4.92G      1.144       1.07      1.118         37       1024: 94% ━━━━━━━━━━━─ 106/112 2.7it/s 40.2s<2.3s
[K       3/20      4.92G      1.141      1.067      1.116        161       1024: 95% ━━━━━━━━━━━─ 107/112 2.6it/s 40.6s<1.9s
[K       3/20      4.92G       1.14      1.065      1.116        141       1024: 96% ━━━━━━━━━━━╸ 108/112 2.7it/s 40.9s<1.5s
[K       3/20      4.92G      1.139      1.066      1.115         43       1024: 97% ━━━━━━━━━━━╸ 109/112 2.6it/s 41.3s<1.1s
[K       3/20      4.92G      1.138      1.063      1.114        159       1024: 98% ━━━━━━━━━━━╸ 110/112 2.7it/s 41.7s<0.7s
[K       3/20      4.92G      1.139      1.065      1.116         76       1024: 99% ━━━━━━━━━━━╸ 111/112 2.7it/s 42.1s<0.4s
[K       3/20      4.92G      1.139      1.065      1.116         76       1024: 100% ━━━━━━━━━━━━ 112/112 2.7it/s 42.1s

[K                 Class     Images  Instances      Box(P          R      mAP50  mAP50-95): 50% ━━━━━━────── 1/2 3.5s/it 1.0s<3.5s
[K                 Class     Images  Instances      Box(P          R      mAP50  mAP50-95): 100% ━━━━━━━━━━━━ 2/2 1.9it/s 1.1s
                   all          9       1052      0.254      0.157      0.124     0.0749
[2026-09-28T12:36:22.758278+00:00] TRAIN baseline epoch 3/20: optimizer=224/1165, batches=112/112, loss=3.3204

      Epoch    GPU_mem   box_loss   cls_loss   dfl_loss  Instances       Size

[K       4/20      4.95G     0.9536     0.8218      1.018         35       1024: 0% ──────────── 0/112  0.3s
[K       4/20      4.95G      0.926     0.7138     0.9382        287       1024: 0% ──────────── 1/112 1.3s/it 0.7s<2:28
[K       4/20      4.95G     0.9545     0.7073     0.9398        218       1024: 1% ──────────── 2/112 1.3it/s 1.1s<1:28
[K       4/20      4.95G     0.9566     0.6898     0.9296        259       1024: 2% ──────────── 3/112 1.6it/s 1.5s<1:06
[K       4/20      4.95G     0.9617     0.7379     0.9552         59       1024: 3% ──────────── 4/112 2.0it/s 1.9s<52.7s
[K       4/20      4.95G     0.9659     0.7456     0.9544        217       1024: 4% ╸─────────── 5/112 2.1it/s 2.3s<49.8s
[K       4/20      4.95G     0.9388     0.7333     0.9572         72       1024: 5% ╸─────────── 6/112 2.4it/s 2.6s<43.5s
[K       4/20      4.95G     0.9487     0.7442     0.9645        148       1024: 6% ╸─────────── 7/112 2.4it/s 3.0s<43.4s
[K       4/20      4.95G     0.9308     0.7458     0.9669         74       1024: 7% ╸─────────── 8/112 2.6it/s 3.4s<40.7s
[K       4/20      4.95G     0.9397     0.7401     0.9676        152       1024: 8% ╸─────────── 9/112 2.5it/s 3.8s<41.3s
[K       4/20      4.95G      0.925     0.7362     0.9715         88       1024: 8% ━─────────── 10/112 2.6it/s 4.2s<39.3s
[K       4/20      4.95G     0.9245     0.7441     0.9727         99       1024: 9% ━─────────── 11/112 2.5it/s 4.6s<40.4s
[K       4/20      4.95G     0.9152     0.7351     0.9659        191       1024: 10% ━─────────── 12/112 2.7it/s 4.9s<37.6s
[K       4/20      4.95G     0.9269     0.7438     0.9826         91       1024: 11% ━─────────── 13/112 2.6it/s 5.3s<37.9s
[K       4/20      4.95G     0.9359     0.7637     0.9849        111       1024: 12% ━─────────── 14/112 2.7it/s 5.7s<36.5s
[K       4/20      4.95G     0.9547     0.7824          1        134       1024: 13% ━╸────────── 15/112 2.6it/s 6.1s<36.9s
[K       4/20      4.95G     0.9707     0.7967      1.019        117       1024: 14% ━╸────────── 16/112 2.7it/s 6.4s<35.2s
[K       4/20      4.95G     0.9665     0.7909      1.018        174       1024: 15% ━╸────────── 17/112 2.6it/s 6.8s<36.0s
[K       4/20      4.95G      1.028     0.8945       1.08         23       1024: 16% ━╸────────── 18/112 2.7it/s 7.2s<34.3s
[K       4/20      4.95G      1.024     0.8836      1.076        241       1024: 16% ━━────────── 19/112 2.7it/s 7.6s<35.0s
[K       4/20      4.95G      1.023     0.8758      1.069        126       1024: 17% ━━────────── 20/112 2.8it/s 7.9s<33.3s
[K       4/20      4.95G      1.016     0.8606      1.063        160       1024: 18% ━━────────── 21/112 2.6it/s 8.3s<34.5s
[K       4/20      4.95G      1.023     0.8608      1.063        173       1024: 19% ━━────────── 22/112 2.7it/s 8.7s<33.2s
[K       4/20      4.95G      1.027     0.8654      1.066         74       1024: 20% ━━────────── 23/112 2.6it/s 9.1s<33.6s
[K       4/20      4.95G       1.03     0.8599      1.064        178       1024: 21% ━━╸───────── 24/112 2.7it/s 9.4s<32.3s
[K       4/20      4.95G      1.033     0.8543      1.065        123       1024: 22% ━━╸───────── 25/112 2.6it/s 9.8s<33.0s
[K       4/20      4.95G      1.041     0.8708      1.072        118       1024: 23% ━━╸───────── 26/112 2.8it/s 10.2s<31.1s
[K       4/20      4.95G      1.041     0.8755      1.073         84       1024: 24% ━━╸───────── 27/112 2.7it/s 10.6s<31.6s
[K       4/20      4.95G      1.037     0.8658      1.068        241       1024: 25% ━━━───────── 28/112 2.7it/s 10.9s<31.1s
[K       4/20      4.95G      1.039     0.8686      1.069         87       1024: 25% ━━━───────── 29/112 2.6it/s 11.3s<31.4s
[K       4/20      4.95G       1.05     0.8754      1.071        262       1024: 26% ━━━───────── 30/112 2.7it/s 11.7s<30.2s
[K       4/20      4.95G      1.055     0.8729      1.071        188       1024: 27% ━━━───────── 31/112 2.6it/s 12.1s<30.8s
[K       4/20      4.95G      1.054     0.8707      1.068        199       1024: 28% ━━━───────── 32/112 2.7it/s 12.4s<29.3s
[K       4/20      4.95G      1.055     0.8684      1.067         87       1024: 29% ━━━╸──────── 33/112 2.7it/s 12.8s<29.6s
[K       4/20      4.95G      1.063     0.8743      1.072         30       1024: 30% ━━━╸──────── 34/112 2.8it/s 13.2s<28.3s
[K       4/20      4.95G      1.064     0.8702       1.07        103       1024: 31% ━━━╸──────── 35/112 2.6it/s 13.6s<29.1s
[K       4/20      4.95G      1.061     0.8703      1.069         41       1024: 32% ━━━╸──────── 36/112 2.7it/s 13.9s<27.7s
[K       4/20      4.95G      1.065     0.8687      1.073        114       1024: 33% ━━━╸──────── 37/112 2.7it/s 14.3s<28.2s
[K       4/20      4.95G      1.071     0.8728      1.075         83       1024: 33% ━━━━──────── 38/112 2.7it/s 14.7s<27.2s
[K       4/20      4.95G      1.068     0.8721      1.074         47       1024: 34% ━━━━──────── 39/112 2.7it/s 15.1s<27.3s
[K       4/20      4.95G      1.068     0.8737      1.074         93       1024: 35% ━━━━──────── 40/112 2.8it/s 15.4s<26.1s
[K       4/20      4.95G       1.06     0.8677      1.071        101       1024: 36% ━━━━──────── 41/112 2.7it/s 15.8s<26.6s
[K       4/20      4.95G      1.055     0.8656      1.069        117       1024: 37% ━━━━──────── 42/112 2.7it/s 16.1s<25.5s
[K       4/20      4.95G      1.053      0.862      1.066        277       1024: 38% ━━━━╸─────── 43/112 2.7it/s 16.5s<25.8s
[K       4/20      4.95G      1.052     0.8667      1.065         76       1024: 39% ━━━━╸─────── 44/112 2.7it/s 16.9s<24.8s
[K       4/20      4.95G       1.05     0.8644      1.064         60       1024: 40% ━━━━╸─────── 45/112 2.7it/s 17.3s<25.2s
[K       4/20      4.95G      1.049     0.8632      1.065        114       1024: 41% ━━━━╸─────── 46/112 2.7it/s 17.6s<24.1s
[K       4/20      4.95G      1.047     0.8608      1.062        204       1024: 41% ━━━━━─────── 47/112 2.7it/s 18.0s<24.4s
[K       4/20      4.95G      1.044     0.8595      1.062         47       1024: 42% ━━━━━─────── 48/112 2.8it/s 18.4s<23.2s
[K       4/20      4.95G      1.043      0.857       1.06         69       1024: 43% ━━━━━─────── 49/112 2.7it/s 18.8s<23.3s
[K       4/20      4.95G      1.041     0.8524      1.058        213       1024: 44% ━━━━━─────── 50/112 2.7it/s 19.1s<22.7s
[K       4/20      4.95G      1.039     0.8482      1.056        191       1024: 45% ━━━━━─────── 51/112 2.6it/s 19.5s<23.0s
[K       4/20      4.95G      1.036     0.8444      1.054        162       1024: 46% ━━━━━╸────── 52/112 2.8it/s 19.9s<21.8s
[K       4/20      4.95G      1.041     0.8448      1.055        147       1024: 47% ━━━━━╸────── 53/112 2.7it/s 20.3s<22.2s
[K       4/20      4.95G      1.041     0.8441      1.055        155       1024: 48% ━━━━━╸────── 54/112 2.7it/s 20.6s<21.3s
[K       4/20      4.95G      1.038     0.8402      1.052        289       1024: 49% ━━━━━╸────── 55/112 2.6it/s 21.0s<21.6s
[K       4/20      4.95G      1.036     0.8371      1.051        177       1024: 50% ━━━━━━────── 56/112 2.7it/s 21.4s<20.5s
[K       4/20      4.95G      1.045     0.8543      1.056         85       1024: 50% ━━━━━━────── 57/112 2.6it/s 21.8s<20.8s
[K       4/20      4.95G      1.042     0.8535      1.057         68       1024: 51% ━━━━━━────── 58/112 2.8it/s 22.1s<19.5s
[K       4/20      4.95G      1.043     0.8535      1.058         64       1024: 52% ━━━━━━────── 59/112 2.7it/s 22.5s<19.9s
[K       4/20      4.95G      1.038     0.8489      1.056        182       1024: 53% ━━━━━━────── 60/112 2.7it/s 22.9s<19.2s
[K       4/20      4.95G      1.038     0.8509      1.058         61       1024: 54% ━━━━━━╸───── 61/112 2.6it/s 23.3s<19.3s
[K       4/20      4.95G      1.036      0.851      1.059         55       1024: 55% ━━━━━━╸───── 62/112 2.7it/s 23.6s<18.2s
[K       4/20      4.95G      1.033      0.846      1.056        234       1024: 56% ━━━━━━╸───── 63/112 2.7it/s 24.0s<18.4s
[K       4/20      4.95G      1.037     0.8466      1.056        184       1024: 57% ━━━━━━╸───── 64/112 2.7it/s 24.4s<17.5s
[K       4/20      4.95G      1.036     0.8458      1.055         82       1024: 58% ━━━━━━╸───── 65/112 2.7it/s 24.8s<17.7s
[K       4/20      4.95G      1.033     0.8431      1.054         65       1024: 58% ━━━━━━━───── 66/112 2.7it/s 25.1s<16.8s
[K       4/20      4.95G      1.031     0.8406      1.053         88       1024: 59% ━━━━━━━───── 67/112 2.7it/s 25.5s<16.9s
[K       4/20      4.95G      1.027     0.8395      1.052         82       1024: 60% ━━━━━━━───── 68/112 2.8it/s 25.8s<15.8s
[K       4/20      4.95G      1.026     0.8369      1.051        151       1024: 61% ━━━━━━━───── 69/112 2.7it/s 26.2s<16.1s
[K       4/20      4.95G      1.024     0.8348       1.05        121       1024: 62% ━━━━━━━───── 70/112 2.8it/s 26.6s<15.2s
[K       4/20      4.95G      1.019     0.8326      1.048         40       1024: 63% ━━━━━━━╸──── 71/112 2.7it/s 27.0s<15.1s
[K       4/20      4.95G      1.025     0.8397      1.055         44       1024: 64% ━━━━━━━╸──── 72/112 2.8it/s 27.3s<14.5s
[K       4/20      4.95G      1.022     0.8361      1.053        132       1024: 65% ━━━━━━━╸──── 73/112 2.7it/s 27.7s<14.7s
[K       4/20      4.95G      1.019     0.8355      1.053         44       1024: 66% ━━━━━━━╸──── 74/112 2.8it/s 28.1s<13.7s
[K       4/20      4.95G      1.018     0.8328      1.052         50       1024: 66% ━━━━━━━━──── 75/112 2.7it/s 28.5s<13.8s
[K       4/20      4.95G      1.018      0.832      1.053        149       1024: 67% ━━━━━━━━──── 76/112 2.8it/s 28.8s<13.0s
[K       4/20      4.95G      1.016     0.8313      1.053         68       1024: 68% ━━━━━━━━──── 77/112 2.7it/s 29.2s<13.0s
[K       4/20      4.95G       1.02     0.8361      1.058         39       1024: 69% ━━━━━━━━──── 78/112 2.8it/s 29.5s<12.2s
[K       4/20      4.95G      1.024     0.8367      1.063         67       1024: 70% ━━━━━━━━──── 79/112 2.7it/s 30.0s<12.4s
[K       4/20      4.95G      1.026     0.8421      1.066         41       1024: 71% ━━━━━━━━╸─── 80/112 2.8it/s 30.3s<11.6s
[K       4/20      4.95G      1.025     0.8402      1.064        206       1024: 72% ━━━━━━━━╸─── 81/112 2.7it/s 30.7s<11.6s
[K       4/20      4.95G      1.021     0.8366      1.062         68       1024: 73% ━━━━━━━━╸─── 82/112 2.7it/s 31.0s<11.0s
[K       4/20      4.95G       1.02     0.8366      1.062         90       1024: 74% ━━━━━━━━╸─── 83/112 2.7it/s 31.4s<10.9s
[K       4/20      4.95G      1.024     0.8448      1.068         22       1024: 75% ━━━━━━━━━─── 84/112 2.8it/s 31.8s<10.1s
[K       4/20      4.95G      1.024     0.8439      1.068        101       1024: 75% ━━━━━━━━━─── 85/112 2.6it/s 32.2s<10.2s
[K       4/20      4.95G      1.024     0.8431      1.067         92       1024: 76% ━━━━━━━━━─── 86/112 2.7it/s 32.5s<9.5s
[K       4/20      4.95G      1.027     0.8519      1.072         12       1024: 77% ━━━━━━━━━─── 87/112 2.7it/s 32.9s<9.3s
[K       4/20      4.95G       1.03     0.8532      1.075         74       1024: 78% ━━━━━━━━━─── 88/112 2.7it/s 33.3s<8.9s
[K       4/20      4.95G      1.031     0.8564      1.076        103       1024: 79% ━━━━━━━━━╸── 89/112 2.6it/s 33.7s<8.7s
[K       4/20      4.95G      1.032     0.8562      1.075         61       1024: 80% ━━━━━━━━━╸── 90/112 2.7it/s 34.0s<8.1s
[K       4/20      4.95G      1.035     0.8593      1.078         71       1024: 81% ━━━━━━━━━╸── 91/112 2.6it/s 34.4s<8.0s
[K       4/20      4.95G      1.034     0.8571      1.076        251       1024: 82% ━━━━━━━━━╸── 92/112 2.7it/s 34.8s<7.3s
[K       4/20      4.95G      1.035      0.858      1.077         74       1024: 83% ━━━━━━━━━╸── 93/112 2.7it/s 35.2s<7.2s
[K       4/20      4.95G      1.034      0.856      1.076        130       1024: 83% ━━━━━━━━━━── 94/112 2.8it/s 35.5s<6.5s
[K       4/20      4.95G      1.034     0.8544      1.076        102       1024: 84% ━━━━━━━━━━── 95/112 2.6it/s 36.0s<6.5s
[K       4/20      4.95G      1.035     0.8556      1.076        162       1024: 85% ━━━━━━━━━━── 96/112 2.7it/s 36.3s<5.9s
[K       4/20      4.95G      1.034     0.8546      1.075        148       1024: 86% ━━━━━━━━━━── 97/112 2.6it/s 36.7s<5.7s
[K       4/20      4.95G      1.032     0.8513      1.073        296       1024: 87% ━━━━━━━━━━── 98/112 2.7it/s 37.1s<5.2s
[K       4/20      4.95G      1.033     0.8585      1.074         28       1024: 88% ━━━━━━━━━━╸─ 99/112 2.6it/s 37.5s<5.0s
[K       4/20      4.95G      1.033      0.857      1.073        141       1024: 89% ━━━━━━━━━━╸─ 100/112 2.7it/s 37.8s<4.5s
[K       4/20      4.95G      1.036     0.8577      1.074         89       1024: 90% ━━━━━━━━━━╸─ 101/112 2.6it/s 38.3s<4.3s
[K       4/20      4.95G      1.034     0.8566      1.073         80       1024: 91% ━━━━━━━━━━╸─ 102/112 2.6it/s 38.6s<3.8s
[K       4/20      4.95G      1.035     0.8574      1.073        132       1024: 91% ━━━━━━━━━━━─ 103/112 2.6it/s 39.0s<3.5s
[K       4/20      4.95G      1.037     0.8592      1.076         35       1024: 92% ━━━━━━━━━━━─ 104/112 2.6it/s 39.4s<3.0s
[K       4/20      4.95G      1.038     0.8593      1.076         70       1024: 93% ━━━━━━━━━━━─ 105/112 2.6it/s 39.8s<2.7s
[K       4/20      4.95G      1.037     0.8601      1.075         45       1024: 94% ━━━━━━━━━━━─ 106/112 2.7it/s 40.1s<2.2s
[K       4/20      4.95G      1.034     0.8579      1.074        135       1024: 95% ━━━━━━━━━━━─ 107/112 2.6it/s 40.5s<1.9s
[K       4/20      4.95G      1.034     0.8562      1.074        125       1024: 96% ━━━━━━━━━━━╸ 108/112 2.7it/s 40.9s<1.5s
[K       4/20      4.95G      1.032     0.8538      1.072        184       1024: 97% ━━━━━━━━━━━╸ 109/112 2.7it/s 41.3s<1.1s
[K       4/20      4.95G      1.031     0.8527      1.071        127       1024: 98% ━━━━━━━━━━━╸ 110/112 2.7it/s 41.6s<0.7s
[K       4/20      4.95G      1.031     0.8515       1.07        261       1024: 99% ━━━━━━━━━━━╸ 111/112 2.6it/s 42.0s<0.4s
[K       4/20      4.95G      1.031     0.8515       1.07        261       1024: 100% ━━━━━━━━━━━━ 112/112 2.7it/s 42.0s

[K                 Class     Images  Instances      Box(P          R      mAP50  mAP50-95): 50% ━━━━━━────── 1/2 3.4s/it 1.0s<3.4s
[K                 Class     Images  Instances      Box(P          R      mAP50  mAP50-95): 100% ━━━━━━━━━━━━ 2/2 1.9it/s 1.1s
                   all          9       1052      0.577      0.191      0.204      0.126
[2026-09-28T12:37:06.830227+00:00] TRAIN baseline epoch 4/20: optimizer=280/1165, batches=112/112, loss=2.9527

      Epoch    GPU_mem   box_loss   cls_loss   dfl_loss  Instances       Size

[K       5/20      4.92G       1.02      0.699     0.9885        190       1024: 0% ──────────── 0/112  0.3s
[K       5/20      4.92G      1.304      1.137      1.319         32       1024: 0% ──────────── 1/112 1.3s/it 0.7s<2:22
[K       5/20      4.92G      1.206     0.9533      1.226        175       1024: 1% ──────────── 2/112 1.3it/s 1.1s<1:24
[K       5/20      4.92G      1.154     0.9136      1.176        138       1024: 2% ──────────── 3/112 1.7it/s 1.5s<1:04
[K       5/20      4.92G      1.103      0.863      1.141        123       1024: 3% ──────────── 4/112 2.1it/s 1.8s<50.9s
[K       5/20      4.92G       1.12     0.8874      1.147         87       1024: 4% ╸─────────── 5/112 2.1it/s 2.3s<50.0s
[K       5/20      4.92G      1.121     0.8635      1.126        163       1024: 5% ╸─────────── 6/112 2.4it/s 2.6s<44.1s
[K       5/20      4.92G      1.132      0.848      1.117        175       1024: 6% ╸─────────── 7/112 2.4it/s 3.0s<43.3s
[K       5/20      4.92G      1.145     0.8604      1.144         39       1024: 7% ╸─────────── 8/112 2.5it/s 3.4s<41.1s
[K       5/20      4.92G      1.109     0.8256      1.113        288       1024: 8% ╸─────────── 9/112 2.5it/s 3.8s<41.1s
[K       5/20      4.92G      1.096     0.8195       1.11        124       1024: 8% ━─────────── 10/112 2.6it/s 4.1s<38.5s
[K       5/20      4.92G      1.096     0.8272       1.11        107       1024: 9% ━─────────── 11/112 2.6it/s 4.5s<38.7s
[K       5/20      4.92G      1.084     0.8304        1.1        124       1024: 10% ━─────────── 12/112 2.7it/s 4.9s<37.0s
[K       5/20      4.92G      1.103     0.9128      1.143         27       1024: 11% ━─────────── 13/112 2.6it/s 5.3s<37.7s
[K       5/20      4.92G      1.134     0.9876      1.189         14       1024: 12% ━─────────── 14/112 2.7it/s 5.6s<35.7s
[K       5/20      4.92G      1.113     0.9611      1.168        175       1024: 13% ━╸────────── 15/112 2.7it/s 6.0s<36.6s
[K       5/20      4.92G      1.095     0.9447      1.156        118       1024: 14% ━╸────────── 16/112 2.7it/s 6.4s<35.3s
[K       5/20      4.92G      1.085     0.9281      1.144        176       1024: 15% ━╸────────── 17/112 2.7it/s 6.7s<35.7s
[K       5/20      4.92G      1.103     0.9757      1.164         19       1024: 16% ━╸────────── 18/112 2.8it/s 7.1s<34.2s
[K       5/20      4.92G      1.107     0.9727      1.159         92       1024: 16% ━━────────── 19/112 2.6it/s 7.5s<35.1s
[K       5/20      4.92G      1.096     0.9562       1.15         84       1024: 17% ━━────────── 20/112 2.8it/s 7.8s<33.2s
[K       5/20      4.92G      1.085      0.941      1.139        188       1024: 18% ━━────────── 21/112 2.6it/s 8.3s<34.4s
[K       5/20      4.92G      1.078     0.9325      1.132         85       1024: 19% ━━────────── 22/112 2.7it/s 8.6s<33.1s
[K       5/20      4.92G      1.093     0.9312      1.129        134       1024: 20% ━━────────── 23/112 2.7it/s 9.0s<33.6s
[K       5/20      4.92G      1.095     0.9333      1.129         42       1024: 21% ━━╸───────── 24/112 2.8it/s 9.3s<31.9s
[K       5/20      4.92G      1.092     0.9346      1.126        108       1024: 22% ━━╸───────── 25/112 2.6it/s 9.8s<33.0s
[K       5/20      4.92G      1.094     0.9355      1.128         58       1024: 23% ━━╸───────── 26/112 2.8it/s 10.1s<31.2s
[K       5/20      4.92G      1.092     0.9283      1.124        117       1024: 24% ━━╸───────── 27/112 2.7it/s 10.5s<31.7s
[K       5/20      4.92G      1.085     0.9157      1.115        274       1024: 25% ━━━───────── 28/112 2.7it/s 10.9s<31.2s
[K       5/20      4.92G      1.096     0.9743      1.129          8       1024: 25% ━━━───────── 29/112 2.7it/s 11.2s<31.3s
[K       5/20      4.92G      1.089     0.9637      1.125        159       1024: 26% ━━━───────── 30/112 2.8it/s 11.6s<29.8s
[K       5/20      4.92G      1.096     0.9792      1.137         32       1024: 27% ━━━───────── 31/112 2.7it/s 12.0s<30.3s
[K       5/20      4.92G        1.1     0.9827      1.144         51       1024: 28% ━━━───────── 32/112 2.7it/s 12.3s<29.2s
[K       5/20      4.92G      1.097     0.9798      1.143         74       1024: 29% ━━━╸──────── 33/112 2.7it/s 12.7s<29.8s
[K       5/20      4.92G      1.094     0.9769      1.141        143       1024: 30% ━━━╸──────── 34/112 2.8it/s 13.1s<28.0s
[K       5/20      4.92G      1.091     0.9741      1.142         47       1024: 31% ━━━╸──────── 35/112 2.6it/s 13.5s<29.1s
[K       5/20      4.92G      1.087     0.9678      1.137        228       1024: 32% ━━━╸──────── 36/112 2.7it/s 13.8s<28.3s
[K       5/20      4.92G      1.082     0.9614      1.134        119       1024: 33% ━━━╸──────── 37/112 2.6it/s 14.3s<28.8s
[K       5/20      4.92G      1.073     0.9539      1.129         87       1024: 33% ━━━━──────── 38/112 2.7it/s 14.6s<27.5s
[K       5/20      4.92G       1.07      0.945      1.124        111       1024: 34% ━━━━──────── 39/112 2.6it/s 15.0s<28.0s
[K       5/20      4.92G       1.07     0.9396      1.121        173       1024: 35% ━━━━──────── 40/112 2.7it/s 15.4s<26.5s
[K       5/20      4.92G      1.067     0.9354      1.119         91       1024: 36% ━━━━──────── 41/112 2.6it/s 15.8s<26.9s
[K       5/20      4.92G      1.063     0.9291      1.117        135       1024: 37% ━━━━──────── 42/112 2.7it/s 16.1s<25.6s
[K       5/20      4.92G      1.062     0.9288      1.116         97       1024: 38% ━━━━╸─────── 43/112 2.7it/s 16.5s<25.9s
[K       5/20      4.92G      1.058     0.9229      1.111        181       1024: 39% ━━━━╸─────── 44/112 2.7it/s 16.9s<25.2s
[K       5/20      4.92G      1.058     0.9193       1.11         87       1024: 40% ━━━━╸─────── 45/112 2.6it/s 17.3s<25.4s
[K       5/20      4.92G      1.058     0.9213       1.11         75       1024: 41% ━━━━╸─────── 46/112 2.8it/s 17.6s<24.0s
[K       5/20      4.92G      1.055      0.915      1.105        169       1024: 41% ━━━━━─────── 47/112 2.7it/s 18.0s<24.5s
[K       5/20      4.92G      1.057     0.9311      1.109         28       1024: 42% ━━━━━─────── 48/112 2.8it/s 18.3s<23.2s
[K       5/20      4.92G      1.054     0.9248      1.106        150       1024: 43% ━━━━━─────── 49/112 2.7it/s 18.7s<23.4s
[K       5/20      4.92G      1.054     0.9236      1.107        123       1024: 44% ━━━━━─────── 50/112 2.7it/s 19.1s<22.8s
[K       5/20      4.92G      1.052     0.9187      1.103        144       1024: 45% ━━━━━─────── 51/112 2.6it/s 19.5s<23.1s
[K       5/20      4.92G       1.05     0.9158      1.101        112       1024: 46% ━━━━━╸────── 52/112 2.7it/s 19.8s<21.9s
[K       5/20      4.92G      1.049     0.9119      1.098        282       1024: 47% ━━━━━╸────── 53/112 2.6it/s 20.3s<22.5s
[K       5/20      4.92G      1.052     0.9123      1.098         59       1024: 48% ━━━━━╸────── 54/112 2.7it/s 20.6s<21.5s
[K       5/20      4.92G      1.047     0.9088      1.094        127       1024: 49% ━━━━━╸────── 55/112 2.6it/s 21.0s<21.6s
[K       5/20      4.92G      1.045     0.9045      1.091        148       1024: 50% ━━━━━━────── 56/112 2.7it/s 21.4s<20.7s
[K       5/20      4.92G      1.049     0.9098      1.095         65       1024: 50% ━━━━━━────── 57/112 2.6it/s 21.8s<20.8s
[K       5/20      4.92G      1.046     0.9046      1.091        318       1024: 51% ━━━━━━────── 58/112 2.7it/s 22.1s<19.8s
[K       5/20      4.92G      1.044     0.8999      1.088        138       1024: 52% ━━━━━━────── 59/112 2.7it/s 22.5s<19.9s
[K       5/20      4.92G      1.041     0.8944      1.084        315       1024: 53% ━━━━━━────── 60/112 2.7it/s 22.8s<19.0s
[K       5/20      4.92G      1.035     0.8885       1.08        166       1024: 54% ━━━━━━╸───── 61/112 2.6it/s 23.3s<19.4s
[K       5/20      4.92G      1.041     0.8963      1.089         40       1024: 55% ━━━━━━╸───── 62/112 2.8it/s 23.6s<18.1s
[K       5/20      4.92G       1.04     0.8932      1.088         97       1024: 56% ━━━━━━╸───── 63/112 2.6it/s 24.0s<18.6s
[K       5/20      4.92G      1.037     0.8878      1.085        277       1024: 57% ━━━━━━╸───── 64/112 2.7it/s 24.4s<17.6s
[K       5/20      4.92G      1.036     0.8832      1.083        126       1024: 58% ━━━━━━╸───── 65/112 2.7it/s 24.8s<17.6s
[K       5/20      4.92G      1.034     0.8825      1.082        137       1024: 58% ━━━━━━━───── 66/112 2.8it/s 25.1s<16.6s
[K       5/20      4.92G      1.033     0.8798       1.08        116       1024: 59% ━━━━━━━───── 67/112 2.7it/s 25.5s<16.9s
[K       5/20      4.92G      1.032     0.8751      1.078        198       1024: 60% ━━━━━━━───── 68/112 2.7it/s 25.8s<16.1s
[K       5/20      4.92G       1.03     0.8705      1.074        200       1024: 61% ━━━━━━━───── 69/112 2.7it/s 26.2s<16.1s
[K       5/20      4.92G      1.025     0.8678      1.073         75       1024: 62% ━━━━━━━───── 70/112 2.8it/s 26.6s<15.3s
[K       5/20      4.92G      1.023     0.8641       1.07        130       1024: 63% ━━━━━━━╸──── 71/112 2.7it/s 27.0s<15.4s
[K       5/20      4.92G      1.021      0.862      1.068         67       1024: 64% ━━━━━━━╸──── 72/112 2.7it/s 27.3s<14.6s
[K       5/20      4.92G      1.021     0.8622      1.068        133       1024: 65% ━━━━━━━╸──── 73/112 2.7it/s 27.7s<14.7s
[K       5/20      4.92G      1.021     0.8595      1.066        168       1024: 66% ━━━━━━━╸──── 74/112 2.7it/s 28.1s<14.0s
[K       5/20      4.92G       1.02      0.856      1.065        128       1024: 66% ━━━━━━━━──── 75/112 2.6it/s 28.5s<14.2s
[K       5/20      4.92G      1.017     0.8535      1.063        100       1024: 67% ━━━━━━━━──── 76/112 2.7it/s 28.8s<13.2s
[K       5/20      4.92G      1.016     0.8514      1.063         88       1024: 68% ━━━━━━━━──── 77/112 2.6it/s 29.3s<13.6s
[K       5/20      4.92G      1.015     0.8495      1.063         92       1024: 69% ━━━━━━━━──── 78/112 2.7it/s 29.6s<12.5s
[K       5/20      4.92G       1.02     0.8513      1.063        222       1024: 70% ━━━━━━━━──── 79/112 2.7it/s 30.0s<12.4s
[K       5/20      4.92G      1.016     0.8484      1.061         92       1024: 71% ━━━━━━━━╸─── 80/112 2.7it/s 30.4s<11.9s
[K       5/20      4.92G      1.015     0.8458       1.06        105       1024: 72% ━━━━━━━━╸─── 81/112 2.6it/s 30.8s<11.8s
[K       5/20      4.92G      1.012     0.8413      1.057        268       1024: 73% ━━━━━━━━╸─── 82/112 2.7it/s 31.1s<11.0s
[K       5/20      4.92G      1.013     0.8401      1.057         93       1024: 74% ━━━━━━━━╸─── 83/112 2.6it/s 31.5s<11.1s
[K       5/20      4.92G      1.012     0.8382      1.057        132       1024: 75% ━━━━━━━━━─── 84/112 2.8it/s 31.9s<10.1s
[K       5/20      4.92G      1.016     0.8427      1.057         49       1024: 75% ━━━━━━━━━─── 85/112 2.7it/s 32.3s<10.1s
[K       5/20      4.92G      1.017     0.8457      1.061         23       1024: 76% ━━━━━━━━━─── 86/112 2.8it/s 32.6s<9.4s
[K       5/20      4.92G       1.02     0.8489      1.063         36       1024: 77% ━━━━━━━━━─── 87/112 2.7it/s 33.0s<9.3s
[K       5/20      4.92G      1.016     0.8486      1.061         44       1024: 78% ━━━━━━━━━─── 88/112 2.8it/s 33.3s<8.6s
[K       5/20      4.92G      1.014     0.8457       1.06        168       1024: 79% ━━━━━━━━━╸── 89/112 2.7it/s 33.8s<8.6s
[K       5/20      4.92G      1.015     0.8463      1.061        114       1024: 80% ━━━━━━━━━╸── 90/112 2.8it/s 34.1s<7.9s
[K       5/20      4.92G      1.015     0.8445       1.06        110       1024: 81% ━━━━━━━━━╸── 91/112 2.7it/s 34.5s<7.8s
[K       5/20      4.92G      1.012     0.8409      1.058        283       1024: 82% ━━━━━━━━━╸── 92/112 2.7it/s 34.8s<7.3s
[K       5/20      4.92G      1.011     0.8411      1.058        127       1024: 83% ━━━━━━━━━╸── 93/112 2.7it/s 35.2s<7.1s
[K       5/20      4.92G       1.01       0.84      1.058         69       1024: 83% ━━━━━━━━━━── 94/112 2.8it/s 35.6s<6.5s
[K       5/20      4.92G       1.01     0.8383      1.056        174       1024: 84% ━━━━━━━━━━── 95/112 2.6it/s 36.0s<6.4s
[K       5/20      4.92G      1.007      0.837      1.055         39       1024: 85% ━━━━━━━━━━── 96/112 2.8it/s 36.3s<5.8s
[K       5/20      4.92G      1.004     0.8334      1.054        125       1024: 86% ━━━━━━━━━━── 97/112 2.7it/s 36.7s<5.6s
[K       5/20      4.92G      1.002     0.8305      1.052        324       1024: 87% ━━━━━━━━━━── 98/112 2.7it/s 37.1s<5.2s
[K       5/20      4.92G      1.006     0.8455       1.06         12       1024: 88% ━━━━━━━━━━╸─ 99/112 2.6it/s 37.5s<5.0s
[K       5/20      4.92G      1.006     0.8433      1.059        263       1024: 89% ━━━━━━━━━━╸─ 100/112 2.6it/s 37.9s<4.6s
[K       5/20      4.92G       1.01     0.8549      1.067          9       1024: 90% ━━━━━━━━━━╸─ 101/112 2.5it/s 38.3s<4.4s
[K       5/20      4.92G      1.007     0.8539      1.067         41       1024: 91% ━━━━━━━━━━╸─ 102/112 2.6it/s 38.7s<3.8s
[K       5/20      4.92G      1.006     0.8517      1.066        129       1024: 91% ━━━━━━━━━━━─ 103/112 2.6it/s 39.1s<3.5s
[K       5/20      4.92G      1.009     0.8513      1.066        113       1024: 92% ━━━━━━━━━━━─ 104/112 2.7it/s 39.4s<3.0s
[K       5/20      4.92G      1.008     0.8509      1.066         86       1024: 93% ━━━━━━━━━━━─ 105/112 2.6it/s 39.8s<2.7s
[K       5/20      4.92G      1.011     0.8589      1.069         25       1024: 94% ━━━━━━━━━━━─ 106/112 2.7it/s 40.2s<2.2s
[K       5/20      4.92G       1.01     0.8571      1.067        248       1024: 95% ━━━━━━━━━━━─ 107/112 2.6it/s 40.6s<1.9s
[K       5/20      4.92G      1.008     0.8569      1.067         45       1024: 96% ━━━━━━━━━━━╸ 108/112 2.7it/s 40.9s<1.5s
[K       5/20      4.92G      1.008     0.8572      1.067         59       1024: 97% ━━━━━━━━━━━╸ 109/112 2.7it/s 41.3s<1.1s
[K       5/20      4.92G      1.006     0.8543      1.066        202       1024: 98% ━━━━━━━━━━━╸ 110/112 2.7it/s 41.7s<0.7s
[K       5/20      4.92G      1.004     0.8527      1.065         55       1024: 99% ━━━━━━━━━━━╸ 111/112 2.7it/s 42.1s<0.4s
[K       5/20      4.92G      1.004     0.8527      1.065         55       1024: 100% ━━━━━━━━━━━━ 112/112 2.7it/s 42.1s

[K                 Class     Images  Instances      Box(P          R      mAP50  mAP50-95): 50% ━━━━━━────── 1/2 3.4s/it 1.0s<3.4s
[K                 Class     Images  Instances      Box(P          R      mAP50  mAP50-95): 100% ━━━━━━━━━━━━ 2/2 1.9it/s 1.1s
                   all          9       1052       0.34      0.165      0.128     0.0753
[2026-09-28T12:37:50.653914+00:00] TRAIN baseline epoch 5/20: optimizer=336/1165, batches=112/112, loss=2.9218

      Epoch    GPU_mem   box_loss   cls_loss   dfl_loss  Instances       Size

[K       6/20      4.92G     0.8666     0.6876     0.9247        241       1024: 0% ──────────── 0/112  0.3s
[K       6/20      4.92G     0.8382     0.7091      0.898        175       1024: 0% ──────────── 1/112 1.3s/it 0.7s<2:23
[K       6/20      4.92G     0.9154     0.7903      1.012         55       1024: 1% ──────────── 2/112 1.3it/s 1.1s<1:24
[K       6/20      4.92G     0.8628     0.7184     0.9806        157       1024: 2% ──────────── 3/112 1.7it/s 1.5s<1:04
[K       6/20      4.92G     0.8723     0.7218     0.9966         67       1024: 3% ──────────── 4/112 2.1it/s 1.8s<51.2s
[K       6/20      4.92G     0.9124     0.7463      1.035         77       1024: 4% ╸─────────── 5/112 2.2it/s 2.3s<49.4s
[K       6/20      4.92G     0.8924     0.7192      1.014        103       1024: 5% ╸─────────── 6/112 2.5it/s 2.6s<43.3s
[K       6/20      4.92G      0.906     0.7116      1.001        192       1024: 6% ╸─────────── 7/112 2.4it/s 3.0s<43.3s
[K       6/20      4.92G     0.8961     0.6916     0.9848        240       1024: 7% ╸─────────── 8/112 2.6it/s 3.3s<40.8s
[K       6/20      4.92G      0.961     0.7247     0.9987         93       1024: 8% ╸─────────── 9/112 2.5it/s 3.8s<40.9s
[K       6/20      4.92G     0.9349     0.7038     0.9846        195       1024: 8% ━─────────── 10/112 2.6it/s 4.1s<38.6s
[K       6/20      4.92G     0.9206     0.6874     0.9773        187       1024: 9% ━─────────── 11/112 2.6it/s 4.5s<39.4s
[K       6/20      4.92G     0.9411     0.7178      1.005         44       1024: 10% ━─────────── 12/112 2.7it/s 4.8s<37.0s
[K       6/20      4.92G     0.9258     0.7045     0.9927        157       1024: 11% ━─────────── 13/112 2.6it/s 5.3s<38.3s
[K       6/20      4.92G     0.9159     0.6934     0.9863        239       1024: 12% ━─────────── 14/112 2.7it/s 5.6s<36.4s
[K       6/20      4.92G     0.9028     0.6803     0.9763        156       1024: 13% ━╸────────── 15/112 2.6it/s 6.0s<37.1s
[K       6/20      4.92G     0.9266      0.725      1.009         28       1024: 14% ━╸────────── 16/112 2.7it/s 6.4s<35.4s
[K       6/20      4.92G     0.9228     0.7175      1.003        115       1024: 15% ━╸────────── 17/112 2.6it/s 6.8s<36.2s
[K       6/20      4.92G      0.933      0.736      1.011         48       1024: 16% ━╸────────── 18/112 2.7it/s 7.1s<34.7s
[K       6/20      4.92G      0.925     0.7256      1.005        149       1024: 16% ━━────────── 19/112 2.6it/s 7.6s<36.0s
[K       6/20      4.92G     0.9148     0.7205      1.001        115       1024: 17% ━━────────── 20/112 2.7it/s 7.9s<34.6s
[K       6/20      4.92G     0.9101      0.716     0.9987        186       1024: 18% ━━────────── 21/112 2.6it/s 8.3s<35.0s
[K       6/20      4.92G     0.9139     0.7202      1.004        137       1024: 19% ━━────────── 22/112 2.7it/s 8.7s<33.8s
[K       6/20      4.92G     0.9111     0.7107          1        165       1024: 20% ━━────────── 23/112 2.6it/s 9.1s<34.5s
[K       6/20      4.92G     0.9237     0.7274      1.011        118       1024: 21% ━━╸───────── 24/112 2.7it/s 9.5s<33.1s
[K       6/20      4.92G     0.9231     0.7297      1.014         83       1024: 22% ━━╸───────── 25/112 2.6it/s 9.9s<33.8s
[K       6/20      4.92G     0.9234     0.7244      1.012        225       1024: 23% ━━╸───────── 26/112 2.6it/s 10.2s<32.6s
[K       6/20      4.92G      0.926     0.7339      1.015         71       1024: 24% ━━╸───────── 27/112 2.6it/s 10.7s<33.1s
[K       6/20      4.92G     0.9225     0.7301      1.011        188       1024: 25% ━━━───────── 28/112 2.6it/s 11.0s<31.8s
[K       6/20      4.92G     0.9319     0.7385      1.019         56       1024: 25% ━━━───────── 29/112 2.6it/s 11.4s<32.2s
[K       6/20      4.92G     0.9277     0.7317      1.016        154       1024: 26% ━━━───────── 30/112 2.6it/s 11.8s<31.0s
[K       6/20      4.92G     0.9384     0.7432      1.023         50       1024: 27% ━━━───────── 31/112 2.6it/s 12.2s<31.4s
[K       6/20      4.92G     0.9392     0.7459      1.024         95       1024: 28% ━━━───────── 32/112 2.7it/s 12.5s<29.8s
[K       6/20      4.92G      0.934     0.7398      1.021        119       1024: 29% ━━━╸──────── 33/112 2.6it/s 12.9s<30.2s
[K       6/20      4.92G      0.931     0.7368       1.02         70       1024: 30% ━━━╸──────── 34/112 2.7it/s 13.3s<29.1s
[K       6/20      4.92G     0.9341     0.7323      1.017        273       1024: 31% ━━━╸──────── 35/112 2.6it/s 13.7s<29.5s
[K       6/20      4.92G     0.9285     0.7273      1.015        167       1024: 32% ━━━╸──────── 36/112 2.7it/s 14.0s<28.2s
[K       6/20      4.92G     0.9372     0.7419      1.026         38       1024: 33% ━━━╸──────── 37/112 2.6it/s 14.5s<28.6s
[K       6/20      4.92G     0.9416     0.7524      1.035         39       1024: 33% ━━━━──────── 38/112 2.7it/s 14.8s<27.2s
[K       6/20      4.92G     0.9404     0.7568      1.036         55       1024: 34% ━━━━──────── 39/112 2.6it/s 15.2s<28.0s
[K       6/20      4.92G     0.9504     0.7811      1.047         20       1024: 35% ━━━━──────── 40/112 2.7it/s 15.6s<26.5s
[K       6/20      4.92G      0.947     0.7765      1.043        142       1024: 36% ━━━━──────── 41/112 2.6it/s 16.0s<27.0s
[K       6/20      4.92G     0.9475     0.7769      1.045         72       1024: 37% ━━━━──────── 42/112 2.7it/s 16.3s<25.8s
[K       6/20      4.92G      0.944     0.7705      1.041        256       1024: 38% ━━━━╸─────── 43/112 2.6it/s 16.7s<26.5s
[K       6/20      4.92G     0.9417     0.7709      1.042         71       1024: 39% ━━━━╸─────── 44/112 2.7it/s 17.1s<25.0s
[K       6/20      4.92G     0.9445      0.783      1.052         24       1024: 40% ━━━━╸─────── 45/112 2.6it/s 17.5s<25.4s
[K       6/20      4.92G     0.9498     0.7886      1.058         41       1024: 41% ━━━━╸─────── 46/112 2.7it/s 17.8s<24.4s
[K       6/20      4.92G     0.9557     0.8021      1.063         47       1024: 41% ━━━━━─────── 47/112 2.6it/s 18.2s<24.6s
[K       6/20      4.92G     0.9524     0.7965      1.058        271       1024: 42% ━━━━━─────── 48/112 2.7it/s 18.6s<23.5s
[K       6/20      4.92G     0.9509     0.7924      1.055        228       1024: 43% ━━━━━─────── 49/112 2.6it/s 19.0s<24.2s
[K       6/20      4.92G     0.9592     0.7971      1.057         96       1024: 44% ━━━━━─────── 50/112 2.7it/s 19.4s<23.1s
[K       6/20      4.92G     0.9562     0.7946      1.055         94       1024: 45% ━━━━━─────── 51/112 2.6it/s 19.8s<23.7s
[K       6/20      4.92G     0.9569     0.7955      1.056         70       1024: 46% ━━━━━╸────── 52/112 2.7it/s 20.1s<22.6s
[K       6/20      4.92G     0.9578     0.7961      1.057         50       1024: 47% ━━━━━╸────── 53/112 2.6it/s 20.6s<22.9s
[K       6/20      4.92G     0.9593     0.7953      1.057        110       1024: 48% ━━━━━╸────── 54/112 2.7it/s 20.9s<21.9s
[K       6/20      4.92G     0.9624     0.8276      1.068         10       1024: 49% ━━━━━╸────── 55/112 2.6it/s 21.3s<21.9s
[K       6/20      4.92G     0.9658     0.8372      1.068         53       1024: 50% ━━━━━━────── 56/112 2.6it/s 21.7s<21.2s
[K       6/20      4.92G     0.9639     0.8343      1.067         73       1024: 50% ━━━━━━────── 57/112 2.5it/s 22.1s<21.9s
[K       6/20      4.92G     0.9602     0.8293      1.064        167       1024: 51% ━━━━━━────── 58/112 2.6it/s 22.5s<20.5s
[K       6/20      4.92G     0.9573     0.8297      1.064         41       1024: 52% ━━━━━━────── 59/112 2.5it/s 22.9s<21.1s
[K       6/20      4.92G     0.9625     0.8419      1.071         15       1024: 53% ━━━━━━────── 60/112 2.5it/s 23.3s<20.4s
[K       6/20      4.92G     0.9796     0.8693      1.087          8       1024: 54% ━━━━━━╸───── 61/112 2.5it/s 23.7s<20.3s
[K       6/20      4.92G      0.979     0.8666      1.084        210       1024: 55% ━━━━━━╸───── 62/112 2.6it/s 24.1s<19.1s
[K       6/20      4.92G     0.9794     0.8633      1.082        125       1024: 56% ━━━━━━╸───── 63/112 2.5it/s 24.5s<19.2s
[K       6/20      4.92G     0.9764     0.8579      1.079        142       1024: 57% ━━━━━━╸───── 64/112 2.6it/s 24.8s<18.2s
[K       6/20      4.92G     0.9725     0.8561      1.078         52       1024: 58% ━━━━━━╸───── 65/112 2.6it/s 25.2s<18.3s
[K       6/20      4.92G     0.9742     0.8551       1.08         85       1024: 58% ━━━━━━━───── 66/112 2.6it/s 25.6s<17.4s
[K       6/20      4.92G      0.974     0.8534       1.08        140       1024: 59% ━━━━━━━───── 67/112 2.6it/s 26.0s<17.5s
[K       6/20      4.92G      0.972     0.8503      1.078        106       1024: 60% ━━━━━━━───── 68/112 2.7it/s 26.4s<16.5s
[K       6/20      4.92G     0.9699     0.8463      1.076         91       1024: 61% ━━━━━━━───── 69/112 2.6it/s 26.8s<16.7s
[K       6/20      4.92G     0.9677     0.8427      1.073        403       1024: 62% ━━━━━━━───── 70/112 2.7it/s 27.1s<15.7s
[K       6/20      4.92G     0.9658     0.8385      1.071        137       1024: 63% ━━━━━━━╸──── 71/112 2.6it/s 27.6s<15.9s
[K       6/20      4.92G     0.9624     0.8333      1.068        263       1024: 64% ━━━━━━━╸──── 72/112 2.7it/s 27.9s<15.0s
[K       6/20      4.92G     0.9604     0.8289      1.066        195       1024: 65% ━━━━━━━╸──── 73/112 2.6it/s 28.3s<15.1s
[K       6/20      4.92G     0.9605     0.8274      1.066         53       1024: 66% ━━━━━━━╸──── 74/112 2.7it/s 28.7s<14.1s
[K       6/20      4.92G     0.9579     0.8235      1.063        287       1024: 66% ━━━━━━━━──── 75/112 2.6it/s 29.1s<14.1s
[K       6/20      4.92G      0.955     0.8192       1.06        272       1024: 67% ━━━━━━━━──── 76/112 2.7it/s 29.4s<13.1s
[K       6/20      4.92G     0.9529     0.8171      1.059        105       1024: 68% ━━━━━━━━──── 77/112 2.7it/s 29.8s<13.2s
[K       6/20      4.92G     0.9572     0.8241      1.061         26       1024: 69% ━━━━━━━━──── 78/112 2.8it/s 30.1s<12.3s
[K       6/20      4.92G     0.9568      0.822       1.06        100       1024: 70% ━━━━━━━━──── 79/112 2.7it/s 30.5s<12.3s
[K       6/20      4.92G     0.9547      0.818      1.058        195       1024: 71% ━━━━━━━━╸─── 80/112 2.7it/s 30.9s<11.8s
[K       6/20      4.92G     0.9523     0.8161      1.056         41       1024: 72% ━━━━━━━━╸─── 81/112 2.7it/s 31.3s<11.7s
[K       6/20      4.92G     0.9495     0.8123      1.054        133       1024: 73% ━━━━━━━━╸─── 82/112 2.7it/s 31.6s<10.9s
[K       6/20      4.92G     0.9495     0.8096      1.053        207       1024: 74% ━━━━━━━━╸─── 83/112 2.6it/s 32.0s<11.0s
[K       6/20      4.92G     0.9476     0.8078      1.052        112       1024: 75% ━━━━━━━━━─── 84/112 2.7it/s 32.4s<10.3s
[K       6/20      4.92G     0.9468     0.8053       1.05        174       1024: 75% ━━━━━━━━━─── 85/112 2.7it/s 32.8s<10.1s
[K       6/20      4.92G     0.9472     0.8062      1.051         89       1024: 76% ━━━━━━━━━─── 86/112 2.7it/s 33.1s<9.5s
[K       6/20      4.92G     0.9441      0.802      1.049        192       1024: 77% ━━━━━━━━━─── 87/112 2.6it/s 33.5s<9.5s
[K       6/20      4.92G     0.9433     0.7996      1.047        202       1024: 78% ━━━━━━━━━─── 88/112 2.7it/s 33.9s<8.8s
[K       6/20      4.92G     0.9441     0.8002      1.048         78       1024: 79% ━━━━━━━━━╸── 89/112 2.7it/s 34.3s<8.7s
[K       6/20      4.92G     0.9442     0.8003      1.048         93       1024: 80% ━━━━━━━━━╸── 90/112 2.8it/s 34.6s<8.0s
[K       6/20      4.92G     0.9419     0.7982      1.047         89       1024: 81% ━━━━━━━━━╸── 91/112 2.7it/s 35.0s<7.9s
[K       6/20      4.92G     0.9385      0.796      1.046         62       1024: 82% ━━━━━━━━━╸── 92/112 2.7it/s 35.4s<7.3s
[K       6/20      4.92G     0.9369     0.7929      1.044        174       1024: 83% ━━━━━━━━━╸── 93/112 2.7it/s 35.8s<7.1s
[K       6/20      4.92G      0.942     0.8019      1.051         20       1024: 83% ━━━━━━━━━━── 94/112 2.7it/s 36.1s<6.7s
[K       6/20      4.92G     0.9445     0.8064      1.052         16       1024: 84% ━━━━━━━━━━── 95/112 2.6it/s 36.6s<6.5s
[K       6/20      4.92G     0.9476       0.81      1.054         64       1024: 85% ━━━━━━━━━━── 96/112 2.7it/s 36.9s<5.9s
[K       6/20      4.92G      0.945     0.8071      1.052        105       1024: 86% ━━━━━━━━━━── 97/112 2.6it/s 37.3s<5.7s
[K       6/20      4.92G     0.9463     0.8063      1.052         71       1024: 87% ━━━━━━━━━━── 98/112 2.7it/s 37.6s<5.1s
[K       6/20      4.92G     0.9471     0.8056      1.052        108       1024: 88% ━━━━━━━━━━╸─ 99/112 2.7it/s 38.0s<4.9s
[K       6/20      4.92G     0.9462     0.8031      1.051        136       1024: 89% ━━━━━━━━━━╸─ 100/112 2.7it/s 38.4s<4.4s
[K       6/20      4.92G     0.9446     0.8007       1.05        237       1024: 90% ━━━━━━━━━━╸─ 101/112 2.6it/s 38.8s<4.2s
[K       6/20      4.92G     0.9495      0.804      1.054         22       1024: 91% ━━━━━━━━━━╸─ 102/112 2.8it/s 39.1s<3.6s
[K       6/20      4.92G      0.949     0.8037      1.054         92       1024: 91% ━━━━━━━━━━━─ 103/112 2.7it/s 39.5s<3.4s
[K       6/20      4.92G     0.9465     0.8006      1.052        174       1024: 92% ━━━━━━━━━━━─ 104/112 2.7it/s 39.9s<2.9s
[K       6/20      4.92G     0.9453     0.7986      1.051        105       1024: 93% ━━━━━━━━━━━─ 105/112 2.7it/s 40.3s<2.6s
[K       6/20      4.92G      0.943     0.7955      1.049        137       1024: 94% ━━━━━━━━━━━─ 106/112 2.7it/s 40.6s<2.2s
[K       6/20      4.92G     0.9416      0.793      1.048        151       1024: 95% ━━━━━━━━━━━─ 107/112 2.6it/s 41.1s<1.9s
[K       6/20      4.92G     0.9394     0.7904      1.046        243       1024: 96% ━━━━━━━━━━━╸ 108/112 2.7it/s 41.4s<1.5s
[K       6/20      4.92G     0.9376      0.788      1.045        100       1024: 97% ━━━━━━━━━━━╸ 109/112 2.7it/s 41.8s<1.1s
[K       6/20      4.92G     0.9421     0.7941       1.05         30       1024: 98% ━━━━━━━━━━━╸ 110/112 2.8it/s 42.1s<0.7s
[K       6/20      4.92G     0.9398     0.7915      1.048        105       1024: 99% ━━━━━━━━━━━╸ 111/112 2.7it/s 42.5s<0.4s
[K       6/20      4.92G     0.9398     0.7915      1.048        105       1024: 100% ━━━━━━━━━━━━ 112/112 2.6it/s 42.5s

[K                 Class     Images  Instances      Box(P          R      mAP50  mAP50-95): 50% ━━━━━━────── 1/2 3.5s/it 1.0s<3.5s
[K                 Class     Images  Instances      Box(P          R      mAP50  mAP50-95): 100% ━━━━━━━━━━━━ 2/2 1.8it/s 1.1s
                   all          9       1052      0.516      0.255      0.228      0.143
[2026-09-28T12:38:35.227423+00:00] TRAIN baseline epoch 6/20: optimizer=392/1165, batches=112/112, loss=2.7790

      Epoch    GPU_mem   box_loss   cls_loss   dfl_loss  Instances       Size

[K       7/20      4.95G     0.5047      0.519     0.8681         35       1024: 0% ──────────── 0/112  0.3s
[K       7/20      4.95G     0.7216     0.5599     0.9326        170       1024: 0% ──────────── 1/112 1.3s/it 0.7s<2:23
[K       7/20      4.95G      0.716     0.5311     0.8985        276       1024: 1% ──────────── 2/112 1.3it/s 1.1s<1:25
[K       7/20      4.95G      0.762     0.5812      0.903         68       1024: 2% ──────────── 3/112 1.7it/s 1.5s<1:04
[K       7/20      4.95G     0.8157      0.611     0.9506        114       1024: 3% ──────────── 4/112 2.1it/s 1.8s<52.6s
[K       7/20      4.95G     0.7832     0.5826     0.9285        161       1024: 4% ╸─────────── 5/112 2.1it/s 2.3s<50.4s
[K       7/20      4.95G     0.7938     0.5762     0.9264        127       1024: 5% ╸─────────── 6/112 2.4it/s 2.6s<44.2s
[K       7/20      4.95G     0.7909     0.5647     0.9189        162       1024: 6% ╸─────────── 7/112 2.4it/s 3.0s<43.1s
[K       7/20      4.95G     0.8207     0.5982     0.9293        321       1024: 7% ╸─────────── 8/112 2.5it/s 3.4s<41.1s
[K       7/20      4.95G     0.8805     0.7009     0.9964          6       1024: 8% ╸─────────── 9/112 2.5it/s 3.8s<40.5s
[K       7/20      4.95G      0.925     0.7483      1.045         23       1024: 8% ━─────────── 10/112 2.7it/s 4.1s<38.0s
[K       7/20      4.95G     0.9026     0.7235      1.023        129       1024: 9% ━─────────── 11/112 2.6it/s 4.5s<39.3s
[K       7/20      4.95G     0.9539      0.822      1.064         21       1024: 10% ━─────────── 12/112 2.7it/s 4.9s<37.2s
[K       7/20      4.95G     0.9611     0.8086      1.073         63       1024: 11% ━─────────── 13/112 2.6it/s 5.3s<37.7s
[K       7/20      4.95G     0.9431     0.7841      1.057        235       1024: 12% ━─────────── 14/112 2.7it/s 5.6s<36.4s
[K       7/20      4.95G     0.9308     0.7737      1.051         66       1024: 13% ━╸────────── 15/112 2.6it/s 6.0s<36.9s
[K       7/20      4.95G     0.9273     0.7748      1.046        158       1024: 14% ━╸────────── 16/112 2.7it/s 6.4s<35.1s
[K       7/20      4.95G     0.9463     0.7879      1.052         87       1024: 15% ━╸────────── 17/112 2.6it/s 6.8s<36.2s
[K       7/20      4.95G     0.9335     0.7739      1.041        202       1024: 16% ━╸────────── 18/112 2.7it/s 7.1s<34.5s
[K       7/20      4.95G     0.9178     0.7731      1.036         46       1024: 16% ━━────────── 19/112 2.7it/s 7.5s<35.0s
[K       7/20      4.95G     0.9134     0.7662      1.031        182       1024: 17% ━━────────── 20/112 2.7it/s 7.9s<33.9s
[K       7/20      4.95G      0.902     0.7537      1.022        139       1024: 18% ━━────────── 21/112 2.6it/s 8.3s<34.3s
[K       7/20      4.95G     0.9229     0.7528      1.038         68       1024: 19% ━━────────── 22/112 2.7it/s 8.6s<32.8s
[K       7/20      4.95G     0.9129     0.7497      1.033         34       1024: 20% ━━────────── 23/112 2.7it/s 9.0s<33.2s
[K       7/20      4.95G     0.9128     0.7475       1.03         78       1024: 21% ━━╸───────── 24/112 2.7it/s 9.4s<32.4s
[K       7/20      4.95G     0.9107     0.7458      1.032         84       1024: 22% ━━╸───────── 25/112 2.7it/s 9.8s<32.8s
[K       7/20      4.95G     0.9031     0.7457      1.029         40       1024: 23% ━━╸───────── 26/112 2.8it/s 10.1s<31.1s
[K       7/20      4.95G     0.8972     0.7373      1.024        190       1024: 24% ━━╸───────── 27/112 2.6it/s 10.5s<32.2s
[K       7/20      4.95G     0.8876     0.7265      1.018        146       1024: 25% ━━━───────── 28/112 2.7it/s 10.8s<30.7s
[K       7/20      4.95G     0.8787     0.7182      1.014        107       1024: 25% ━━━───────── 29/112 2.7it/s 11.2s<31.1s
[K       7/20      4.95G     0.8687     0.7075      1.007        259       1024: 26% ━━━───────── 30/112 2.8it/s 11.6s<29.7s
[K       7/20      4.95G     0.8706     0.7069      1.006        153       1024: 27% ━━━───────── 31/112 2.7it/s 12.0s<30.4s
[K       7/20      4.95G     0.8688     0.7046      1.005        100       1024: 28% ━━━───────── 32/112 2.8it/s 12.3s<28.6s
[K       7/20      4.95G     0.8685     0.7043      1.005        106       1024: 29% ━━━╸──────── 33/112 2.7it/s 12.7s<29.5s
[K       7/20      4.95G      0.884     0.7782      1.027          5       1024: 30% ━━━╸──────── 34/112 2.8it/s 13.1s<28.2s
[K       7/20      4.95G      0.876     0.7694      1.023        185       1024: 31% ━━━╸──────── 35/112 2.7it/s 13.5s<29.0s
[K       7/20      4.95G     0.8717     0.7635      1.019        181       1024: 32% ━━━╸──────── 36/112 2.7it/s 13.8s<28.0s
[K       7/20      4.95G     0.8655     0.7582      1.016         63       1024: 33% ━━━╸──────── 37/112 2.7it/s 14.2s<28.2s
[K       7/20      4.95G      0.862     0.7546      1.015         59       1024: 33% ━━━━──────── 38/112 2.7it/s 14.6s<27.4s
[K       7/20      4.95G     0.8594     0.7503      1.014         88       1024: 34% ━━━━──────── 39/112 2.6it/s 15.0s<28.1s
[K       7/20      4.95G     0.8641     0.7534      1.016         82       1024: 35% ━━━━──────── 40/112 2.7it/s 15.4s<27.0s
[K       7/20      4.95G     0.8643       0.75      1.017         92       1024: 36% ━━━━──────── 41/112 2.6it/s 15.8s<27.7s
[K       7/20      4.95G     0.8678     0.7469      1.016        135       1024: 37% ━━━━──────── 42/112 2.7it/s 16.1s<26.1s
[K       7/20      4.95G     0.8628     0.7402      1.012        260       1024: 38% ━━━━╸─────── 43/112 2.6it/s 16.6s<26.6s
[K       7/20      4.95G     0.8606     0.7361      1.011        118       1024: 39% ━━━━╸─────── 44/112 2.7it/s 16.9s<25.1s
[K       7/20      4.95G     0.8637      0.739      1.013         63       1024: 40% ━━━━╸─────── 45/112 2.6it/s 17.3s<25.3s
[K       7/20      4.95G      0.864     0.7398      1.013         90       1024: 41% ━━━━╸─────── 46/112 2.7it/s 17.6s<24.4s
[K       7/20      4.95G     0.8631     0.7371      1.013        110       1024: 41% ━━━━━─────── 47/112 2.6it/s 18.0s<24.6s
[K       7/20      4.95G     0.8682     0.7471      1.019         31       1024: 42% ━━━━━─────── 48/112 2.7it/s 18.4s<23.6s
[K       7/20      4.95G     0.8663     0.7418      1.017        211       1024: 43% ━━━━━─────── 49/112 2.6it/s 18.8s<24.0s
[K       7/20      4.95G     0.8634     0.7359      1.013        193       1024: 44% ━━━━━─────── 50/112 2.7it/s 19.2s<23.0s
[K       7/20      4.95G     0.8627     0.7361      1.014         52       1024: 45% ━━━━━─────── 51/112 2.6it/s 19.6s<23.8s
[K       7/20      4.95G      0.859     0.7311      1.011         76       1024: 46% ━━━━━╸────── 52/112 2.6it/s 20.0s<23.1s
[K       7/20      4.95G     0.8566     0.7293       1.01         71       1024: 47% ━━━━━╸────── 53/112 2.5it/s 20.4s<23.4s
[K       7/20      4.95G     0.8609     0.7357      1.016         32       1024: 48% ━━━━━╸────── 54/112 2.6it/s 20.7s<22.0s
[K       7/20      4.95G     0.8547     0.7313      1.013         73       1024: 49% ━━━━━╸────── 55/112 2.5it/s 21.2s<22.5s
[K       7/20      4.95G     0.8518     0.7285      1.011        153       1024: 50% ━━━━━━────── 56/112 2.5it/s 21.6s<22.3s
[K       7/20      4.95G     0.8538     0.7369      1.013         13       1024: 50% ━━━━━━────── 57/112 2.4it/s 22.0s<22.8s
[K       7/20      4.95G     0.8515      0.735      1.013         88       1024: 51% ━━━━━━────── 58/112 2.5it/s 22.4s<21.7s
[K       7/20      4.95G     0.8465     0.7294      1.009        272       1024: 52% ━━━━━━────── 59/112 2.4it/s 22.8s<21.7s
[K       7/20      4.95G     0.8457     0.7268      1.007        226       1024: 53% ━━━━━━────── 60/112 2.5it/s 23.2s<21.0s
[K       7/20      4.95G     0.8422     0.7224      1.003        439       1024: 54% ━━━━━━╸───── 61/112 2.4it/s 23.7s<20.8s
[K       7/20      4.95G     0.8417     0.7194      1.002         96       1024: 55% ━━━━━━╸───── 62/112 2.6it/s 24.0s<19.4s
[K       7/20      4.95G     0.8374     0.7144     0.9992        134       1024: 56% ━━━━━━╸───── 63/112 2.6it/s 24.4s<19.1s
[K       7/20      4.95G     0.8357     0.7125     0.9989         76       1024: 57% ━━━━━━╸───── 64/112 2.7it/s 24.7s<18.1s
[K       7/20      4.95G     0.8397     0.7219      1.003         22       1024: 58% ━━━━━━╸───── 65/112 2.6it/s 25.1s<18.0s
[K       7/20      4.95G       0.84     0.7211      1.003         90       1024: 58% ━━━━━━━───── 66/112 2.7it/s 25.5s<17.1s
[K       7/20      4.95G     0.8374     0.7183      1.001         99       1024: 59% ━━━━━━━───── 67/112 2.6it/s 25.9s<17.0s
[K       7/20      4.95G     0.8403     0.7189      1.002        101       1024: 60% ━━━━━━━───── 68/112 2.7it/s 26.2s<16.2s
[K       7/20      4.95G     0.8401     0.7168      1.001        175       1024: 61% ━━━━━━━───── 69/112 2.7it/s 26.6s<16.1s
[K       7/20      4.95G     0.8414     0.7191      1.001        136       1024: 62% ━━━━━━━───── 70/112 2.7it/s 27.0s<15.4s
[K       7/20      4.95G       0.84     0.7157     0.9992        289       1024: 63% ━━━━━━━╸──── 71/112 2.7it/s 27.4s<15.4s
[K       7/20      4.95G     0.8407     0.7172          1         43       1024: 64% ━━━━━━━╸──── 72/112 2.8it/s 27.7s<14.4s
[K       7/20      4.95G     0.8398      0.715     0.9999        133       1024: 65% ━━━━━━━╸──── 73/112 2.7it/s 28.1s<14.3s
[K       7/20      4.95G     0.8395     0.7129     0.9994        124       1024: 66% ━━━━━━━╸──── 74/112 2.8it/s 28.4s<13.7s
[K       7/20      4.95G     0.8368     0.7095      0.997        137       1024: 66% ━━━━━━━━──── 75/112 2.7it/s 28.8s<13.6s
[K       7/20      4.95G     0.8339     0.7056     0.9947        189       1024: 67% ━━━━━━━━──── 76/112 2.8it/s 29.2s<12.9s
[K       7/20      4.95G     0.8339      0.704     0.9936        194       1024: 68% ━━━━━━━━──── 77/112 2.7it/s 29.6s<13.1s
[K       7/20      4.95G     0.8305     0.7011     0.9918        175       1024: 69% ━━━━━━━━──── 78/112 2.8it/s 29.9s<12.2s
[K       7/20      4.95G     0.8295     0.6987     0.9908        157       1024: 70% ━━━━━━━━──── 79/112 2.7it/s 30.3s<12.2s
[K       7/20      4.95G     0.8281      0.696     0.9891         83       1024: 71% ━━━━━━━━╸─── 80/112 2.8it/s 30.6s<11.6s
[K       7/20      4.95G     0.8267     0.6939     0.9879        141       1024: 72% ━━━━━━━━╸─── 81/112 2.7it/s 31.0s<11.4s
[K       7/20      4.95G      0.824     0.6902     0.9861        184       1024: 73% ━━━━━━━━╸─── 82/112 2.7it/s 31.4s<11.0s
[K       7/20      4.95G     0.8251     0.6889     0.9855        127       1024: 74% ━━━━━━━━╸─── 83/112 2.7it/s 31.8s<10.9s
[K       7/20      4.95G     0.8291      0.693     0.9891         33       1024: 75% ━━━━━━━━━─── 84/112 2.8it/s 32.1s<10.0s
[K       7/20      4.95G     0.8309     0.6923     0.9903         96       1024: 75% ━━━━━━━━━─── 85/112 2.7it/s 32.5s<10.0s
[K       7/20      4.95G     0.8339     0.6965      0.993         50       1024: 76% ━━━━━━━━━─── 86/112 2.8it/s 32.9s<9.4s
[K       7/20      4.95G     0.8336     0.6949      0.992         65       1024: 77% ━━━━━━━━━─── 87/112 2.7it/s 33.2s<9.3s
[K       7/20      4.95G     0.8325     0.6937     0.9915         99       1024: 78% ━━━━━━━━━─── 88/112 2.8it/s 33.6s<8.7s
[K       7/20      4.95G     0.8318     0.6914     0.9903        177       1024: 79% ━━━━━━━━━╸── 89/112 2.7it/s 34.0s<8.5s
[K       7/20      4.95G     0.8331     0.6895     0.9895        182       1024: 80% ━━━━━━━━━╸── 90/112 2.8it/s 34.3s<8.0s
[K       7/20      4.95G     0.8326     0.6895     0.9901         60       1024: 81% ━━━━━━━━━╸── 91/112 2.7it/s 34.7s<7.7s
[K       7/20      4.95G      0.831     0.6868     0.9885        197       1024: 82% ━━━━━━━━━╸── 92/112 2.8it/s 35.1s<7.3s
[K       7/20      4.95G     0.8331     0.6883     0.9912         55       1024: 83% ━━━━━━━━━╸── 93/112 2.7it/s 35.5s<7.0s
[K       7/20      4.95G     0.8325     0.6866     0.9899        175       1024: 83% ━━━━━━━━━━── 94/112 2.8it/s 35.8s<6.4s
[K       7/20      4.95G     0.8316     0.6844     0.9889        120       1024: 84% ━━━━━━━━━━── 95/112 2.7it/s 36.2s<6.3s
[K       7/20      4.95G     0.8335     0.6867     0.9903         82       1024: 85% ━━━━━━━━━━── 96/112 2.8it/s 36.5s<5.8s
[K       7/20      4.95G     0.8352     0.6954     0.9924         20       1024: 86% ━━━━━━━━━━── 97/112 2.7it/s 36.9s<5.5s
[K       7/20      4.95G     0.8325      0.694      0.992         47       1024: 87% ━━━━━━━━━━── 98/112 2.7it/s 37.3s<5.1s
[K       7/20      4.95G     0.8309     0.6933     0.9919         59       1024: 88% ━━━━━━━━━━╸─ 99/112 2.7it/s 37.7s<4.8s
[K       7/20      4.95G     0.8307     0.6921     0.9909        165       1024: 89% ━━━━━━━━━━╸─ 100/112 2.8it/s 38.0s<4.3s
[K       7/20      4.95G      0.831     0.6909     0.9908        185       1024: 90% ━━━━━━━━━━╸─ 101/112 2.7it/s 38.4s<4.1s
[K       7/20      4.95G     0.8293     0.6885     0.9894        173       1024: 91% ━━━━━━━━━━╸─ 102/112 2.8it/s 38.7s<3.6s
[K       7/20      4.95G      0.827     0.6855     0.9875        289       1024: 91% ━━━━━━━━━━━─ 103/112 2.7it/s 39.1s<3.3s
[K       7/20      4.95G      0.825      0.683     0.9858        136       1024: 92% ━━━━━━━━━━━─ 104/112 2.8it/s 39.5s<2.9s
[K       7/20      4.95G      0.823     0.6806     0.9847        216       1024: 93% ━━━━━━━━━━━─ 105/112 2.7it/s 39.9s<2.6s
[K       7/20      4.95G     0.8221      0.679     0.9838        128       1024: 94% ━━━━━━━━━━━─ 106/112 2.7it/s 40.2s<2.2s
[K       7/20      4.95G     0.8205      0.677     0.9825        221       1024: 95% ━━━━━━━━━━━─ 107/112 2.7it/s 40.6s<1.8s
[K       7/20      4.95G     0.8249     0.6812     0.9857         75       1024: 96% ━━━━━━━━━━━╸ 108/112 2.8it/s 40.9s<1.4s
[K       7/20      4.95G     0.8267     0.6827     0.9869         82       1024: 97% ━━━━━━━━━━━╸ 109/112 2.7it/s 41.3s<1.1s
[K       7/20      4.95G     0.8256     0.6803     0.9858        180       1024: 98% ━━━━━━━━━━━╸ 110/112 2.7it/s 41.7s<0.7s
[K       7/20      4.95G     0.8251     0.6785     0.9848        163       1024: 99% ━━━━━━━━━━━╸ 111/112 2.7it/s 42.1s<0.4s
[K       7/20      4.95G     0.8251     0.6785     0.9848        163       1024: 100% ━━━━━━━━━━━━ 112/112 2.7it/s 42.1s

[K                 Class     Images  Instances      Box(P          R      mAP50  mAP50-95): 50% ━━━━━━────── 1/2 2.8s/it 0.8s<2.8s
[K                 Class     Images  Instances      Box(P          R      mAP50  mAP50-95): 100% ━━━━━━━━━━━━ 2/2 2.3it/s 0.9s
                   all          9       1052      0.421      0.232      0.228      0.144
[2026-09-28T12:39:18.845105+00:00] TRAIN baseline epoch 7/20: optimizer=448/1165, batches=112/112, loss=2.4884

      Epoch    GPU_mem   box_loss   cls_loss   dfl_loss  Instances       Size

[K       8/20      4.94G      1.025     0.7084      1.065         65       1024: 0% ──────────── 0/112  0.3s
[K       8/20      4.94G     0.9024       0.64      1.023         90       1024: 0% ──────────── 1/112 1.2s/it 0.7s<2:11
[K       8/20      4.94G     0.8473     0.5827     0.9784        160       1024: 1% ──────────── 2/112 1.3it/s 1.1s<1:27
[K       8/20      4.94G     0.8098     0.5491     0.9457        182       1024: 2% ──────────── 3/112 1.7it/s 1.5s<1:04
[K       8/20      4.94G     0.7926     0.5557     0.9444         63       1024: 3% ──────────── 4/112 2.1it/s 1.8s<51.8s
[K       8/20      4.94G     0.8063     0.5792      0.953         81       1024: 4% ╸─────────── 5/112 2.2it/s 2.2s<49.0s
[K       8/20      4.94G     0.7768     0.5632     0.9325        105       1024: 5% ╸─────────── 6/112 2.5it/s 2.6s<42.9s
[K       8/20      4.94G     0.7886     0.6073     0.9655         43       1024: 6% ╸─────────── 7/112 2.5it/s 3.0s<42.3s
[K       8/20      4.94G     0.8133     0.6158      0.971        129       1024: 7% ╸─────────── 8/112 2.6it/s 3.3s<40.4s
[K       8/20      4.94G     0.8339     0.6343      0.992         65       1024: 8% ╸─────────── 9/112 2.6it/s 3.7s<39.3s
[K       8/20      4.94G     0.8274     0.6183     0.9791        316       1024: 8% ━─────────── 10/112 2.7it/s 4.0s<38.1s
[K       8/20      4.94G     0.8199     0.6031     0.9688        168       1024: 9% ━─────────── 11/112 2.6it/s 4.4s<38.6s
[K       8/20      4.94G     0.8315      0.621      0.978         62       1024: 10% ━─────────── 12/112 2.8it/s 4.8s<35.9s
[K       8/20      4.94G     0.8238     0.6205      0.974         44       1024: 11% ━─────────── 13/112 2.7it/s 5.2s<37.0s
[K       8/20      4.94G     0.8099     0.6098     0.9655        137       1024: 12% ━─────────── 14/112 2.7it/s 5.5s<36.0s
[K       8/20      4.94G     0.8049     0.5988     0.9571        242       1024: 13% ━╸────────── 15/112 2.7it/s 5.9s<36.1s
[K       8/20      4.94G     0.8058     0.5947     0.9554        129       1024: 14% ━╸────────── 16/112 2.7it/s 6.3s<35.0s
[K       8/20      4.94G     0.8138     0.6157     0.9768         29       1024: 15% ━╸────────── 17/112 2.7it/s 6.6s<35.4s
[K       8/20      4.94G      0.805     0.6132     0.9757         61       1024: 16% ━╸────────── 18/112 2.8it/s 7.0s<33.8s
[K       8/20      4.94G     0.8112     0.6154     0.9826         74       1024: 16% ━━────────── 19/112 2.7it/s 7.4s<34.5s
[K       8/20      4.94G     0.7945     0.6046     0.9753        106       1024: 17% ━━────────── 20/112 2.8it/s 7.7s<32.9s
[K       8/20      4.94G     0.7857     0.5948     0.9684        212       1024: 18% ━━────────── 21/112 2.7it/s 8.1s<33.3s
[K       8/20      4.94G     0.7761     0.5853     0.9625        174       1024: 19% ━━────────── 22/112 2.7it/s 8.5s<33.4s
[K       8/20      4.94G     0.7661     0.5778     0.9567        142       1024: 20% ━━────────── 23/112 2.6it/s 8.9s<34.5s
[K       8/20      4.94G     0.7615     0.5729     0.9521        198       1024: 21% ━━╸───────── 24/112 2.7it/s 9.2s<32.7s
[K       8/20      4.94G     0.7588     0.5696     0.9518         68       1024: 22% ━━╸───────── 25/112 2.6it/s 9.7s<33.4s
[K       8/20      4.94G     0.7533     0.5642     0.9493         86       1024: 23% ━━╸───────── 26/112 2.7it/s 10.0s<31.7s
[K       8/20      4.94G     0.7463     0.5576     0.9455        182       1024: 24% ━━╸───────── 27/112 2.7it/s 10.4s<31.9s
[K       8/20      4.94G     0.7432     0.5541     0.9416        176       1024: 25% ━━━───────── 28/112 2.7it/s 10.7s<30.7s
[K       8/20      4.94G      0.748     0.5605     0.9458         95       1024: 25% ━━━───────── 29/112 2.7it/s 11.1s<30.9s
[K       8/20      4.94G     0.7446     0.5603     0.9445        101       1024: 26% ━━━───────── 30/112 2.8it/s 11.5s<29.6s
[K       8/20      4.94G     0.7383     0.5545       0.94        218       1024: 27% ━━━───────── 31/112 2.7it/s 11.9s<30.0s
[K       8/20      4.94G     0.7538      0.562     0.9419        109       1024: 28% ━━━───────── 32/112 2.8it/s 12.2s<28.7s
[K       8/20      4.94G     0.7519     0.5578     0.9389        185       1024: 29% ━━━╸──────── 33/112 2.7it/s 12.6s<29.1s
[K       8/20      4.94G     0.7564     0.5629     0.9434         64       1024: 30% ━━━╸──────── 34/112 2.8it/s 12.9s<28.0s
[K       8/20      4.94G     0.7565     0.5606     0.9413        128       1024: 31% ━━━╸──────── 35/112 2.7it/s 13.3s<28.4s
[K       8/20      4.94G     0.7522     0.5552     0.9381        208       1024: 32% ━━━╸──────── 36/112 2.8it/s 13.7s<27.6s
[K       8/20      4.94G      0.763     0.5654     0.9459         71       1024: 33% ━━━╸──────── 37/112 2.7it/s 14.1s<27.7s
[K       8/20      4.94G     0.7591     0.5626     0.9429        123       1024: 33% ━━━━──────── 38/112 2.8it/s 14.4s<26.4s
[K       8/20      4.94G     0.7585     0.5601     0.9422        192       1024: 34% ━━━━──────── 39/112 2.7it/s 14.8s<26.9s
[K       8/20      4.94G     0.7573     0.5603      0.943         79       1024: 35% ━━━━──────── 40/112 2.8it/s 15.1s<25.9s
[K       8/20      4.94G     0.7543     0.5612     0.9442         55       1024: 36% ━━━━──────── 41/112 2.8it/s 15.5s<25.7s
[K       8/20      4.94G     0.7479     0.5603     0.9425         38       1024: 37% ━━━━──────── 42/112 2.8it/s 15.8s<25.1s
[K       8/20      4.94G     0.7429     0.5564       0.94        152       1024: 38% ━━━━╸─────── 43/112 2.7it/s 16.2s<25.2s
[K       8/20      4.94G     0.7411     0.5543     0.9375        120       1024: 39% ━━━━╸─────── 44/112 2.9it/s 16.5s<23.9s
[K       8/20      4.94G     0.7424      0.557     0.9386         63       1024: 40% ━━━━╸─────── 45/112 2.7it/s 17.0s<24.6s
[K       8/20      4.94G     0.7406     0.5551     0.9369        141       1024: 41% ━━━━╸─────── 46/112 2.8it/s 17.3s<23.6s
[K       8/20      4.94G     0.7477     0.5606     0.9408         31       1024: 41% ━━━━━─────── 47/112 2.7it/s 17.7s<23.8s
[K       8/20      4.94G     0.7437     0.5578     0.9382        106       1024: 42% ━━━━━─────── 48/112 2.8it/s 18.0s<22.9s
[K       8/20      4.94G     0.7454     0.5558     0.9374        165       1024: 43% ━━━━━─────── 49/112 2.7it/s 18.4s<23.2s
[K       8/20      4.94G     0.7426     0.5533     0.9356        173       1024: 44% ━━━━━─────── 50/112 2.8it/s 18.8s<22.4s
[K       8/20      4.94G     0.7389      0.551     0.9333        111       1024: 45% ━━━━━─────── 51/112 2.7it/s 19.1s<22.2s
[K       8/20      4.94G     0.7411     0.5523     0.9351         84       1024: 46% ━━━━━╸────── 52/112 2.8it/s 19.5s<21.4s
[K       8/20      4.94G      0.739     0.5507     0.9335        146       1024: 47% ━━━━━╸────── 53/112 2.7it/s 19.9s<21.9s
[K       8/20      4.94G     0.7474     0.5563     0.9402         71       1024: 48% ━━━━━╸────── 54/112 2.8it/s 20.2s<20.8s
[K       8/20      4.94G     0.7441      0.553     0.9379        165       1024: 49% ━━━━━╸────── 55/112 2.7it/s 20.6s<21.0s
[K       8/20      4.94G     0.7397     0.5492     0.9351        182       1024: 50% ━━━━━━────── 56/112 2.8it/s 21.0s<20.3s
[K       8/20      4.94G     0.7402     0.5493      0.935        150       1024: 50% ━━━━━━────── 57/112 2.7it/s 21.3s<20.3s
[K       8/20      4.94G     0.7417      0.554     0.9376         40       1024: 51% ━━━━━━────── 58/112 2.8it/s 21.7s<19.4s
[K       8/20      4.94G     0.7365     0.5513     0.9361         72       1024: 52% ━━━━━━────── 59/112 2.7it/s 22.1s<19.6s
[K       8/20      4.94G     0.7443     0.5555     0.9396         80       1024: 53% ━━━━━━────── 60/112 2.8it/s 22.4s<18.6s
[K       8/20      4.94G     0.7479     0.5637     0.9435         20       1024: 54% ━━━━━━╸───── 61/112 2.7it/s 22.8s<18.7s
[K       8/20      4.94G      0.746     0.5619     0.9432        100       1024: 55% ━━━━━━╸───── 62/112 2.8it/s 23.1s<17.7s
[K       8/20      4.94G     0.7428     0.5593     0.9409        136       1024: 56% ━━━━━━╸───── 63/112 2.7it/s 23.5s<18.0s
[K       8/20      4.94G     0.7417     0.5581     0.9394        223       1024: 57% ━━━━━━╸───── 64/112 2.8it/s 23.9s<17.3s
[K       8/20      4.94G     0.7403     0.5561     0.9381        102       1024: 58% ━━━━━━╸───── 65/112 2.7it/s 24.3s<17.3s
[K       8/20      4.94G     0.7366     0.5559     0.9384         43       1024: 58% ━━━━━━━───── 66/112 2.8it/s 24.6s<16.6s
[K       8/20      4.94G     0.7356     0.5547     0.9377        144       1024: 59% ━━━━━━━───── 67/112 2.7it/s 25.0s<16.7s
[K       8/20      4.94G     0.7358     0.5548     0.9373         73       1024: 60% ━━━━━━━───── 68/112 2.8it/s 25.3s<15.9s
[K       8/20      4.94G     0.7352     0.5542     0.9369         83       1024: 61% ━━━━━━━───── 69/112 2.7it/s 25.8s<16.1s
[K       8/20      4.94G     0.7348     0.5531      0.936        150       1024: 62% ━━━━━━━───── 70/112 2.8it/s 26.1s<15.1s
[K       8/20      4.94G     0.7352     0.5555     0.9366         65       1024: 63% ━━━━━━━╸──── 71/112 2.7it/s 26.5s<15.1s
[K       8/20      4.94G     0.7359      0.557     0.9379         58       1024: 64% ━━━━━━━╸──── 72/112 2.7it/s 26.8s<14.6s
[K       8/20      4.94G     0.7414     0.5663     0.9437         15       1024: 65% ━━━━━━━╸──── 73/112 2.7it/s 27.2s<14.3s
[K       8/20      4.94G     0.7405     0.5648     0.9425        145       1024: 66% ━━━━━━━╸──── 74/112 2.8it/s 27.6s<13.6s
[K       8/20      4.94G     0.7433     0.5681     0.9439         52       1024: 66% ━━━━━━━━──── 75/112 2.7it/s 27.9s<13.7s
[K       8/20      4.94G     0.7434     0.5672     0.9434        162       1024: 67% ━━━━━━━━──── 76/112 2.8it/s 28.3s<12.9s
[K       8/20      4.94G     0.7434     0.5674      0.943        155       1024: 68% ━━━━━━━━──── 77/112 2.7it/s 28.7s<12.9s
[K       8/20      4.94G     0.7476     0.5682     0.9435        135       1024: 69% ━━━━━━━━──── 78/112 2.8it/s 29.0s<12.3s
[K       8/20      4.94G     0.7477      0.568     0.9432        107       1024: 70% ━━━━━━━━──── 79/112 2.7it/s 29.4s<12.1s
[K       8/20      4.94G     0.7466     0.5724     0.9465         21       1024: 71% ━━━━━━━━╸─── 80/112 2.8it/s 29.7s<11.5s
[K       8/20      4.94G     0.7514      0.579     0.9504         12       1024: 72% ━━━━━━━━╸─── 81/112 2.7it/s 30.1s<11.4s
[K       8/20      4.94G     0.7532     0.5793     0.9501        193       1024: 73% ━━━━━━━━╸─── 82/112 2.8it/s 30.5s<10.7s
[K       8/20      4.94G     0.7553     0.5837     0.9522         64       1024: 74% ━━━━━━━━╸─── 83/112 2.7it/s 30.9s<10.7s
[K       8/20      4.94G     0.7544     0.5821     0.9509        232       1024: 75% ━━━━━━━━━─── 84/112 2.8it/s 31.2s<9.9s
[K       8/20      4.94G     0.7526      0.581       0.95         65       1024: 75% ━━━━━━━━━─── 85/112 2.7it/s 31.6s<9.9s
[K       8/20      4.94G      0.753     0.5797     0.9488        193       1024: 76% ━━━━━━━━━─── 86/112 2.8it/s 31.9s<9.3s
[K       8/20      4.94G     0.7516     0.5777     0.9473        137       1024: 77% ━━━━━━━━━─── 87/112 2.8it/s 32.3s<9.1s
[K       8/20      4.94G      0.753      0.578     0.9478        158       1024: 78% ━━━━━━━━━─── 88/112 2.8it/s 32.6s<8.5s
[K       8/20      4.94G     0.7538     0.5796     0.9494         71       1024: 79% ━━━━━━━━━╸── 89/112 2.8it/s 33.0s<8.3s
[K       8/20      4.94G     0.7559     0.5815     0.9507         44       1024: 80% ━━━━━━━━━╸── 90/112 2.8it/s 33.4s<7.8s
[K       8/20      4.94G     0.7564      0.581     0.9506         97       1024: 81% ━━━━━━━━━╸── 91/112 2.7it/s 33.7s<7.7s
[K       8/20      4.94G     0.7563     0.5803     0.9505        203       1024: 82% ━━━━━━━━━╸── 92/112 2.8it/s 34.1s<7.2s
[K       8/20      4.94G     0.7548     0.5783      0.949        156       1024: 83% ━━━━━━━━━╸── 93/112 2.7it/s 34.5s<7.0s
[K       8/20      4.94G      0.753     0.5765     0.9478        187       1024: 83% ━━━━━━━━━━── 94/112 2.8it/s 34.8s<6.5s
[K       8/20      4.94G     0.7515     0.5744     0.9463        292       1024: 84% ━━━━━━━━━━── 95/112 2.7it/s 35.2s<6.3s
[K       8/20      4.94G     0.7541     0.5759     0.9475        114       1024: 85% ━━━━━━━━━━── 96/112 2.8it/s 35.6s<5.7s
[K       8/20      4.94G     0.7573     0.5787     0.9507         59       1024: 86% ━━━━━━━━━━── 97/112 2.7it/s 35.9s<5.5s
[K       8/20      4.94G     0.7561     0.5788     0.9507         70       1024: 87% ━━━━━━━━━━── 98/112 2.8it/s 36.3s<5.0s
[K       8/20      4.94G     0.7539     0.5768     0.9491        323       1024: 88% ━━━━━━━━━━╸─ 99/112 2.7it/s 36.7s<4.8s
[K       8/20      4.94G     0.7527     0.5751     0.9477        293       1024: 89% ━━━━━━━━━━╸─ 100/112 2.8it/s 37.0s<4.3s
[K       8/20      4.94G     0.7522     0.5748     0.9475         89       1024: 90% ━━━━━━━━━━╸─ 101/112 2.7it/s 37.4s<4.0s
[K       8/20      4.94G     0.7527      0.575     0.9475        118       1024: 91% ━━━━━━━━━━╸─ 102/112 2.8it/s 37.7s<3.6s
[K       8/20      4.94G     0.7544     0.5768     0.9488         90       1024: 91% ━━━━━━━━━━━─ 103/112 2.7it/s 38.1s<3.3s
[K       8/20      4.94G     0.7533     0.5776     0.9483         48       1024: 92% ━━━━━━━━━━━─ 104/112 2.8it/s 38.5s<2.8s
[K       8/20      4.94G     0.7538     0.5786     0.9491         56       1024: 93% ━━━━━━━━━━━─ 105/112 2.7it/s 38.9s<2.6s
[K       8/20      4.94G     0.7544     0.5777     0.9482        269       1024: 94% ━━━━━━━━━━━─ 106/112 2.7it/s 39.2s<2.2s
[K       8/20      4.94G     0.7529     0.5762     0.9469        116       1024: 95% ━━━━━━━━━━━─ 107/112 2.7it/s 39.6s<1.9s
[K       8/20      4.94G     0.7541     0.5772     0.9477         62       1024: 96% ━━━━━━━━━━━╸ 108/112 2.8it/s 40.0s<1.4s
[K       8/20      4.94G     0.7568     0.5847     0.9509         18       1024: 97% ━━━━━━━━━━━╸ 109/112 2.7it/s 40.3s<1.1s
[K       8/20      4.94G     0.7564     0.5836     0.9498        157       1024: 98% ━━━━━━━━━━━╸ 110/112 2.8it/s 40.7s<0.7s
[K       8/20      4.94G     0.7557     0.5822      0.949        243       1024: 99% ━━━━━━━━━━━╸ 111/112 2.7it/s 41.1s<0.4s
[K       8/20      4.94G     0.7557     0.5822      0.949        243       1024: 100% ━━━━━━━━━━━━ 112/112 2.7it/s 41.1s

[K                 Class     Images  Instances      Box(P          R      mAP50  mAP50-95): 50% ━━━━━━────── 1/2 2.8s/it 0.8s<2.8s
[K                 Class     Images  Instances      Box(P          R      mAP50  mAP50-95): 100% ━━━━━━━━━━━━ 2/2 2.3it/s 0.9s
                   all          9       1052      0.504      0.223      0.228      0.153
[2026-09-28T12:40:01.588211+00:00] TRAIN baseline epoch 8/20: optimizer=504/1165, batches=112/112, loss=2.2870

      Epoch    GPU_mem   box_loss   cls_loss   dfl_loss  Instances       Size

[K       9/20      4.96G     0.5847     0.4085     0.8527        154       1024: 0% ──────────── 0/112  0.3s
[K       9/20      4.96G     0.7666     0.7005     0.9897         38       1024: 0% ──────────── 1/112 1.2s/it 0.7s<2:12
[K       9/20      4.96G     0.6947     0.5961     0.9316        135       1024: 1% ──────────── 2/112 1.3it/s 1.1s<1:24
[K       9/20      4.96G     0.6887     0.5707     0.9217        199       1024: 2% ──────────── 3/112 1.7it/s 1.5s<1:03
[K       9/20      4.96G     0.6735     0.5405      0.906        243       1024: 3% ──────────── 4/112 2.1it/s 1.8s<50.5s
[K       9/20      4.96G     0.6824     0.5356     0.9165         98       1024: 4% ╸─────────── 5/112 2.2it/s 2.2s<48.6s
[K       9/20      4.96G     0.6637     0.5348     0.9101         35       1024: 5% ╸─────────── 6/112 2.5it/s 2.5s<42.4s
[K       9/20      4.96G     0.6758     0.5488     0.9276         47       1024: 6% ╸─────────── 7/112 2.5it/s 2.9s<42.2s
[K       9/20      4.96G     0.6782     0.5344     0.9197        228       1024: 7% ╸─────────── 8/112 2.6it/s 3.3s<39.8s
[K       9/20      4.96G     0.6949     0.5427     0.9272        110       1024: 8% ╸─────────── 9/112 2.6it/s 3.6s<39.0s
[K       9/20      4.96G     0.7013     0.5404     0.9221        217       1024: 8% ━─────────── 10/112 2.7it/s 4.0s<37.9s
[K       9/20      4.96G     0.7474     0.5738     0.9615         17       1024: 9% ━─────────── 11/112 2.7it/s 4.4s<37.8s
[K       9/20      4.96G      0.752     0.5718     0.9612        117       1024: 10% ━─────────── 12/112 2.8it/s 4.7s<35.6s
[K       9/20      4.96G     0.7442     0.5629      0.956        167       1024: 11% ━─────────── 13/112 2.7it/s 5.1s<36.7s
[K       9/20      4.96G     0.7308     0.5557     0.9512         96       1024: 12% ━─────────── 14/112 2.8it/s 5.4s<34.6s
[K       9/20      4.96G      0.725      0.551     0.9449        160       1024: 13% ━╸────────── 15/112 2.7it/s 5.8s<35.4s
[K       9/20      4.96G     0.7202     0.5541     0.9427         43       1024: 14% ━╸────────── 16/112 2.8it/s 6.2s<34.2s
[K       9/20      4.96G     0.7271     0.5831     0.9538         33       1024: 15% ━╸────────── 17/112 2.8it/s 6.5s<34.4s
[K       9/20      4.96G     0.7175     0.5713     0.9454        247       1024: 16% ━╸────────── 18/112 2.8it/s 6.9s<33.5s
[K       9/20      4.96G     0.7219       0.57     0.9464        111       1024: 16% ━━────────── 19/112 2.7it/s 7.3s<34.0s
[K       9/20      4.96G     0.7565      0.636     0.9737         11       1024: 17% ━━────────── 20/112 2.8it/s 7.6s<33.0s
[K       9/20      4.96G      0.747     0.6266     0.9679        126       1024: 18% ━━────────── 21/112 2.7it/s 8.0s<33.5s
[K       9/20      4.96G     0.7411     0.6223     0.9668         54       1024: 19% ━━────────── 22/112 2.8it/s 8.3s<32.0s
[K       9/20      4.96G     0.7551     0.6251     0.9685        149       1024: 20% ━━────────── 23/112 2.7it/s 8.7s<32.6s
[K       9/20      4.96G     0.7506     0.6257     0.9706         47       1024: 21% ━━╸───────── 24/112 2.8it/s 9.1s<31.3s
[K       9/20      4.96G     0.7576     0.6247     0.9706        106       1024: 22% ━━╸───────── 25/112 2.7it/s 9.4s<31.7s
[K       9/20      4.96G     0.7521      0.616     0.9659        192       1024: 23% ━━╸───────── 26/112 2.8it/s 9.8s<30.6s
[K       9/20      4.96G     0.7447      0.607     0.9593        258       1024: 24% ━━╸───────── 27/112 2.7it/s 10.2s<31.1s
[K       9/20      4.96G       0.74     0.6017     0.9559        160       1024: 25% ━━━───────── 28/112 2.8it/s 10.5s<30.1s
[K       9/20      4.96G     0.7473      0.603     0.9567        154       1024: 25% ━━━───────── 29/112 2.7it/s 10.9s<30.5s
[K       9/20      4.96G     0.7573     0.6043     0.9571        180       1024: 26% ━━━───────── 30/112 2.8it/s 11.3s<29.6s
[K       9/20      4.96G     0.7475     0.6005     0.9543         32       1024: 27% ━━━───────── 31/112 2.7it/s 11.7s<30.0s
[K       9/20      4.96G     0.7518     0.6094     0.9614         32       1024: 28% ━━━───────── 32/112 2.8it/s 12.0s<28.5s
[K       9/20      4.96G     0.7502     0.6056     0.9587        193       1024: 29% ━━━╸──────── 33/112 2.7it/s 12.4s<29.3s
[K       9/20      4.96G     0.7567     0.6088     0.9625         80       1024: 30% ━━━╸──────── 34/112 2.8it/s 12.7s<27.9s
[K       9/20      4.96G     0.7585     0.6085     0.9626        142       1024: 31% ━━━╸──────── 35/112 2.7it/s 13.1s<28.3s
[K       9/20      4.96G     0.7528     0.6026     0.9588        151       1024: 32% ━━━╸──────── 36/112 2.7it/s 13.5s<27.7s
[K       9/20      4.96G       0.75     0.5986      0.957        130       1024: 33% ━━━╸──────── 37/112 2.7it/s 13.8s<27.6s
[K       9/20      4.96G     0.7471     0.5961     0.9559         86       1024: 33% ━━━━──────── 38/112 2.8it/s 14.2s<26.8s
[K       9/20      4.96G     0.7442     0.5957     0.9556         78       1024: 34% ━━━━──────── 39/112 2.7it/s 14.6s<26.9s
[K       9/20      4.96G     0.7406     0.5918     0.9529        132       1024: 35% ━━━━──────── 40/112 2.8it/s 14.9s<25.7s
[K       9/20      4.96G     0.7347      0.587     0.9505         95       1024: 36% ━━━━──────── 41/112 2.7it/s 15.3s<26.3s
[K       9/20      4.96G      0.737     0.5858     0.9494        169       1024: 37% ━━━━──────── 42/112 2.8it/s 15.7s<25.2s
[K       9/20      4.96G     0.7365     0.5847     0.9481         63       1024: 38% ━━━━╸─────── 43/112 2.7it/s 16.0s<25.2s
[K       9/20      4.96G     0.7315     0.5817     0.9455         68       1024: 39% ━━━━╸─────── 44/112 2.8it/s 16.4s<24.7s
[K       9/20      4.96G     0.7309     0.5792     0.9442        115       1024: 40% ━━━━╸─────── 45/112 2.7it/s 16.8s<24.6s
[K       9/20      4.96G     0.7263     0.5743     0.9409        237       1024: 41% ━━━━╸─────── 46/112 2.8it/s 17.1s<23.9s
[K       9/20      4.96G     0.7251     0.5756     0.9407         36       1024: 41% ━━━━━─────── 47/112 2.7it/s 17.5s<24.2s
[K       9/20      4.96G     0.7303     0.5804     0.9451         44       1024: 42% ━━━━━─────── 48/112 2.8it/s 17.8s<22.8s
[K       9/20      4.96G     0.7279     0.5777     0.9434        176       1024: 43% ━━━━━─────── 49/112 2.7it/s 18.2s<23.1s
[K       9/20      4.96G     0.7272      0.584     0.9469         16       1024: 44% ━━━━━─────── 50/112 2.8it/s 18.6s<22.1s
[K       9/20      4.96G     0.7238     0.5797     0.9442        301       1024: 45% ━━━━━─────── 51/112 2.7it/s 19.0s<22.2s
[K       9/20      4.96G     0.7269     0.5793     0.9443        195       1024: 46% ━━━━━╸────── 52/112 2.8it/s 19.3s<21.6s
[K       9/20      4.96G     0.7248     0.5758     0.9428        228       1024: 47% ━━━━━╸────── 53/112 2.6it/s 19.8s<22.6s
[K       9/20      4.96G     0.7229     0.5728     0.9406        169       1024: 48% ━━━━━╸────── 54/112 2.6it/s 20.1s<22.2s
[K       9/20      4.96G     0.7215     0.5705     0.9391        197       1024: 49% ━━━━━╸────── 55/112 2.6it/s 20.5s<22.0s
[K       9/20      4.96G     0.7296     0.5914     0.9483          5       1024: 50% ━━━━━━────── 56/112 2.7it/s 20.9s<20.5s
[K       9/20      4.96G     0.7303     0.5902     0.9506         75       1024: 50% ━━━━━━────── 57/112 2.7it/s 21.3s<20.7s
[K       9/20      4.96G     0.7272     0.5867     0.9484        139       1024: 51% ━━━━━━────── 58/112 2.7it/s 21.6s<19.7s
[K       9/20      4.96G     0.7252     0.5847     0.9474         83       1024: 52% ━━━━━━────── 59/112 2.7it/s 22.0s<19.4s
[K       9/20      4.96G     0.7251     0.5831     0.9461         83       1024: 53% ━━━━━━────── 60/112 2.7it/s 22.3s<19.1s
[K       9/20      4.96G      0.729     0.5842     0.9466         76       1024: 54% ━━━━━━╸───── 61/112 2.7it/s 22.7s<18.9s
[K       9/20      4.96G     0.7268     0.5813     0.9444        217       1024: 55% ━━━━━━╸───── 62/112 2.8it/s 23.0s<17.7s
[K       9/20      4.96G     0.7267     0.5794     0.9435        101       1024: 56% ━━━━━━╸───── 63/112 2.7it/s 23.5s<18.2s
[K       9/20      4.96G     0.7247     0.5763     0.9415        138       1024: 57% ━━━━━━╸───── 64/112 2.8it/s 23.8s<17.1s
[K       9/20      4.96G     0.7222     0.5734     0.9397        173       1024: 58% ━━━━━━╸───── 65/112 2.7it/s 24.2s<17.4s
[K       9/20      4.96G     0.7242     0.5741     0.9407        152       1024: 58% ━━━━━━━───── 66/112 2.8it/s 24.5s<16.6s
[K       9/20      4.96G     0.7301     0.5767     0.9419        208       1024: 59% ━━━━━━━───── 67/112 2.7it/s 24.9s<16.5s
[K       9/20      4.96G     0.7301     0.5757     0.9413         71       1024: 60% ━━━━━━━───── 68/112 2.7it/s 25.3s<16.0s
[K       9/20      4.96G     0.7381     0.5827     0.9465         27       1024: 61% ━━━━━━━───── 69/112 2.7it/s 25.6s<15.9s
[K       9/20      4.96G     0.7435     0.5901     0.9506         13       1024: 62% ━━━━━━━───── 70/112 2.8it/s 26.0s<14.9s
[K       9/20      4.96G     0.7435     0.5898     0.9515         89       1024: 63% ━━━━━━━╸──── 71/112 2.7it/s 26.4s<15.3s
[K       9/20      4.96G     0.7423     0.5871     0.9502        166       1024: 64% ━━━━━━━╸──── 72/112 2.8it/s 26.7s<14.4s
[K       9/20      4.96G      0.742     0.5868     0.9508         58       1024: 65% ━━━━━━━╸──── 73/112 2.7it/s 27.1s<14.4s
[K       9/20      4.96G     0.7399     0.5848     0.9501        100       1024: 66% ━━━━━━━╸──── 74/112 2.7it/s 27.5s<13.8s
[K       9/20      4.96G     0.7405     0.5833     0.9496         95       1024: 66% ━━━━━━━━──── 75/112 2.7it/s 27.9s<13.7s
[K       9/20      4.96G     0.7467     0.5891     0.9548         12       1024: 67% ━━━━━━━━──── 76/112 2.8it/s 28.2s<13.0s
[K       9/20      4.96G     0.7452     0.5871     0.9542         90       1024: 68% ━━━━━━━━──── 77/112 2.7it/s 28.6s<12.9s
[K       9/20      4.96G     0.7442      0.586     0.9532         56       1024: 69% ━━━━━━━━──── 78/112 2.8it/s 28.9s<12.2s
[K       9/20      4.96G     0.7476     0.5857     0.9533        154       1024: 70% ━━━━━━━━──── 79/112 2.7it/s 29.3s<12.2s
[K       9/20      4.96G     0.7456     0.5858     0.9531         53       1024: 71% ━━━━━━━━╸─── 80/112 2.8it/s 29.7s<11.5s
[K       9/20      4.96G      0.748     0.5902     0.9559         55       1024: 72% ━━━━━━━━╸─── 81/112 2.6it/s 30.1s<11.8s
[K       9/20      4.96G     0.7471     0.5882     0.9547        166       1024: 73% ━━━━━━━━╸─── 82/112 2.7it/s 30.4s<11.1s
[K       9/20      4.96G     0.7454      0.586     0.9533        213       1024: 74% ━━━━━━━━╸─── 83/112 2.7it/s 30.8s<10.9s
[K       9/20      4.96G     0.7456     0.5861     0.9535         89       1024: 75% ━━━━━━━━━─── 84/112 2.7it/s 31.2s<10.2s
[K       9/20      4.96G     0.7447     0.5845     0.9528        193       1024: 75% ━━━━━━━━━─── 85/112 2.7it/s 31.6s<10.0s
[K       9/20      4.96G     0.7577     0.6133     0.9619          4       1024: 76% ━━━━━━━━━─── 86/112 2.8it/s 31.9s<9.3s
[K       9/20      4.96G     0.7576     0.6119     0.9613        101       1024: 77% ━━━━━━━━━─── 87/112 2.7it/s 32.3s<9.3s
[K       9/20      4.96G     0.7552     0.6096     0.9594        101       1024: 78% ━━━━━━━━━─── 88/112 2.8it/s 32.6s<8.6s
[K       9/20      4.96G     0.7595     0.6115     0.9624         42       1024: 79% ━━━━━━━━━╸── 89/112 2.7it/s 33.0s<8.4s
[K       9/20      4.96G     0.7594     0.6101     0.9619        197       1024: 80% ━━━━━━━━━╸── 90/112 2.8it/s 33.4s<7.9s
[K       9/20      4.96G     0.7575     0.6087     0.9618         53       1024: 81% ━━━━━━━━━╸── 91/112 2.7it/s 33.7s<7.6s
[K       9/20      4.96G     0.7555     0.6063     0.9604        159       1024: 82% ━━━━━━━━━╸── 92/112 2.8it/s 34.1s<7.2s
[K       9/20      4.96G     0.7528     0.6034     0.9584        260       1024: 83% ━━━━━━━━━╸── 93/112 2.7it/s 34.5s<7.1s
[K       9/20      4.96G     0.7504     0.6007     0.9567        303       1024: 83% ━━━━━━━━━━── 94/112 2.8it/s 34.8s<6.5s
[K       9/20      4.96G     0.7499     0.5992     0.9562        107       1024: 84% ━━━━━━━━━━── 95/112 2.7it/s 35.2s<6.4s
[K       9/20      4.96G     0.7488      0.598     0.9555        112       1024: 85% ━━━━━━━━━━── 96/112 2.8it/s 35.6s<5.8s
[K       9/20      4.96G     0.7479     0.5967     0.9545        193       1024: 86% ━━━━━━━━━━── 97/112 2.7it/s 36.0s<5.5s
[K       9/20      4.96G      0.746     0.5943     0.9531        213       1024: 87% ━━━━━━━━━━── 98/112 2.8it/s 36.3s<5.1s
[K       9/20      4.96G     0.7448     0.5928     0.9521        231       1024: 88% ━━━━━━━━━━╸─ 99/112 2.7it/s 36.7s<4.8s
[K       9/20      4.96G      0.746     0.5931     0.9523         80       1024: 89% ━━━━━━━━━━╸─ 100/112 2.8it/s 37.0s<4.3s
[K       9/20      4.96G      0.744     0.5911     0.9508        115       1024: 90% ━━━━━━━━━━╸─ 101/112 2.7it/s 37.4s<4.0s
[K       9/20      4.96G     0.7466     0.5944     0.9541         34       1024: 91% ━━━━━━━━━━╸─ 102/112 2.8it/s 37.8s<3.6s
[K       9/20      4.96G     0.7472     0.5938     0.9541        108       1024: 91% ━━━━━━━━━━━─ 103/112 2.7it/s 38.2s<3.3s
[K       9/20      4.96G     0.7469     0.5928      0.954         99       1024: 92% ━━━━━━━━━━━─ 104/112 2.7it/s 38.5s<2.9s
[K       9/20      4.96G     0.7451     0.5906      0.953        227       1024: 93% ━━━━━━━━━━━─ 105/112 2.6it/s 38.9s<2.6s
[K       9/20      4.96G     0.7485     0.5929     0.9544         92       1024: 94% ━━━━━━━━━━━─ 106/112 2.6it/s 39.3s<2.3s
[K       9/20      4.96G     0.7477     0.5915     0.9538        192       1024: 95% ━━━━━━━━━━━─ 107/112 2.5it/s 39.7s<2.0s
[K       9/20      4.96G     0.7465     0.5901     0.9532        163       1024: 96% ━━━━━━━━━━━╸ 108/112 2.6it/s 40.1s<1.6s
[K       9/20      4.96G     0.7481     0.5925     0.9542         84       1024: 97% ━━━━━━━━━━━╸ 109/112 2.5it/s 40.6s<1.2s
[K       9/20      4.96G     0.7474      0.591     0.9533        230       1024: 98% ━━━━━━━━━━━╸ 110/112 2.6it/s 40.9s<0.8s
[K       9/20      4.96G     0.7507     0.5916     0.9535        286       1024: 99% ━━━━━━━━━━━╸ 111/112 2.4it/s 41.4s<0.4s
[K       9/20      4.96G     0.7507     0.5916     0.9535        286       1024: 100% ━━━━━━━━━━━━ 112/112 2.7it/s 41.4s

[K                 Class     Images  Instances      Box(P          R      mAP50  mAP50-95): 50% ━━━━━━────── 1/2 2.7s/it 0.8s<2.7s
[K                 Class     Images  Instances      Box(P          R      mAP50  mAP50-95): 100% ━━━━━━━━━━━━ 2/2 2.3it/s 0.9s
                   all          9       1052      0.515      0.219      0.212       0.14
[2026-09-28T12:40:44.458478+00:00] TRAIN baseline epoch 9/20: optimizer=560/1165, batches=112/112, loss=2.2958

      Epoch    GPU_mem   box_loss   cls_loss   dfl_loss  Instances       Size

[K      10/20      4.96G     0.8837     0.5443     0.9859         78       1024: 0% ──────────── 0/112  0.3s
[K      10/20      4.96G     0.7736     0.5481     0.9613         84       1024: 0% ──────────── 1/112 1.2s/it 0.7s<2:11
[K      10/20      4.96G     0.7574     0.5322     0.9538         73       1024: 1% ──────────── 2/112 1.3it/s 1.1s<1:23
[K      10/20      4.96G     0.7104     0.4998     0.9291         98       1024: 2% ──────────── 3/112 1.8it/s 1.4s<1:02
[K      10/20      4.96G     0.8051     0.5286     0.9421        238       1024: 3% ──────────── 4/112 2.1it/s 1.8s<50.3s
[K      10/20      4.96G     0.8045     0.5712     0.9566         21       1024: 4% ╸─────────── 5/112 2.2it/s 2.2s<49.6s
[K      10/20      4.96G     0.8066     0.5803     0.9686         73       1024: 5% ╸─────────── 6/112 2.5it/s 2.5s<43.2s
[K      10/20      4.96G     0.8063      0.599     0.9671         68       1024: 6% ╸─────────── 7/112 2.4it/s 3.0s<43.1s
[K      10/20      4.96G      0.788     0.5747     0.9516        224       1024: 7% ╸─────────── 8/112 2.6it/s 3.3s<40.7s
[K      10/20      4.96G     0.8075     0.5996     0.9676         51       1024: 8% ╸─────────── 9/112 2.6it/s 3.7s<40.0s
[K      10/20      4.96G      0.831     0.6037     0.9698        328       1024: 8% ━─────────── 10/112 2.7it/s 4.0s<38.3s
[K      10/20      4.96G     0.8454     0.6291      0.991         24       1024: 9% ━─────────── 11/112 2.6it/s 4.4s<38.5s
[K      10/20      4.96G     0.8284      0.612     0.9791        209       1024: 10% ━─────────── 12/112 2.7it/s 4.8s<36.7s
[K      10/20      4.96G     0.8285      0.631     0.9952         23       1024: 11% ━─────────── 13/112 2.7it/s 5.2s<36.8s
[K      10/20      4.96G     0.8103     0.6152     0.9832        218       1024: 12% ━─────────── 14/112 2.8it/s 5.5s<35.3s
[K      10/20      4.96G     0.8197     0.6131     0.9819        204       1024: 13% ━╸────────── 15/112 2.7it/s 5.9s<36.3s
[K      10/20      4.96G     0.8207     0.6198     0.9845         62       1024: 14% ━╸────────── 16/112 2.8it/s 6.2s<34.1s
[K      10/20      4.96G     0.8197     0.6152     0.9771        239       1024: 15% ━╸────────── 17/112 2.7it/s 6.6s<35.2s
[K      10/20      4.96G     0.8157     0.6104     0.9737         75       1024: 16% ━╸────────── 18/112 2.8it/s 7.0s<33.9s
[K      10/20      4.96G     0.8197     0.6088     0.9791        147       1024: 16% ━━────────── 19/112 2.7it/s 7.4s<34.4s
[K      10/20      4.96G     0.8064     0.5974      0.971        213       1024: 17% ━━────────── 20/112 2.8it/s 7.7s<33.2s
[K      10/20      4.96G     0.7948     0.5876     0.9655        157       1024: 18% ━━────────── 21/112 2.7it/s 8.1s<33.4s
[K      10/20      4.96G     0.7836     0.5782      0.959        192       1024: 19% ━━────────── 22/112 2.7it/s 8.4s<32.8s
[K      10/20      4.96G     0.7904     0.5817     0.9625         58       1024: 20% ━━────────── 23/112 2.7it/s 8.8s<32.7s
[K      10/20      4.96G     0.7954     0.5815     0.9614        162       1024: 21% ━━╸───────── 24/112 2.8it/s 9.2s<31.2s
[K      10/20      4.96G     0.8015     0.5927     0.9639         25       1024: 22% ━━╸───────── 25/112 2.7it/s 9.5s<31.8s
[K      10/20      4.96G     0.8021     0.5953     0.9685         42       1024: 23% ━━╸───────── 26/112 2.8it/s 9.9s<30.5s
[K      10/20      4.96G     0.8015     0.5919     0.9717         83       1024: 24% ━━╸───────── 27/112 2.7it/s 10.3s<31.0s
[K      10/20      4.96G     0.8036     0.5941      0.972         52       1024: 25% ━━━───────── 28/112 2.8it/s 10.6s<29.9s
[K      10/20      4.96G     0.8223     0.6372     0.9848          6       1024: 25% ━━━───────── 29/112 2.7it/s 11.0s<30.4s
[K      10/20      4.96G     0.8241      0.632      0.982        126       1024: 26% ━━━───────── 30/112 2.8it/s 11.3s<29.5s
[K      10/20      4.96G     0.8182     0.6269     0.9797        101       1024: 27% ━━━───────── 31/112 2.7it/s 11.7s<29.7s
[K      10/20      4.96G     0.8185     0.6246     0.9793        113       1024: 28% ━━━───────── 32/112 2.8it/s 12.1s<28.8s
[K      10/20      4.96G     0.8101     0.6163     0.9742        136       1024: 29% ━━━╸──────── 33/112 2.7it/s 12.5s<29.2s
[K      10/20      4.96G     0.8046     0.6125     0.9715         55       1024: 30% ━━━╸──────── 34/112 2.8it/s 12.8s<27.7s
[K      10/20      4.96G     0.7983     0.6059     0.9679        174       1024: 31% ━━━╸──────── 35/112 2.7it/s 13.2s<28.4s
[K      10/20      4.96G     0.7905     0.5993     0.9636        151       1024: 32% ━━━╸──────── 36/112 2.8it/s 13.5s<27.3s
[K      10/20      4.96G     0.7861     0.5951      0.961        151       1024: 33% ━━━╸──────── 37/112 2.7it/s 13.9s<27.7s
[K      10/20      4.96G     0.7847     0.5935     0.9604        153       1024: 33% ━━━━──────── 38/112 2.8it/s 14.3s<26.5s
[K      10/20      4.96G      0.783     0.5917     0.9602         91       1024: 34% ━━━━──────── 39/112 2.7it/s 14.7s<27.1s
[K      10/20      4.96G     0.7932     0.5945     0.9667         24       1024: 35% ━━━━──────── 40/112 2.8it/s 15.0s<26.0s
[K      10/20      4.96G     0.7923     0.5949      0.967         76       1024: 36% ━━━━──────── 41/112 2.7it/s 15.4s<26.1s
[K      10/20      4.96G     0.7893     0.5924     0.9657        121       1024: 37% ━━━━──────── 42/112 2.8it/s 15.7s<25.4s
[K      10/20      4.96G     0.7865      0.591     0.9654         73       1024: 38% ━━━━╸─────── 43/112 2.7it/s 16.1s<25.4s
[K      10/20      4.96G     0.7891     0.5924     0.9668        102       1024: 39% ━━━━╸─────── 44/112 2.8it/s 16.5s<24.2s
[K      10/20      4.96G     0.7835     0.5874     0.9636        273       1024: 40% ━━━━╸─────── 45/112 2.7it/s 16.9s<24.8s
[K      10/20      4.96G     0.7783     0.5829     0.9605        196       1024: 41% ━━━━╸─────── 46/112 2.7it/s 17.2s<24.0s
[K      10/20      4.96G     0.7756     0.5798     0.9586         95       1024: 41% ━━━━━─────── 47/112 2.7it/s 17.6s<24.0s
[K      10/20      4.96G     0.7697     0.5746     0.9554        252       1024: 42% ━━━━━─────── 48/112 2.8it/s 17.9s<23.1s
[K      10/20      4.96G     0.7643     0.5709     0.9535        119       1024: 43% ━━━━━─────── 49/112 2.7it/s 18.3s<23.5s
[K      10/20      4.96G     0.7592     0.5671     0.9511        144       1024: 44% ━━━━━─────── 50/112 2.8it/s 18.7s<22.2s
[K      10/20      4.96G     0.7588     0.5655      0.952         79       1024: 45% ━━━━━─────── 51/112 2.7it/s 19.1s<23.0s
[K      10/20      4.96G     0.7549     0.5621     0.9497        143       1024: 46% ━━━━━╸────── 52/112 2.8it/s 19.4s<21.8s
[K      10/20      4.96G     0.7537     0.5608     0.9484        265       1024: 47% ━━━━━╸────── 53/112 2.7it/s 19.8s<22.0s
[K      10/20      4.96G       0.75     0.5574     0.9463        272       1024: 48% ━━━━━╸────── 54/112 2.7it/s 20.2s<21.2s
[K      10/20      4.96G     0.7472     0.5549     0.9452        105       1024: 49% ━━━━━╸────── 55/112 2.7it/s 20.6s<21.1s
[K      10/20      4.96G      0.743     0.5514     0.9433        157       1024: 50% ━━━━━━────── 56/112 2.7it/s 20.9s<20.8s
[K      10/20      4.96G     0.7386     0.5479     0.9411        149       1024: 50% ━━━━━━────── 57/112 2.6it/s 21.3s<20.9s
[K      10/20      4.96G     0.7418     0.5518     0.9438         47       1024: 51% ━━━━━━────── 58/112 2.8it/s 21.7s<19.3s
[K      10/20      4.96G      0.737     0.5476     0.9414        276       1024: 52% ━━━━━━────── 59/112 2.7it/s 22.1s<19.6s
[K      10/20      4.96G     0.7334     0.5443     0.9394        159       1024: 53% ━━━━━━────── 60/112 2.8it/s 22.4s<18.9s
[K      10/20      4.96G     0.7333     0.5447     0.9398         70       1024: 54% ━━━━━━╸───── 61/112 2.8it/s 22.8s<18.4s
[K      10/20      4.96G     0.7287     0.5407     0.9372        244       1024: 55% ━━━━━━╸───── 62/112 2.8it/s 23.1s<17.8s
[K      10/20      4.96G     0.7271     0.5385     0.9357        345       1024: 56% ━━━━━━╸───── 63/112 2.7it/s 23.5s<18.2s
[K      10/20      4.96G     0.7256      0.538     0.9353         55       1024: 57% ━━━━━━╸───── 64/112 2.8it/s 23.8s<17.0s
[K      10/20      4.96G     0.7236     0.5357     0.9339        158       1024: 58% ━━━━━━╸───── 65/112 2.7it/s 24.2s<17.3s
[K      10/20      4.96G     0.7209     0.5328     0.9322        158       1024: 58% ━━━━━━━───── 66/112 2.7it/s 24.6s<16.7s
[K      10/20      4.96G     0.7223     0.5333     0.9326         90       1024: 59% ━━━━━━━───── 67/112 2.7it/s 25.0s<16.5s
[K      10/20      4.96G     0.7254     0.5349     0.9357         47       1024: 60% ━━━━━━━───── 68/112 2.8it/s 25.3s<15.8s
[K      10/20      4.96G     0.7277     0.5546     0.9381          4       1024: 61% ━━━━━━━───── 69/112 2.7it/s 25.7s<16.2s
[K      10/20      4.96G     0.7248     0.5518     0.9365        200       1024: 62% ━━━━━━━───── 70/112 2.8it/s 26.1s<15.2s
[K      10/20      4.96G     0.7245     0.5502     0.9354        198       1024: 63% ━━━━━━━╸──── 71/112 2.7it/s 26.5s<15.3s
[K      10/20      4.96G     0.7208     0.5469     0.9332        204       1024: 64% ━━━━━━━╸──── 72/112 2.8it/s 26.8s<14.5s
[K      10/20      4.96G     0.7214     0.5454      0.933        260       1024: 65% ━━━━━━━╸──── 73/112 2.7it/s 27.2s<14.5s
[K      10/20      4.96G     0.7189     0.5426     0.9315        207       1024: 66% ━━━━━━━╸──── 74/112 2.8it/s 27.6s<13.7s
[K      10/20      4.96G     0.7204     0.5436     0.9323         73       1024: 66% ━━━━━━━━──── 75/112 2.7it/s 27.9s<13.6s
[K      10/20      4.96G     0.7171     0.5406     0.9306        199       1024: 67% ━━━━━━━━──── 76/112 2.8it/s 28.3s<12.9s
[K      10/20      4.96G     0.7181     0.5418     0.9322         53       1024: 68% ━━━━━━━━──── 77/112 2.7it/s 28.7s<13.0s
[K      10/20      4.96G      0.715     0.5393      0.931        168       1024: 69% ━━━━━━━━──── 78/112 2.8it/s 29.0s<12.2s
[K      10/20      4.96G      0.714     0.5384     0.9313         65       1024: 70% ━━━━━━━━──── 79/112 2.7it/s 29.4s<12.1s
[K      10/20      4.96G     0.7135     0.5372     0.9314        150       1024: 71% ━━━━━━━━╸─── 80/112 2.8it/s 29.7s<11.5s
[K      10/20      4.96G     0.7107     0.5346     0.9299        189       1024: 72% ━━━━━━━━╸─── 81/112 2.7it/s 30.1s<11.4s
[K      10/20      4.96G     0.7159     0.5391      0.935         34       1024: 73% ━━━━━━━━╸─── 82/112 2.8it/s 30.5s<10.7s
[K      10/20      4.96G     0.7226     0.5448     0.9407         23       1024: 74% ━━━━━━━━╸─── 83/112 2.7it/s 30.9s<10.8s
[K      10/20      4.96G     0.7216      0.543     0.9397        108       1024: 75% ━━━━━━━━━─── 84/112 2.7it/s 31.2s<10.4s
[K      10/20      4.96G     0.7183     0.5402     0.9378        163       1024: 75% ━━━━━━━━━─── 85/112 2.6it/s 31.6s<10.2s
[K      10/20      4.96G     0.7162     0.5381     0.9366        197       1024: 76% ━━━━━━━━━─── 86/112 2.7it/s 32.0s<9.5s
[K      10/20      4.96G     0.7194     0.5388     0.9373        144       1024: 77% ━━━━━━━━━─── 87/112 2.7it/s 32.4s<9.3s
[K      10/20      4.96G     0.7176     0.5372     0.9364        225       1024: 78% ━━━━━━━━━─── 88/112 2.7it/s 32.7s<8.7s
[K      10/20      4.96G     0.7187     0.5366      0.936        185       1024: 79% ━━━━━━━━━╸── 89/112 2.7it/s 33.1s<8.7s
[K      10/20      4.96G     0.7172     0.5353     0.9351        105       1024: 80% ━━━━━━━━━╸── 90/112 2.8it/s 33.5s<8.0s
[K      10/20      4.96G     0.7136     0.5336      0.934         35       1024: 81% ━━━━━━━━━╸── 91/112 2.6it/s 33.9s<8.0s
[K      10/20      4.96G     0.7136     0.5331     0.9339        121       1024: 82% ━━━━━━━━━╸── 92/112 2.7it/s 34.2s<7.4s
[K      10/20      4.96G     0.7113     0.5311      0.933        153       1024: 83% ━━━━━━━━━╸── 93/112 2.7it/s 34.6s<7.1s
[K      10/20      4.96G     0.7138     0.5321      0.935         69       1024: 83% ━━━━━━━━━━── 94/112 2.7it/s 35.0s<6.6s
[K      10/20      4.96G     0.7149     0.5315     0.9348         77       1024: 84% ━━━━━━━━━━── 95/112 2.7it/s 35.4s<6.4s
[K      10/20      4.96G     0.7128     0.5295     0.9332        242       1024: 85% ━━━━━━━━━━── 96/112 2.8it/s 35.7s<5.8s
[K      10/20      4.96G     0.7116     0.5286     0.9331         78       1024: 86% ━━━━━━━━━━── 97/112 2.7it/s 36.1s<5.5s
[K      10/20      4.96G     0.7109     0.5277     0.9326        145       1024: 87% ━━━━━━━━━━── 98/112 2.7it/s 36.5s<5.1s
[K      10/20      4.96G     0.7112     0.5263     0.9315        246       1024: 88% ━━━━━━━━━━╸─ 99/112 2.7it/s 36.9s<4.9s
[K      10/20      4.96G     0.7085      0.524       0.93        286       1024: 89% ━━━━━━━━━━╸─ 100/112 2.8it/s 37.2s<4.3s
[K      10/20      4.96G     0.7059     0.5217     0.9284        258       1024: 90% ━━━━━━━━━━╸─ 101/112 2.7it/s 37.6s<4.1s
[K      10/20      4.96G     0.7095     0.5248     0.9312         29       1024: 91% ━━━━━━━━━━╸─ 102/112 2.8it/s 37.9s<3.6s
[K      10/20      4.96G     0.7088     0.5239     0.9306        213       1024: 91% ━━━━━━━━━━━─ 103/112 2.7it/s 38.3s<3.3s
[K      10/20      4.96G     0.7084     0.5241     0.9306         98       1024: 92% ━━━━━━━━━━━─ 104/112 2.7it/s 38.7s<2.9s
[K      10/20      4.96G     0.7108     0.5257     0.9317         53       1024: 93% ━━━━━━━━━━━─ 105/112 2.7it/s 39.0s<2.6s
[K      10/20      4.96G     0.7097     0.5241     0.9307        267       1024: 94% ━━━━━━━━━━━─ 106/112 2.8it/s 39.4s<2.1s
[K      10/20      4.96G     0.7086      0.523     0.9299        139       1024: 95% ━━━━━━━━━━━─ 107/112 2.7it/s 39.8s<1.9s
[K      10/20      4.96G     0.7104     0.5247     0.9307        148       1024: 96% ━━━━━━━━━━━╸ 108/112 2.8it/s 40.1s<1.4s
[K      10/20      4.96G     0.7086     0.5231     0.9296        140       1024: 97% ━━━━━━━━━━━╸ 109/112 2.7it/s 40.5s<1.1s
[K      10/20      4.96G     0.7114     0.5277     0.9323         19       1024: 98% ━━━━━━━━━━━╸ 110/112 2.8it/s 40.9s<0.7s
[K      10/20      4.96G     0.7128     0.5291     0.9331         85       1024: 99% ━━━━━━━━━━━╸ 111/112 2.7it/s 41.2s<0.4s
[K      10/20      4.96G     0.7128     0.5291     0.9331         85       1024: 100% ━━━━━━━━━━━━ 112/112 2.7it/s 41.2s

[K                 Class     Images  Instances      Box(P          R      mAP50  mAP50-95): 50% ━━━━━━────── 1/2 2.7s/it 0.8s<2.7s
[K                 Class     Images  Instances      Box(P          R      mAP50  mAP50-95): 100% ━━━━━━━━━━━━ 2/2 2.3it/s 0.9s
                   all          9       1052      0.492       0.24      0.215      0.135
[2026-09-28T12:41:27.288337+00:00] TRAIN baseline epoch 10/20: optimizer=616/1165, batches=112/112, loss=2.1750

      Epoch    GPU_mem   box_loss   cls_loss   dfl_loss  Instances       Size

[K      11/20      4.92G      0.444     0.3119     0.7861        258       1024: 0% ──────────── 0/112  0.3s
[K      11/20      4.92G     0.4954     0.3453     0.7977        323       1024: 0% ──────────── 1/112 1.2s/it 0.7s<2:11
[K      11/20      4.92G     0.7329     0.4692     0.8859        152       1024: 1% ──────────── 2/112 1.3it/s 1.1s<1:27
[K      11/20      4.92G     0.7162     0.4635     0.8914        156       1024: 2% ──────────── 3/112 1.7it/s 1.5s<1:04
[K      11/20      4.92G      0.743       0.47     0.9016         95       1024: 3% ──────────── 4/112 2.1it/s 1.8s<51.7s
[K      11/20      4.92G     0.7503     0.4743     0.9158         48       1024: 4% ╸─────────── 5/112 2.2it/s 2.2s<49.6s
[K      11/20      4.92G     0.7361     0.4626     0.9093        137       1024: 5% ╸─────────── 6/112 2.4it/s 2.6s<43.4s
[K      11/20      4.92G     0.7132     0.4523     0.8987        147       1024: 6% ╸─────────── 7/112 2.4it/s 3.0s<43.6s
[K      11/20      4.92G     0.7022     0.4517      0.902         78       1024: 7% ╸─────────── 8/112 2.6it/s 3.3s<40.0s
[K      11/20      4.92G     0.7243     0.4668     0.9141        154       1024: 8% ╸─────────── 9/112 2.6it/s 3.7s<39.9s
[K      11/20      4.92G     0.6966     0.4503      0.901        129       1024: 8% ━─────────── 10/112 2.6it/s 4.1s<38.5s
[K      11/20      4.92G     0.6965     0.4516     0.9061        100       1024: 9% ━─────────── 11/112 2.7it/s 4.5s<38.0s
[K      11/20      4.92G     0.6923      0.449     0.9049         61       1024: 10% ━─────────── 12/112 2.7it/s 4.8s<36.8s
[K      11/20      4.92G      0.705     0.4538     0.9162        107       1024: 11% ━─────────── 13/112 2.7it/s 5.2s<37.3s
[K      11/20      4.92G     0.6894     0.4496     0.9163         46       1024: 12% ━─────────── 14/112 2.8it/s 5.5s<34.7s
[K      11/20      4.92G     0.6903     0.4475      0.916        190       1024: 13% ━╸────────── 15/112 2.7it/s 5.9s<35.9s
[K      11/20      4.92G     0.6752     0.4397     0.9093        134       1024: 14% ━╸────────── 16/112 2.8it/s 6.3s<34.9s
[K      11/20      4.92G      0.695     0.4625     0.9218         47       1024: 15% ━╸────────── 17/112 2.7it/s 6.7s<35.0s
[K      11/20      4.92G     0.6858     0.4652     0.9223         46       1024: 16% ━╸────────── 18/112 2.8it/s 7.0s<33.7s
[K      11/20      4.92G     0.6919     0.4728     0.9273         61       1024: 16% ━━────────── 19/112 2.7it/s 7.4s<34.6s
[K      11/20      4.92G     0.7036      0.484     0.9345         59       1024: 17% ━━────────── 20/112 2.8it/s 7.7s<32.9s
[K      11/20      4.92G      0.694     0.4777     0.9288        172       1024: 18% ━━────────── 21/112 2.7it/s 8.1s<33.4s
[K      11/20      4.92G     0.6894     0.4773      0.926         95       1024: 19% ━━────────── 22/112 2.8it/s 8.5s<32.4s
[K      11/20      4.92G     0.6906     0.4759     0.9285        108       1024: 20% ━━────────── 23/112 2.7it/s 8.8s<32.6s
[K      11/20      4.92G     0.6861     0.4728      0.926         85       1024: 21% ━━╸───────── 24/112 2.8it/s 9.2s<31.4s
[K      11/20      4.92G     0.6891     0.4713      0.924        217       1024: 22% ━━╸───────── 25/112 2.7it/s 9.6s<32.0s
[K      11/20      4.92G     0.6918     0.4753      0.926         92       1024: 23% ━━╸───────── 26/112 2.8it/s 9.9s<30.9s
[K      11/20      4.92G     0.6841     0.4708     0.9218        147       1024: 24% ━━╸───────── 27/112 2.7it/s 10.3s<31.7s
[K      11/20      4.92G     0.6777     0.4684     0.9195         72       1024: 25% ━━━───────── 28/112 2.7it/s 10.7s<31.0s
[K      11/20      4.92G     0.6806     0.4702     0.9208         92       1024: 25% ━━━───────── 29/112 2.6it/s 11.1s<31.3s
[K      11/20      4.92G     0.6788     0.4682     0.9187         98       1024: 26% ━━━───────── 30/112 2.8it/s 11.4s<29.7s
[K      11/20      4.92G     0.6849     0.4766     0.9255         46       1024: 27% ━━━───────── 31/112 2.7it/s 11.8s<30.1s
[K      11/20      4.92G     0.6843     0.4767     0.9281         75       1024: 28% ━━━───────── 32/112 2.8it/s 12.2s<29.1s
[K      11/20      4.92G     0.6825     0.4747     0.9258        225       1024: 29% ━━━╸──────── 33/112 2.7it/s 12.6s<29.4s
[K      11/20      4.92G     0.6842     0.4774     0.9277         91       1024: 30% ━━━╸──────── 34/112 2.8it/s 12.9s<27.9s
[K      11/20      4.92G     0.6921     0.4879     0.9325         60       1024: 31% ━━━╸──────── 35/112 2.7it/s 13.3s<28.5s
[K      11/20      4.92G     0.6891     0.4849     0.9313        120       1024: 32% ━━━╸──────── 36/112 2.8it/s 13.6s<27.2s
[K      11/20      4.92G     0.6823     0.4799     0.9272        264       1024: 33% ━━━╸──────── 37/112 2.7it/s 14.0s<28.1s
[K      11/20      4.92G     0.6829     0.4782     0.9256        212       1024: 33% ━━━━──────── 38/112 2.7it/s 14.4s<27.8s
[K      11/20      4.92G     0.6876     0.4908     0.9314         19       1024: 34% ━━━━──────── 39/112 2.6it/s 14.8s<28.4s
[K      11/20      4.92G      0.685     0.4887     0.9309        188       1024: 35% ━━━━──────── 40/112 2.6it/s 15.2s<27.2s
[K      11/20      4.92G     0.6848     0.4911     0.9319         63       1024: 36% ━━━━──────── 41/112 2.7it/s 15.6s<26.7s
[K      11/20      4.92G     0.6854     0.4913     0.9322        104       1024: 37% ━━━━──────── 42/112 2.8it/s 15.9s<25.2s
[K      11/20      4.92G     0.6832     0.4893     0.9313         79       1024: 38% ━━━━╸─────── 43/112 2.7it/s 16.3s<25.7s
[K      11/20      4.92G     0.6807     0.4871     0.9292        198       1024: 39% ━━━━╸─────── 44/112 2.8it/s 16.6s<24.5s
[K      11/20      4.92G      0.681     0.4893       0.93         72       1024: 40% ━━━━╸─────── 45/112 2.7it/s 17.0s<25.0s
[K      11/20      4.92G     0.6758     0.4865     0.9289         86       1024: 41% ━━━━╸─────── 46/112 2.8it/s 17.4s<23.5s
[K      11/20      4.92G     0.6735      0.486      0.929         69       1024: 41% ━━━━━─────── 47/112 2.8it/s 17.7s<23.6s
[K      11/20      4.92G     0.6734     0.4845     0.9271        188       1024: 42% ━━━━━─────── 48/112 2.7it/s 18.1s<23.6s
[K      11/20      4.92G     0.6678     0.4804     0.9243        173       1024: 43% ━━━━━─────── 49/112 2.6it/s 18.5s<23.8s
[K      11/20      4.92G     0.6667     0.4795      0.924        118       1024: 44% ━━━━━─────── 50/112 2.8it/s 18.8s<22.3s
[K      11/20      4.92G     0.6645     0.4779     0.9231         93       1024: 45% ━━━━━─────── 51/112 2.6it/s 19.3s<23.5s
[K      11/20      4.92G      0.661     0.4766      0.923         43       1024: 46% ━━━━━╸────── 52/112 2.7it/s 19.7s<22.3s
[K      11/20      4.92G     0.6558     0.4729     0.9203        163       1024: 47% ━━━━━╸────── 53/112 2.7it/s 20.0s<22.2s
[K      11/20      4.92G     0.6539     0.4704     0.9181        241       1024: 48% ━━━━━╸────── 54/112 2.7it/s 20.4s<21.2s
[K      11/20      4.92G     0.6536     0.4683     0.9164        212       1024: 49% ━━━━━╸────── 55/112 2.7it/s 20.8s<21.1s
[K      11/20      4.92G     0.6516     0.4668     0.9156        191       1024: 50% ━━━━━━────── 56/112 2.8it/s 21.1s<20.3s
[K      11/20      4.92G     0.6558     0.4751     0.9204         35       1024: 50% ━━━━━━────── 57/112 2.7it/s 21.5s<20.4s
[K      11/20      4.92G     0.6558     0.4761     0.9205         75       1024: 51% ━━━━━━────── 58/112 2.8it/s 21.8s<19.4s
[K      11/20      4.92G     0.6609     0.4793     0.9201        104       1024: 52% ━━━━━━────── 59/112 2.7it/s 22.2s<19.7s
[K      11/20      4.92G     0.6606     0.4799     0.9202        104       1024: 53% ━━━━━━────── 60/112 2.7it/s 22.6s<19.0s
[K      11/20      4.92G     0.6621     0.4861     0.9209         27       1024: 54% ━━━━━━╸───── 61/112 2.7it/s 23.0s<18.9s
[K      11/20      4.92G     0.6608     0.4844     0.9197        222       1024: 55% ━━━━━━╸───── 62/112 2.8it/s 23.3s<18.0s
[K      11/20      4.92G     0.6633     0.4865     0.9208        119       1024: 56% ━━━━━━╸───── 63/112 2.7it/s 23.7s<18.2s
[K      11/20      4.92G      0.661     0.4867     0.9207         43       1024: 57% ━━━━━━╸───── 64/112 2.8it/s 24.0s<17.2s
[K      11/20      4.92G     0.6601     0.4862     0.9211         56       1024: 58% ━━━━━━╸───── 65/112 2.7it/s 24.4s<17.2s
[K      11/20      4.92G     0.6673     0.5023     0.9272          9       1024: 58% ━━━━━━━───── 66/112 2.8it/s 24.8s<16.6s
[K      11/20      4.92G     0.6655     0.5002     0.9253        199       1024: 59% ━━━━━━━───── 67/112 2.7it/s 25.2s<16.6s
[K      11/20      4.92G       0.67     0.5029     0.9272        107       1024: 60% ━━━━━━━───── 68/112 2.8it/s 25.5s<15.7s
[K      11/20      4.92G     0.6697      0.501     0.9256        167       1024: 61% ━━━━━━━───── 69/112 2.7it/s 25.9s<15.9s
[K      11/20      4.92G     0.6674     0.4985     0.9235        337       1024: 62% ━━━━━━━───── 70/112 2.8it/s 26.2s<15.0s
[K      11/20      4.92G     0.6689     0.5021     0.9268         28       1024: 63% ━━━━━━━╸──── 71/112 2.7it/s 26.6s<15.2s
[K      11/20      4.92G     0.6674     0.5002     0.9254        256       1024: 64% ━━━━━━━╸──── 72/112 2.8it/s 27.0s<14.4s
[K      11/20      4.92G     0.6703     0.5025     0.9281         43       1024: 65% ━━━━━━━╸──── 73/112 2.7it/s 27.4s<14.3s
[K      11/20      4.92G     0.6738     0.5035       0.93        125       1024: 66% ━━━━━━━╸──── 74/112 2.8it/s 27.7s<13.7s
[K      11/20      4.92G     0.6782     0.5065     0.9335         27       1024: 66% ━━━━━━━━──── 75/112 2.7it/s 28.1s<13.7s
[K      11/20      4.92G     0.6795     0.5089      0.936         63       1024: 67% ━━━━━━━━──── 76/112 2.8it/s 28.4s<12.8s
[K      11/20      4.92G     0.6788     0.5085     0.9353        102       1024: 68% ━━━━━━━━──── 77/112 2.7it/s 28.8s<12.8s
[K      11/20      4.92G     0.6792     0.5093     0.9354         78       1024: 69% ━━━━━━━━──── 78/112 2.8it/s 29.2s<12.2s
[K      11/20      4.92G     0.6834     0.5104     0.9382         71       1024: 70% ━━━━━━━━──── 79/112 2.7it/s 29.6s<12.2s
[K      11/20      4.92G     0.6821     0.5097     0.9383         65       1024: 71% ━━━━━━━━╸─── 80/112 2.8it/s 29.9s<11.5s
[K      11/20      4.92G     0.6826     0.5143     0.9401         26       1024: 72% ━━━━━━━━╸─── 81/112 2.7it/s 30.3s<11.6s
[K      11/20      4.92G     0.6858     0.5234     0.9431         14       1024: 73% ━━━━━━━━╸─── 82/112 2.7it/s 30.7s<11.1s
[K      11/20      4.92G      0.686     0.5234     0.9427        128       1024: 74% ━━━━━━━━╸─── 83/112 2.6it/s 31.1s<11.1s
[K      11/20      4.92G     0.6888     0.5259     0.9439        124       1024: 75% ━━━━━━━━━─── 84/112 2.6it/s 31.5s<10.6s
[K      11/20      4.92G       0.69     0.5259     0.9441        201       1024: 75% ━━━━━━━━━─── 85/112 2.6it/s 31.9s<10.5s
[K      11/20      4.92G     0.6885     0.5242     0.9425        268       1024: 76% ━━━━━━━━━─── 86/112 2.6it/s 32.2s<10.0s
[K      11/20      4.92G     0.6888     0.5253     0.9427         62       1024: 77% ━━━━━━━━━─── 87/112 2.6it/s 32.7s<9.8s
[K      11/20      4.92G      0.691     0.5274     0.9438         64       1024: 78% ━━━━━━━━━─── 88/112 2.7it/s 33.0s<9.0s
[K      11/20      4.92G     0.6902     0.5263     0.9423         62       1024: 79% ━━━━━━━━━╸── 89/112 2.7it/s 33.4s<8.6s
[K      11/20      4.92G     0.6906     0.5254     0.9416        226       1024: 80% ━━━━━━━━━╸── 90/112 2.7it/s 33.7s<8.1s
[K      11/20      4.92G       0.69     0.5241     0.9403        170       1024: 81% ━━━━━━━━━╸── 91/112 2.7it/s 34.1s<7.9s
[K      11/20      4.92G     0.6881     0.5224      0.939        154       1024: 82% ━━━━━━━━━╸── 92/112 2.8it/s 34.5s<7.3s
[K      11/20      4.92G     0.6863     0.5207     0.9376        158       1024: 83% ━━━━━━━━━╸── 93/112 2.7it/s 34.9s<7.1s
[K      11/20      4.92G     0.6851     0.5196     0.9371        137       1024: 83% ━━━━━━━━━━── 94/112 2.8it/s 35.2s<6.4s
[K      11/20      4.92G     0.6829     0.5176     0.9357        185       1024: 84% ━━━━━━━━━━── 95/112 2.7it/s 35.6s<6.3s
[K      11/20      4.92G     0.6832     0.5174     0.9355        200       1024: 85% ━━━━━━━━━━── 96/112 2.8it/s 35.9s<5.8s
[K      11/20      4.92G     0.6856     0.5201     0.9371         44       1024: 86% ━━━━━━━━━━── 97/112 2.7it/s 36.3s<5.5s
[K      11/20      4.92G     0.6878      0.521     0.9376        107       1024: 87% ━━━━━━━━━━── 98/112 2.8it/s 36.6s<5.0s
[K      11/20      4.92G     0.6909     0.5223     0.9401         46       1024: 88% ━━━━━━━━━━╸─ 99/112 2.7it/s 37.0s<4.8s
[K      11/20      4.92G     0.6902     0.5211     0.9392        153       1024: 89% ━━━━━━━━━━╸─ 100/112 2.8it/s 37.4s<4.3s
[K      11/20      4.92G     0.6905     0.5202     0.9388        109       1024: 90% ━━━━━━━━━━╸─ 101/112 2.7it/s 37.8s<4.0s
[K      11/20      4.92G     0.6914       0.52     0.9395        153       1024: 91% ━━━━━━━━━━╸─ 102/112 2.8it/s 38.1s<3.6s
[K      11/20      4.92G     0.6913     0.5198      0.939        185       1024: 91% ━━━━━━━━━━━─ 103/112 2.7it/s 38.5s<3.3s
[K      11/20      4.92G     0.6957      0.521     0.9398        121       1024: 92% ━━━━━━━━━━━─ 104/112 2.8it/s 38.8s<2.9s
[K      11/20      4.92G     0.6937     0.5197     0.9387         97       1024: 93% ━━━━━━━━━━━─ 105/112 2.7it/s 39.2s<2.6s
[K      11/20      4.92G     0.6938     0.5194     0.9391        112       1024: 94% ━━━━━━━━━━━─ 106/112 2.8it/s 39.6s<2.2s
[K      11/20      4.92G     0.6946     0.5203     0.9395         72       1024: 95% ━━━━━━━━━━━─ 107/112 2.7it/s 40.0s<1.8s
[K      11/20      4.92G     0.6943     0.5193     0.9385         91       1024: 96% ━━━━━━━━━━━╸ 108/112 2.8it/s 40.3s<1.4s
[K      11/20      4.92G     0.6936     0.5189     0.9378         67       1024: 97% ━━━━━━━━━━━╸ 109/112 2.7it/s 40.7s<1.1s
[K      11/20      4.92G     0.7002     0.5251     0.9401         30       1024: 98% ━━━━━━━━━━━╸ 110/112 2.8it/s 41.0s<0.7s
[K      11/20      4.92G     0.7013     0.5253      0.941         69       1024: 99% ━━━━━━━━━━━╸ 111/112 2.7it/s 41.4s<0.4s
[K      11/20      4.92G     0.7013     0.5253      0.941         69       1024: 100% ━━━━━━━━━━━━ 112/112 2.7it/s 41.4s

[K                 Class     Images  Instances      Box(P          R      mAP50  mAP50-95): 50% ━━━━━━────── 1/2 2.8s/it 0.8s<2.8s
[K                 Class     Images  Instances      Box(P          R      mAP50  mAP50-95): 100% ━━━━━━━━━━━━ 2/2 2.3it/s 0.9s
                   all          9       1052      0.492      0.227      0.216      0.134
[2026-09-28T12:42:10.219265+00:00] TRAIN baseline epoch 11/20: optimizer=672/1165, batches=112/112, loss=2.1676

      Epoch    GPU_mem   box_loss   cls_loss   dfl_loss  Instances       Size

[K      12/20      4.92G      0.501     0.3174     0.7914        175       1024: 0% ──────────── 0/112  0.3s
[K      12/20      4.92G     0.7806     0.5358     0.9583         59       1024: 0% ──────────── 1/112 1.2s/it 0.7s<2:08
[K      12/20      4.92G     0.8597     0.5776      1.044         60       1024: 1% ──────────── 2/112 1.3it/s 1.1s<1:24
[K      12/20      4.92G     0.7795     0.5238      0.989        210       1024: 2% ──────────── 3/112 1.7it/s 1.5s<1:03
[K      12/20      4.92G     0.7384     0.5031     0.9666        178       1024: 3% ──────────── 4/112 2.1it/s 1.8s<51.0s
[K      12/20      4.92G     0.7101      0.497     0.9523         38       1024: 4% ╸─────────── 5/112 2.2it/s 2.2s<49.0s
[K      12/20      4.92G     0.7322     0.4989     0.9586         97       1024: 5% ╸─────────── 6/112 2.5it/s 2.5s<42.5s
[K      12/20      4.92G      0.722     0.5137     0.9521         45       1024: 6% ╸─────────── 7/112 2.5it/s 2.9s<42.1s
[K      12/20      4.92G     0.7083     0.5119      0.946        107       1024: 7% ╸─────────── 8/112 2.6it/s 3.3s<40.0s
[K      12/20      4.92G     0.6931     0.5087     0.9463         52       1024: 8% ╸─────────── 9/112 2.7it/s 3.6s<38.7s
[K      12/20      4.92G     0.7203     0.5241     0.9547        143       1024: 8% ━─────────── 10/112 2.7it/s 4.0s<38.3s
[K      12/20      4.92G     0.7105     0.5119      0.948        123       1024: 9% ━─────────── 11/112 2.6it/s 4.4s<38.5s
[K      12/20      4.92G     0.7154     0.5509     0.9568         20       1024: 10% ━─────────── 12/112 2.8it/s 4.7s<35.6s
[K      12/20      4.92G     0.7021     0.5397      0.952        121       1024: 11% ━─────────── 13/112 2.7it/s 5.1s<36.6s
[K      12/20      4.92G     0.7127     0.5377     0.9509         92       1024: 12% ━─────────── 14/112 2.8it/s 5.5s<35.2s
[K      12/20      4.92G      0.699     0.5275     0.9426        150       1024: 13% ━╸────────── 15/112 2.7it/s 5.9s<35.6s
[K      12/20      4.92G      0.688     0.5163     0.9346        256       1024: 14% ━╸────────── 16/112 2.8it/s 6.2s<34.7s
[K      12/20      4.92G     0.6847     0.5085     0.9308        104       1024: 15% ━╸────────── 17/112 2.7it/s 6.6s<35.3s
[K      12/20      4.92G     0.6801     0.5019      0.927        204       1024: 16% ━╸────────── 18/112 2.8it/s 6.9s<33.4s
[K      12/20      4.92G     0.6718     0.4956     0.9262         51       1024: 16% ━━────────── 19/112 2.7it/s 7.3s<34.3s
[K      12/20      4.92G      0.664     0.4896     0.9208        128       1024: 17% ━━────────── 20/112 2.8it/s 7.7s<32.9s
[K      12/20      4.92G     0.6552     0.4816     0.9144        234       1024: 18% ━━────────── 21/112 2.7it/s 8.1s<33.4s
[K      12/20      4.92G      0.651     0.4777      0.913         82       1024: 19% ━━────────── 22/112 2.8it/s 8.4s<32.3s
[K      12/20      4.92G     0.6466     0.4732     0.9099        214       1024: 20% ━━────────── 23/112 2.7it/s 8.8s<32.6s
[K      12/20      4.92G     0.6456     0.4704     0.9083        137       1024: 21% ━━╸───────── 24/112 2.7it/s 9.1s<32.2s
[K      12/20      4.92G     0.6447     0.4703     0.9089         66       1024: 22% ━━╸───────── 25/112 2.7it/s 9.5s<32.4s
[K      12/20      4.92G     0.6347     0.4628     0.9043        197       1024: 23% ━━╸───────── 26/112 2.8it/s 9.9s<30.9s
[K      12/20      4.92G     0.6397     0.4631     0.9057        170       1024: 24% ━━╸───────── 27/112 2.7it/s 10.3s<31.4s
[K      12/20      4.92G     0.6523     0.4696     0.9067        175       1024: 25% ━━━───────── 28/112 2.8it/s 10.6s<30.0s
[K      12/20      4.92G     0.6451     0.4631     0.9016        254       1024: 25% ━━━───────── 29/112 2.7it/s 11.0s<30.4s
[K      12/20      4.92G      0.639     0.4594     0.8992         73       1024: 26% ━━━───────── 30/112 2.8it/s 11.3s<29.4s
[K      12/20      4.92G     0.6447     0.4616     0.9012        160       1024: 27% ━━━───────── 31/112 2.7it/s 11.7s<29.7s
[K      12/20      4.92G     0.6408     0.4574     0.8976        233       1024: 28% ━━━───────── 32/112 2.8it/s 12.0s<28.4s
[K      12/20      4.92G     0.6407     0.4561     0.8979        137       1024: 29% ━━━╸──────── 33/112 2.7it/s 12.4s<28.9s
[K      12/20      4.92G     0.6373     0.4522     0.8954        217       1024: 30% ━━━╸──────── 34/112 2.8it/s 12.8s<28.0s
[K      12/20      4.92G     0.6453     0.4544     0.8954        288       1024: 31% ━━━╸──────── 35/112 2.7it/s 13.2s<28.4s
[K      12/20      4.92G     0.6542     0.4582     0.8991        119       1024: 32% ━━━╸──────── 36/112 2.8it/s 13.5s<27.3s
[K      12/20      4.92G     0.6596     0.4615     0.9027        121       1024: 33% ━━━╸──────── 37/112 2.7it/s 13.9s<27.4s
[K      12/20      4.92G     0.6551      0.458     0.9002        179       1024: 33% ━━━━──────── 38/112 2.8it/s 14.2s<26.7s
[K      12/20      4.92G     0.6598     0.4645     0.9055         32       1024: 34% ━━━━──────── 39/112 2.7it/s 14.6s<26.9s
[K      12/20      4.92G     0.6565     0.4616     0.9032        302       1024: 35% ━━━━──────── 40/112 2.8it/s 15.0s<25.9s
[K      12/20      4.92G      0.663     0.4694      0.908         41       1024: 36% ━━━━──────── 41/112 2.7it/s 15.4s<26.2s
[K      12/20      4.92G      0.657      0.465     0.9052        168       1024: 37% ━━━━──────── 42/112 2.8it/s 15.7s<25.2s
[K      12/20      4.92G     0.6578     0.4667     0.9069         82       1024: 38% ━━━━╸─────── 43/112 2.7it/s 16.1s<25.6s
[K      12/20      4.92G     0.6621     0.4678      0.909         97       1024: 39% ━━━━╸─────── 44/112 2.8it/s 16.4s<24.4s
[K      12/20      4.92G     0.6558     0.4638     0.9061        165       1024: 40% ━━━━╸─────── 45/112 2.7it/s 16.8s<24.6s
[K      12/20      4.92G     0.6588     0.4673      0.909         50       1024: 41% ━━━━╸─────── 46/112 2.7it/s 17.2s<24.0s
[K      12/20      4.92G     0.6546     0.4642     0.9065        227       1024: 41% ━━━━━─────── 47/112 2.7it/s 17.6s<24.1s
[K      12/20      4.92G     0.6512     0.4617     0.9047        272       1024: 42% ━━━━━─────── 48/112 2.8it/s 17.9s<23.1s
[K      12/20      4.92G     0.6513     0.4623     0.9068         57       1024: 43% ━━━━━─────── 49/112 2.7it/s 18.3s<23.4s
[K      12/20      4.92G     0.6537     0.4628      0.908        118       1024: 44% ━━━━━─────── 50/112 2.8it/s 18.6s<22.1s
[K      12/20      4.92G     0.6559     0.4693     0.9146         11       1024: 45% ━━━━━─────── 51/112 2.7it/s 19.0s<22.3s
[K      12/20      4.92G      0.663     0.4727     0.9167        138       1024: 46% ━━━━━╸────── 52/112 2.8it/s 19.4s<21.5s
[K      12/20      4.92G     0.6599     0.4714     0.9159         98       1024: 47% ━━━━━╸────── 53/112 2.7it/s 19.7s<21.6s
[K      12/20      4.92G     0.6587     0.4696     0.9153        284       1024: 48% ━━━━━╸────── 54/112 2.8it/s 20.1s<21.1s
[K      12/20      4.92G     0.6635     0.4722     0.9157         54       1024: 49% ━━━━━╸────── 55/112 2.7it/s 20.5s<20.9s
[K      12/20      4.92G     0.6684     0.4742     0.9153        243       1024: 50% ━━━━━━────── 56/112 2.8it/s 20.8s<20.0s
[K      12/20      4.92G     0.6703     0.4756     0.9168         53       1024: 50% ━━━━━━────── 57/112 2.7it/s 21.2s<20.4s
[K      12/20      4.92G      0.668     0.4763     0.9165         69       1024: 51% ━━━━━━────── 58/112 2.8it/s 21.5s<19.2s
[K      12/20      4.92G     0.6662     0.4757     0.9167         82       1024: 52% ━━━━━━────── 59/112 2.8it/s 21.9s<19.2s
[K      12/20      4.92G     0.6646     0.4756     0.9161         45       1024: 53% ━━━━━━────── 60/112 2.8it/s 22.3s<18.6s
[K      12/20      4.92G     0.6636     0.4749     0.9165        122       1024: 54% ━━━━━━╸───── 61/112 2.7it/s 22.7s<18.6s
[K      12/20      4.92G     0.6627     0.4735     0.9155        120       1024: 55% ━━━━━━╸───── 62/112 2.8it/s 23.0s<17.9s
[K      12/20      4.92G     0.6593      0.471     0.9136        187       1024: 56% ━━━━━━╸───── 63/112 2.7it/s 23.4s<18.0s
[K      12/20      4.92G     0.6683     0.4736     0.9156        280       1024: 57% ━━━━━━╸───── 64/112 2.7it/s 23.8s<17.6s
[K      12/20      4.92G     0.6749     0.4776     0.9172         26       1024: 58% ━━━━━━╸───── 65/112 2.7it/s 24.1s<17.5s
[K      12/20      4.92G     0.6759     0.4772     0.9174         71       1024: 58% ━━━━━━━───── 66/112 2.7it/s 24.5s<16.7s
[K      12/20      4.92G     0.6727     0.4749     0.9157        146       1024: 59% ━━━━━━━───── 67/112 2.6it/s 24.9s<17.0s
[K      12/20      4.92G     0.6754     0.4776     0.9173         72       1024: 60% ━━━━━━━───── 68/112 2.7it/s 25.2s<16.1s
[K      12/20      4.92G     0.6735     0.4758     0.9159        167       1024: 61% ━━━━━━━───── 69/112 2.7it/s 25.6s<15.9s
[K      12/20      4.92G     0.6736      0.477     0.9168        121       1024: 62% ━━━━━━━───── 70/112 2.7it/s 26.0s<15.3s
[K      12/20      4.92G     0.6711     0.4755     0.9154        150       1024: 63% ━━━━━━━╸──── 71/112 2.7it/s 26.4s<15.2s
[K      12/20      4.92G     0.6693     0.4749     0.9158         53       1024: 64% ━━━━━━━╸──── 72/112 2.8it/s 26.7s<14.3s
[K      12/20      4.92G     0.6718     0.4758     0.9189         33       1024: 65% ━━━━━━━╸──── 73/112 2.7it/s 27.1s<14.4s
[K      12/20      4.92G      0.669     0.4739     0.9171        220       1024: 66% ━━━━━━━╸──── 74/112 2.8it/s 27.4s<13.6s
[K      12/20      4.92G     0.6709     0.4736     0.9164        115       1024: 66% ━━━━━━━━──── 75/112 2.7it/s 27.8s<13.6s
[K      12/20      4.92G     0.6684     0.4726     0.9156         56       1024: 67% ━━━━━━━━──── 76/112 2.8it/s 28.2s<12.9s
[K      12/20      4.92G     0.6665     0.4713     0.9143        121       1024: 68% ━━━━━━━━──── 77/112 2.7it/s 28.6s<12.9s
[K      12/20      4.92G     0.6633     0.4691     0.9128        173       1024: 69% ━━━━━━━━──── 78/112 2.8it/s 28.9s<12.2s
[K      12/20      4.92G     0.6626     0.4694     0.9135         63       1024: 70% ━━━━━━━━──── 79/112 2.7it/s 29.3s<12.1s
[K      12/20      4.92G     0.6651     0.4708     0.9148         66       1024: 71% ━━━━━━━━╸─── 80/112 2.8it/s 29.6s<11.4s
[K      12/20      4.92G     0.6655     0.4712     0.9153         78       1024: 72% ━━━━━━━━╸─── 81/112 2.7it/s 30.0s<11.3s
[K      12/20      4.92G     0.6681     0.4723      0.916        119       1024: 73% ━━━━━━━━╸─── 82/112 2.8it/s 30.3s<10.7s
[K      12/20      4.92G     0.6662     0.4711      0.915        145       1024: 74% ━━━━━━━━╸─── 83/112 2.7it/s 30.7s<10.7s
[K      12/20      4.92G     0.6658     0.4717     0.9148         93       1024: 75% ━━━━━━━━━─── 84/112 2.8it/s 31.1s<10.0s
[K      12/20      4.92G     0.6667     0.4739     0.9155         65       1024: 75% ━━━━━━━━━─── 85/112 2.7it/s 31.5s<9.9s
[K      12/20      4.92G     0.6703     0.4757     0.9166         64       1024: 76% ━━━━━━━━━─── 86/112 2.8it/s 31.8s<9.3s
[K      12/20      4.92G     0.6681     0.4742     0.9156        112       1024: 77% ━━━━━━━━━─── 87/112 2.7it/s 32.2s<9.2s
[K      12/20      4.92G     0.6656     0.4727     0.9145        146       1024: 78% ━━━━━━━━━─── 88/112 2.8it/s 32.5s<8.6s
[K      12/20      4.92G      0.667     0.4744     0.9156         38       1024: 79% ━━━━━━━━━╸── 89/112 2.7it/s 32.9s<8.4s
[K      12/20      4.92G     0.6672     0.4746     0.9163         69       1024: 80% ━━━━━━━━━╸── 90/112 2.8it/s 33.3s<7.9s
[K      12/20      4.92G     0.6663     0.4736     0.9153        174       1024: 81% ━━━━━━━━━╸── 91/112 2.7it/s 33.6s<7.7s
[K      12/20      4.92G     0.6693     0.4746      0.915        139       1024: 82% ━━━━━━━━━╸── 92/112 2.8it/s 34.0s<7.2s
[K      12/20      4.92G     0.6685      0.474     0.9149        101       1024: 83% ━━━━━━━━━╸── 93/112 2.7it/s 34.4s<7.0s
[K      12/20      4.92G     0.6705     0.4761     0.9167         44       1024: 83% ━━━━━━━━━━── 94/112 2.8it/s 34.7s<6.5s
[K      12/20      4.92G     0.6675     0.4744     0.9151        134       1024: 84% ━━━━━━━━━━── 95/112 2.7it/s 35.1s<6.4s
[K      12/20      4.92G     0.6697     0.4748     0.9148        216       1024: 85% ━━━━━━━━━━── 96/112 2.7it/s 35.5s<6.0s
[K      12/20      4.92G      0.667     0.4734     0.9142         71       1024: 86% ━━━━━━━━━━── 97/112 2.6it/s 35.9s<5.8s
[K      12/20      4.92G     0.6644     0.4716     0.9129        180       1024: 87% ━━━━━━━━━━── 98/112 2.7it/s 36.3s<5.2s
[K      12/20      4.92G     0.6662     0.4744     0.9149         48       1024: 88% ━━━━━━━━━━╸─ 99/112 2.6it/s 36.7s<4.9s
[K      12/20      4.92G     0.6695     0.4757     0.9161        132       1024: 89% ━━━━━━━━━━╸─ 100/112 2.7it/s 37.0s<4.4s
[K      12/20      4.92G     0.6671     0.4742     0.9155         87       1024: 90% ━━━━━━━━━━╸─ 101/112 2.7it/s 37.4s<4.1s
[K      12/20      4.92G     0.6653     0.4727     0.9144        144       1024: 91% ━━━━━━━━━━╸─ 102/112 2.7it/s 37.7s<3.6s
[K      12/20      4.92G     0.6679      0.476     0.9156         43       1024: 91% ━━━━━━━━━━━─ 103/112 2.7it/s 38.1s<3.3s
[K      12/20      4.92G     0.6687     0.4782     0.9173         29       1024: 92% ━━━━━━━━━━━─ 104/112 2.8it/s 38.5s<2.9s
[K      12/20      4.92G     0.6664     0.4767     0.9166         86       1024: 93% ━━━━━━━━━━━─ 105/112 2.7it/s 38.9s<2.6s
[K      12/20      4.92G     0.6686     0.4777     0.9171        129       1024: 94% ━━━━━━━━━━━─ 106/112 2.8it/s 39.2s<2.2s
[K      12/20      4.92G     0.6693     0.4784     0.9174         57       1024: 95% ━━━━━━━━━━━─ 107/112 2.7it/s 39.6s<1.8s
[K      12/20      4.92G     0.6678     0.4769     0.9162        193       1024: 96% ━━━━━━━━━━━╸ 108/112 2.8it/s 39.9s<1.4s
[K      12/20      4.92G     0.6754     0.4826     0.9219         23       1024: 97% ━━━━━━━━━━━╸ 109/112 2.7it/s 40.3s<1.1s
[K      12/20      4.92G     0.6746     0.4821     0.9217         85       1024: 98% ━━━━━━━━━━━╸ 110/112 2.8it/s 40.7s<0.7s
[K      12/20      4.92G     0.6734     0.4811     0.9209        159       1024: 99% ━━━━━━━━━━━╸ 111/112 2.7it/s 41.1s<0.4s
[K      12/20      4.92G     0.6734     0.4811     0.9209        159       1024: 100% ━━━━━━━━━━━━ 112/112 2.7it/s 41.1s

[K                 Class     Images  Instances      Box(P          R      mAP50  mAP50-95): 50% ━━━━━━────── 1/2 2.7s/it 0.8s<2.7s
[K                 Class     Images  Instances      Box(P          R      mAP50  mAP50-95): 100% ━━━━━━━━━━━━ 2/2 2.4it/s 0.8s
                   all          9       1052      0.509      0.239      0.229      0.147
[2026-09-28T12:42:52.902713+00:00] TRAIN baseline epoch 12/20: optimizer=728/1165, batches=112/112, loss=2.0754

      Epoch    GPU_mem   box_loss   cls_loss   dfl_loss  Instances       Size

[K      13/20      4.92G     0.4489     0.3286     0.8011        142       1024: 0% ──────────── 0/112  0.3s
[K      13/20      4.92G     0.6157     0.4597      0.955         69       1024: 0% ──────────── 1/112 1.2s/it 0.7s<2:13
[K      13/20      4.92G     0.6416     0.4787     0.9483         61       1024: 1% ──────────── 2/112 1.3it/s 1.1s<1:24
[K      13/20      4.92G     0.6824     0.4828     0.9373        213       1024: 2% ──────────── 3/112 1.7it/s 1.5s<1:03
[K      13/20      4.92G     0.6652     0.4636     0.9314        113       1024: 3% ──────────── 4/112 2.1it/s 1.8s<50.9s
[K      13/20      4.92G     0.6641     0.4805     0.9302         55       1024: 4% ╸─────────── 5/112 2.2it/s 2.2s<49.5s
[K      13/20      4.92G     0.6317     0.4582     0.9108        222       1024: 5% ╸─────────── 6/112 2.4it/s 2.6s<43.5s
[K      13/20      4.92G     0.6231     0.4489     0.9006        144       1024: 6% ╸─────────── 7/112 2.5it/s 3.0s<42.8s
[K      13/20      4.92G     0.6693     0.5994      0.976          4       1024: 7% ╸─────────── 8/112 2.6it/s 3.3s<40.2s
[K      13/20      4.92G     0.6565     0.5723     0.9585         91       1024: 8% ╸─────────── 9/112 2.6it/s 3.7s<39.2s
[K      13/20      4.92G     0.6801     0.5734     0.9731         94       1024: 8% ━─────────── 10/112 2.7it/s 4.0s<38.0s
[K      13/20      4.92G     0.6651     0.5619      0.964         58       1024: 9% ━─────────── 11/112 2.7it/s 4.4s<38.1s
[K      13/20      4.92G     0.6671     0.6066     0.9722          6       1024: 10% ━─────────── 12/112 2.8it/s 4.7s<35.5s
[K      13/20      4.92G     0.6752     0.6078     0.9703         97       1024: 11% ━─────────── 13/112 2.7it/s 5.1s<36.3s
[K      13/20      4.92G     0.6658     0.5902     0.9605        197       1024: 12% ━─────────── 14/112 2.8it/s 5.5s<35.2s
[K      13/20      4.92G     0.6547      0.573     0.9499        173       1024: 13% ━╸────────── 15/112 2.7it/s 5.9s<35.4s
[K      13/20      4.92G      0.647     0.5621       0.95         45       1024: 14% ━╸────────── 16/112 2.8it/s 6.2s<34.4s
[K      13/20      4.92G     0.6545     0.5604     0.9511        112       1024: 15% ━╸────────── 17/112 2.7it/s 6.6s<34.9s
[K      13/20      4.92G     0.6522     0.5502     0.9453         84       1024: 16% ━╸────────── 18/112 2.8it/s 6.9s<33.3s
[K      13/20      4.92G     0.6517     0.5457     0.9431         88       1024: 16% ━━────────── 19/112 2.7it/s 7.3s<34.0s
[K      13/20      4.92G     0.6412     0.5345     0.9374        144       1024: 17% ━━────────── 20/112 2.8it/s 7.7s<33.1s
[K      13/20      4.92G     0.6341      0.525     0.9328        198       1024: 18% ━━────────── 21/112 2.7it/s 8.0s<33.4s
[K      13/20      4.92G     0.6278     0.5168     0.9277        119       1024: 19% ━━────────── 22/112 2.8it/s 8.4s<32.2s
[K      13/20      4.92G     0.6193     0.5091     0.9224        142       1024: 20% ━━────────── 23/112 2.7it/s 8.8s<32.9s
[K      13/20      4.92G     0.6284     0.5135      0.924        203       1024: 21% ━━╸───────── 24/112 2.7it/s 9.1s<32.2s
[K      13/20      4.92G     0.6476     0.5206     0.9261         56       1024: 22% ━━╸───────── 25/112 2.7it/s 9.5s<32.8s
[K      13/20      4.92G     0.6459     0.5171     0.9256         79       1024: 23% ━━╸───────── 26/112 2.8it/s 9.9s<31.2s
[K      13/20      4.92G     0.6425      0.513     0.9226        137       1024: 24% ━━╸───────── 27/112 2.7it/s 10.3s<31.4s
[K      13/20      4.92G     0.6344     0.5059     0.9183        208       1024: 25% ━━━───────── 28/112 2.7it/s 10.6s<30.7s
[K      13/20      4.92G     0.6344     0.5032     0.9175        112       1024: 25% ━━━───────── 29/112 2.7it/s 11.0s<30.9s
[K      13/20      4.92G     0.6278      0.497     0.9132        135       1024: 26% ━━━───────── 30/112 2.8it/s 11.3s<29.7s
[K      13/20      4.92G     0.6403     0.5152     0.9235         12       1024: 27% ━━━───────── 31/112 2.7it/s 11.7s<30.1s
[K      13/20      4.92G     0.6582     0.5182     0.9255        197       1024: 28% ━━━───────── 32/112 2.7it/s 12.1s<29.2s
[K      13/20      4.92G     0.6583     0.5175     0.9246         91       1024: 29% ━━━╸──────── 33/112 2.7it/s 12.5s<29.3s
[K      13/20      4.92G     0.6553     0.5139     0.9239        143       1024: 30% ━━━╸──────── 34/112 2.8it/s 12.8s<28.0s
[K      13/20      4.92G     0.6488     0.5086     0.9206        148       1024: 31% ━━━╸──────── 35/112 2.7it/s 13.2s<28.5s
[K      13/20      4.92G     0.6437     0.5035     0.9173        137       1024: 32% ━━━╸──────── 36/112 2.8it/s 13.5s<27.3s
[K      13/20      4.92G     0.6452     0.5038     0.9178         76       1024: 33% ━━━╸──────── 37/112 2.7it/s 13.9s<27.7s
[K      13/20      4.92G     0.6601     0.5108     0.9216         38       1024: 33% ━━━━──────── 38/112 2.8it/s 14.3s<26.6s
[K      13/20      4.92G     0.6561      0.507     0.9205         70       1024: 34% ━━━━──────── 39/112 2.7it/s 14.7s<26.8s
[K      13/20      4.92G     0.6554     0.5049     0.9197         81       1024: 35% ━━━━──────── 40/112 2.8it/s 15.0s<25.8s
[K      13/20      4.92G     0.6494     0.4996     0.9162        194       1024: 36% ━━━━──────── 41/112 2.7it/s 15.4s<26.5s
[K      13/20      4.92G     0.6463     0.4956     0.9138        257       1024: 37% ━━━━──────── 42/112 2.7it/s 15.8s<25.6s
[K      13/20      4.92G     0.6494     0.4959     0.9148        137       1024: 38% ━━━━╸─────── 43/112 2.7it/s 16.1s<25.6s
[K      13/20      4.92G     0.6552     0.5003     0.9191         80       1024: 39% ━━━━╸─────── 44/112 2.8it/s 16.5s<24.4s
[K      13/20      4.92G     0.6524     0.4969     0.9164        115       1024: 40% ━━━━╸─────── 45/112 2.7it/s 16.9s<24.9s
[K      13/20      4.92G     0.6475     0.4935     0.9141        153       1024: 41% ━━━━╸─────── 46/112 2.7it/s 17.2s<24.0s
[K      13/20      4.92G      0.648     0.4937     0.9149        108       1024: 41% ━━━━━─────── 47/112 2.7it/s 17.6s<23.9s
[K      13/20      4.92G     0.6435     0.4896     0.9122        273       1024: 42% ━━━━━─────── 48/112 2.8it/s 17.9s<22.9s
[K      13/20      4.92G     0.6442     0.4891     0.9126        105       1024: 43% ━━━━━─────── 49/112 2.7it/s 18.3s<23.2s
[K      13/20      4.92G      0.642     0.4864     0.9113        107       1024: 44% ━━━━━─────── 50/112 2.8it/s 18.7s<21.9s
[K      13/20      4.92G     0.6368     0.4821     0.9084        162       1024: 45% ━━━━━─────── 51/112 2.7it/s 19.1s<22.3s
[K      13/20      4.92G     0.6408     0.4864     0.9113         34       1024: 46% ━━━━━╸────── 52/112 2.8it/s 19.4s<21.3s
[K      13/20      4.92G     0.6375     0.4836     0.9096        200       1024: 47% ━━━━━╸────── 53/112 2.7it/s 19.8s<21.5s
[K      13/20      4.92G     0.6331     0.4801     0.9075        147       1024: 48% ━━━━━╸────── 54/112 2.8it/s 20.1s<20.7s
[K      13/20      4.92G     0.6389     0.4805     0.9077        230       1024: 49% ━━━━━╸────── 55/112 2.7it/s 20.5s<21.1s
[K      13/20      4.92G     0.6351     0.4773     0.9063        190       1024: 50% ━━━━━━────── 56/112 2.8it/s 20.9s<19.7s
[K      13/20      4.92G     0.6317     0.4745     0.9049        165       1024: 50% ━━━━━━────── 57/112 2.8it/s 21.2s<20.0s
[K      13/20      4.92G     0.6275     0.4713     0.9031        140       1024: 51% ━━━━━━────── 58/112 2.8it/s 21.6s<19.3s
[K      13/20      4.92G     0.6246     0.4702     0.9028         45       1024: 52% ━━━━━━────── 59/112 2.8it/s 22.0s<19.3s
[K      13/20      4.92G      0.626     0.4704     0.9038        108       1024: 53% ━━━━━━────── 60/112 2.8it/s 22.3s<18.6s
[K      13/20      4.92G     0.6219     0.4669     0.9017        163       1024: 54% ━━━━━━╸───── 61/112 2.7it/s 22.7s<18.7s
[K      13/20      4.92G     0.6207     0.4657     0.9014         70       1024: 55% ━━━━━━╸───── 62/112 2.8it/s 23.0s<17.6s
[K      13/20      4.92G     0.6229     0.4693     0.9028         47       1024: 56% ━━━━━━╸───── 63/112 2.7it/s 23.4s<18.2s
[K      13/20      4.92G     0.6198     0.4667     0.9014        186       1024: 57% ━━━━━━╸───── 64/112 2.8it/s 23.8s<17.3s
[K      13/20      4.92G     0.6225     0.4692     0.9036         48       1024: 58% ━━━━━━╸───── 65/112 2.7it/s 24.2s<17.2s
[K      13/20      4.92G     0.6235     0.4687     0.9037        233       1024: 58% ━━━━━━━───── 66/112 2.8it/s 24.5s<16.6s
[K      13/20      4.92G     0.6233     0.4677     0.9032        106       1024: 59% ━━━━━━━───── 67/112 2.7it/s 24.9s<16.6s
[K      13/20      4.92G     0.6214      0.466     0.9025         93       1024: 60% ━━━━━━━───── 68/112 2.8it/s 25.2s<15.6s
[K      13/20      4.92G      0.619     0.4652     0.9015         45       1024: 61% ━━━━━━━───── 69/112 2.7it/s 25.6s<15.6s
[K      13/20      4.92G     0.6162      0.463     0.9003        149       1024: 62% ━━━━━━━───── 70/112 2.8it/s 26.0s<15.0s
[K      13/20      4.92G     0.6201     0.4687     0.9044         29       1024: 63% ━━━━━━━╸──── 71/112 2.7it/s 26.3s<15.0s
[K      13/20      4.92G     0.6216     0.4679     0.9038        170       1024: 64% ━━━━━━━╸──── 72/112 2.8it/s 26.7s<14.4s
[K      13/20      4.92G     0.6213     0.4683     0.9034         92       1024: 65% ━━━━━━━╸──── 73/112 2.7it/s 27.1s<14.4s
[K      13/20      4.92G     0.6267     0.4734     0.9083         20       1024: 66% ━━━━━━━╸──── 74/112 2.8it/s 27.4s<13.8s
[K      13/20      4.92G     0.6255     0.4736      0.909         60       1024: 66% ━━━━━━━━──── 75/112 2.6it/s 27.9s<14.3s
[K      13/20      4.92G     0.6224     0.4723     0.9083         56       1024: 67% ━━━━━━━━──── 76/112 2.7it/s 28.2s<13.6s
[K      13/20      4.92G     0.6253      0.473     0.9083        138       1024: 68% ━━━━━━━━──── 77/112 2.6it/s 28.7s<13.6s
[K      13/20      4.92G     0.6276      0.474     0.9106         64       1024: 69% ━━━━━━━━──── 78/112 2.7it/s 29.0s<12.7s
[K      13/20      4.92G     0.6253     0.4718     0.9087        131       1024: 70% ━━━━━━━━──── 79/112 2.6it/s 29.4s<12.6s
[K      13/20      4.92G     0.6239     0.4706     0.9082         50       1024: 71% ━━━━━━━━╸─── 80/112 2.7it/s 29.7s<11.8s
[K      13/20      4.92G     0.6294     0.4739      0.912         12       1024: 72% ━━━━━━━━╸─── 81/112 2.6it/s 30.2s<11.8s
[K      13/20      4.92G      0.627     0.4723     0.9109        109       1024: 73% ━━━━━━━━╸─── 82/112 2.7it/s 30.5s<10.9s
[K      13/20      4.92G     0.6254     0.4706     0.9098        188       1024: 74% ━━━━━━━━╸─── 83/112 2.7it/s 30.9s<10.7s
[K      13/20      4.92G     0.6224     0.4682     0.9082        232       1024: 75% ━━━━━━━━━─── 84/112 2.8it/s 31.2s<10.2s
[K      13/20      4.92G     0.6206     0.4672     0.9082         56       1024: 75% ━━━━━━━━━─── 85/112 2.7it/s 31.6s<10.0s
[K      13/20      4.92G     0.6214     0.4669      0.908        113       1024: 76% ━━━━━━━━━─── 86/112 2.8it/s 31.9s<9.2s
[K      13/20      4.92G      0.625     0.4688     0.9101         86       1024: 77% ━━━━━━━━━─── 87/112 2.7it/s 32.3s<9.2s
[K      13/20      4.92G     0.6248     0.4682     0.9099        121       1024: 78% ━━━━━━━━━─── 88/112 2.8it/s 32.7s<8.6s
[K      13/20      4.92G      0.623     0.4669     0.9091        110       1024: 79% ━━━━━━━━━╸── 89/112 2.7it/s 33.0s<8.4s
[K      13/20      4.92G     0.6209     0.4653      0.908        198       1024: 80% ━━━━━━━━━╸── 90/112 2.8it/s 33.4s<7.9s
[K      13/20      4.92G     0.6207     0.4654     0.9082         79       1024: 81% ━━━━━━━━━╸── 91/112 2.7it/s 33.8s<7.7s
[K      13/20      4.92G     0.6174     0.4635      0.907         62       1024: 82% ━━━━━━━━━╸── 92/112 2.8it/s 34.1s<7.2s
[K      13/20      4.92G      0.618     0.4629     0.9066        107       1024: 83% ━━━━━━━━━╸── 93/112 2.7it/s 34.5s<7.0s
[K      13/20      4.92G     0.6185     0.4632     0.9071         77       1024: 83% ━━━━━━━━━━── 94/112 2.8it/s 34.8s<6.4s
[K      13/20      4.92G     0.6224     0.4691     0.9084         12       1024: 84% ━━━━━━━━━━── 95/112 2.7it/s 35.2s<6.3s
[K      13/20      4.92G     0.6194     0.4669     0.9069        166       1024: 85% ━━━━━━━━━━── 96/112 2.8it/s 35.6s<5.8s
[K      13/20      4.92G     0.6187     0.4661     0.9066         76       1024: 86% ━━━━━━━━━━── 97/112 2.7it/s 36.0s<5.5s
[K      13/20      4.92G     0.6207     0.4667     0.9079         75       1024: 87% ━━━━━━━━━━── 98/112 2.8it/s 36.3s<5.0s
[K      13/20      4.92G     0.6192      0.465     0.9066        400       1024: 88% ━━━━━━━━━━╸─ 99/112 2.7it/s 36.7s<4.8s
[K      13/20      4.92G     0.6188     0.4644     0.9065        154       1024: 89% ━━━━━━━━━━╸─ 100/112 2.7it/s 37.1s<4.4s
[K      13/20      4.92G     0.6168     0.4627     0.9056        163       1024: 90% ━━━━━━━━━━╸─ 101/112 2.6it/s 37.5s<4.2s
[K      13/20      4.92G     0.6155     0.4612      0.905        178       1024: 91% ━━━━━━━━━━╸─ 102/112 2.7it/s 37.8s<3.7s
[K      13/20      4.92G     0.6152     0.4602     0.9043        187       1024: 91% ━━━━━━━━━━━─ 103/112 2.6it/s 38.2s<3.4s
[K      13/20      4.92G      0.621     0.4678     0.9087         15       1024: 92% ━━━━━━━━━━━─ 104/112 2.7it/s 38.6s<2.9s
[K      13/20      4.92G     0.6221     0.4674     0.9086        175       1024: 93% ━━━━━━━━━━━─ 105/112 2.7it/s 39.0s<2.6s
[K      13/20      4.92G     0.6223      0.467     0.9093         60       1024: 94% ━━━━━━━━━━━─ 106/112 2.7it/s 39.3s<2.2s
[K      13/20      4.92G     0.6283     0.4727     0.9121         18       1024: 95% ━━━━━━━━━━━─ 107/112 2.7it/s 39.7s<1.9s
[K      13/20      4.92G     0.6272      0.471      0.911        209       1024: 96% ━━━━━━━━━━━╸ 108/112 2.8it/s 40.0s<1.4s
[K      13/20      4.92G     0.6252     0.4695     0.9102         79       1024: 97% ━━━━━━━━━━━╸ 109/112 2.7it/s 40.4s<1.1s
[K      13/20      4.92G     0.6255     0.4693     0.9102         62       1024: 98% ━━━━━━━━━━━╸ 110/112 2.8it/s 40.8s<0.7s
[K      13/20      4.92G     0.6249     0.4685     0.9094        163       1024: 99% ━━━━━━━━━━━╸ 111/112 2.8it/s 41.1s<0.4s
[K      13/20      4.92G     0.6249     0.4685     0.9094        163       1024: 100% ━━━━━━━━━━━━ 112/112 2.7it/s 41.1s

[K                 Class     Images  Instances      Box(P          R      mAP50  mAP50-95): 50% ━━━━━━────── 1/2 2.8s/it 0.8s<2.8s
[K                 Class     Images  Instances      Box(P          R      mAP50  mAP50-95): 100% ━━━━━━━━━━━━ 2/2 2.3it/s 0.9s
                   all          9       1052      0.607      0.233      0.217      0.146
[2026-09-28T12:43:35.602374+00:00] TRAIN baseline epoch 13/20: optimizer=784/1165, batches=112/112, loss=2.0028

      Epoch    GPU_mem   box_loss   cls_loss   dfl_loss  Instances       Size

[K      14/20      5.01G     0.8378     0.5067     0.9024        140       1024: 0% ──────────── 0/112  0.3s
[K      14/20      5.01G     0.9912     0.6132     0.9601        117       1024: 0% ──────────── 1/112 1.2s/it 0.7s<2:18
[K      14/20      5.01G      1.009     0.6492     0.9859        122       1024: 1% ──────────── 2/112 1.3it/s 1.1s<1:28
[K      14/20      5.01G     0.9404     0.6517     0.9928         64       1024: 2% ──────────── 3/112 1.7it/s 1.5s<1:04
[K      14/20      5.01G     0.8537     0.5981     0.9606        156       1024: 3% ──────────── 4/112 2.1it/s 1.8s<51.7s
[K      14/20      5.01G     0.7921     0.5537     0.9354        207       1024: 4% ╸─────────── 5/112 2.2it/s 2.2s<49.0s
[K      14/20      5.01G     0.7851     0.5992     0.9511         43       1024: 5% ╸─────────── 6/112 2.5it/s 2.6s<42.7s
[K      14/20      5.01G     0.8067     0.5979      0.958         77       1024: 6% ╸─────────── 7/112 2.5it/s 3.0s<42.8s
[K      14/20      5.01G     0.7649     0.5643     0.9364        269       1024: 7% ╸─────────── 8/112 2.5it/s 3.4s<41.1s
[K      14/20      5.01G     0.7319     0.5375     0.9195        284       1024: 8% ╸─────────── 9/112 2.6it/s 3.7s<40.2s
[K      14/20      5.01G     0.7511     0.5572     0.9445         47       1024: 8% ━─────────── 10/112 2.7it/s 4.1s<38.4s
[K      14/20      5.01G     0.7635     0.5582     0.9453        101       1024: 9% ━─────────── 11/112 2.6it/s 4.5s<38.4s
[K      14/20      5.01G     0.7525     0.5475     0.9428        137       1024: 10% ━─────────── 12/112 2.8it/s 4.8s<36.3s
[K      14/20      5.01G     0.7298     0.5295     0.9317        284       1024: 11% ━─────────── 13/112 2.7it/s 5.2s<37.2s
[K      14/20      5.01G     0.7115     0.5123     0.9207        308       1024: 12% ━─────────── 14/112 2.8it/s 5.5s<35.4s
[K      14/20      5.01G      0.709      0.512     0.9257         96       1024: 13% ━╸────────── 15/112 2.7it/s 5.9s<35.5s
[K      14/20      5.01G     0.7257     0.5157     0.9382        104       1024: 14% ━╸────────── 16/112 2.8it/s 6.3s<34.4s
[K      14/20      5.01G     0.7172     0.5086      0.933        131       1024: 15% ━╸────────── 17/112 2.7it/s 6.6s<34.9s
[K      14/20      5.01G     0.7093     0.4997     0.9293        238       1024: 16% ━╸────────── 18/112 2.7it/s 7.0s<34.2s
[K      14/20      5.01G     0.6909     0.4869     0.9207        187       1024: 16% ━━────────── 19/112 2.7it/s 7.4s<35.0s
[K      14/20      5.01G      0.699     0.4866     0.9205        198       1024: 17% ━━────────── 20/112 2.8it/s 7.7s<33.4s
[K      14/20      5.01G     0.6889     0.4792     0.9163        177       1024: 18% ━━────────── 21/112 2.7it/s 8.2s<34.2s
[K      14/20      5.01G     0.6735     0.4721     0.9117         64       1024: 19% ━━────────── 22/112 2.8it/s 8.5s<32.4s
[K      14/20      5.01G     0.6722     0.4705     0.9119        113       1024: 20% ━━────────── 23/112 2.7it/s 8.9s<32.5s
[K      14/20      5.01G     0.6638      0.465     0.9089        174       1024: 21% ━━╸───────── 24/112 2.8it/s 9.2s<31.6s
[K      14/20      5.01G     0.6538     0.4574      0.904        261       1024: 22% ━━╸───────── 25/112 2.7it/s 9.6s<32.1s
[K      14/20      5.01G     0.6521     0.4593     0.9068         59       1024: 23% ━━╸───────── 26/112 2.8it/s 9.9s<30.4s
[K      14/20      5.01G      0.647     0.4578     0.9082         56       1024: 24% ━━╸───────── 27/112 2.7it/s 10.3s<31.7s
[K      14/20      5.01G     0.6497     0.4577     0.9086        105       1024: 25% ━━━───────── 28/112 2.7it/s 10.7s<30.7s
[K      14/20      5.01G       0.65     0.4565     0.9079        172       1024: 25% ━━━───────── 29/112 2.7it/s 11.1s<31.2s
[K      14/20      5.01G     0.6505     0.4556      0.906        107       1024: 26% ━━━───────── 30/112 2.7it/s 11.5s<30.3s
[K      14/20      5.01G     0.6436     0.4506     0.9032        180       1024: 27% ━━━───────── 31/112 2.7it/s 11.8s<30.2s
[K      14/20      5.01G      0.638     0.4458     0.8996        146       1024: 28% ━━━───────── 32/112 2.8it/s 12.2s<28.9s
[K      14/20      5.01G     0.6308     0.4404     0.8958        204       1024: 29% ━━━╸──────── 33/112 2.7it/s 12.6s<29.4s
[K      14/20      5.01G     0.6361     0.4509     0.9029         18       1024: 30% ━━━╸──────── 34/112 2.8it/s 12.9s<27.9s
[K      14/20      5.01G     0.6321     0.4483     0.9009        162       1024: 31% ━━━╸──────── 35/112 2.7it/s 13.3s<28.6s
[K      14/20      5.01G     0.6259      0.444     0.8977        159       1024: 32% ━━━╸──────── 36/112 2.8it/s 13.7s<27.6s
[K      14/20      5.01G     0.6304     0.4469     0.9024         28       1024: 33% ━━━╸──────── 37/112 2.7it/s 14.0s<27.5s
[K      14/20      5.01G     0.6323     0.4474     0.9038        100       1024: 33% ━━━━──────── 38/112 2.8it/s 14.4s<26.7s
[K      14/20      5.01G     0.6325     0.4462     0.9031         68       1024: 34% ━━━━──────── 39/112 2.7it/s 14.8s<27.4s
[K      14/20      5.01G     0.6259     0.4418     0.8997        167       1024: 35% ━━━━──────── 40/112 2.7it/s 15.2s<26.6s
[K      14/20      5.01G     0.6294     0.4437     0.9019        154       1024: 36% ━━━━──────── 41/112 2.5it/s 15.6s<27.9s
[K      14/20      5.01G     0.6322     0.4452     0.9039         39       1024: 37% ━━━━──────── 42/112 2.6it/s 16.0s<26.5s
[K      14/20      5.01G     0.6332     0.4478     0.9056         51       1024: 38% ━━━━╸─────── 43/112 2.6it/s 16.4s<27.0s
[K      14/20      5.01G     0.6266     0.4438     0.9028        273       1024: 39% ━━━━╸─────── 44/112 2.6it/s 16.8s<26.2s
[K      14/20      5.01G     0.6266      0.442     0.9021        104       1024: 40% ━━━━╸─────── 45/112 2.6it/s 17.2s<26.3s
[K      14/20      5.01G     0.6251     0.4398      0.901         70       1024: 41% ━━━━╸─────── 46/112 2.6it/s 17.5s<25.4s
[K      14/20      5.01G     0.6203     0.4372     0.8989         64       1024: 41% ━━━━━─────── 47/112 2.6it/s 17.9s<25.0s
[K      14/20      5.01G     0.6231     0.4371      0.899        109       1024: 42% ━━━━━─────── 48/112 2.7it/s 18.3s<23.6s
[K      14/20      5.01G     0.6208     0.4358     0.8988         64       1024: 43% ━━━━━─────── 49/112 2.7it/s 18.6s<23.6s
[K      14/20      5.01G      0.618     0.4344     0.8982        121       1024: 44% ━━━━━─────── 50/112 2.7it/s 19.0s<22.7s
[K      14/20      5.01G     0.6193      0.434     0.8989         87       1024: 45% ━━━━━─────── 51/112 2.7it/s 19.4s<22.4s
[K      14/20      5.01G     0.6145     0.4305     0.8964        292       1024: 46% ━━━━━╸────── 52/112 2.8it/s 19.7s<21.7s
[K      14/20      5.01G     0.6106     0.4279     0.8942        140       1024: 47% ━━━━━╸────── 53/112 2.7it/s 20.1s<21.8s
[K      14/20      5.01G     0.6148     0.4304     0.8943         90       1024: 48% ━━━━━╸────── 54/112 2.8it/s 20.4s<20.5s
[K      14/20      5.01G     0.6137     0.4283     0.8928        375       1024: 49% ━━━━━╸────── 55/112 2.7it/s 20.8s<21.0s
[K      14/20      5.01G     0.6113     0.4261     0.8908        327       1024: 50% ━━━━━━────── 56/112 2.8it/s 21.2s<20.2s
[K      14/20      5.01G       0.61     0.4251     0.8902        134       1024: 50% ━━━━━━────── 57/112 2.7it/s 21.6s<20.2s
[K      14/20      5.01G     0.6101     0.4254     0.8905        163       1024: 51% ━━━━━━────── 58/112 2.8it/s 21.9s<19.1s
[K      14/20      5.01G     0.6116     0.4264      0.892         54       1024: 52% ━━━━━━────── 59/112 2.8it/s 22.3s<19.2s
[K      14/20      5.01G     0.6104     0.4248      0.891        124       1024: 53% ━━━━━━────── 60/112 2.8it/s 22.6s<18.6s
[K      14/20      5.01G     0.6076     0.4233     0.8898        151       1024: 54% ━━━━━━╸───── 61/112 2.7it/s 23.0s<18.6s
[K      14/20      5.01G     0.6155     0.4263     0.8927        115       1024: 55% ━━━━━━╸───── 62/112 2.7it/s 23.4s<18.2s
[K      14/20      5.01G     0.6184     0.4275     0.8941        180       1024: 56% ━━━━━━╸───── 63/112 2.7it/s 23.8s<18.2s
[K      14/20      5.01G     0.6214     0.4313     0.8958         29       1024: 57% ━━━━━━╸───── 64/112 2.8it/s 24.1s<17.0s
[K      14/20      5.01G     0.6191     0.4299     0.8957        106       1024: 58% ━━━━━━╸───── 65/112 2.7it/s 24.5s<17.2s
[K      14/20      5.01G     0.6166     0.4279     0.8946        122       1024: 58% ━━━━━━━───── 66/112 2.8it/s 24.8s<16.5s
[K      14/20      5.01G     0.6172     0.4291     0.8954         34       1024: 59% ━━━━━━━───── 67/112 2.8it/s 25.2s<16.3s
[K      14/20      5.01G     0.6219     0.4304     0.8971        144       1024: 60% ━━━━━━━───── 68/112 2.8it/s 25.5s<15.5s
[K      14/20      5.01G     0.6237     0.4296     0.8967        154       1024: 61% ━━━━━━━───── 69/112 2.7it/s 25.9s<15.9s
[K      14/20      5.01G     0.6234     0.4301     0.8968         98       1024: 62% ━━━━━━━───── 70/112 2.8it/s 26.3s<14.9s
[K      14/20      5.01G     0.6264     0.4334     0.8992         61       1024: 63% ━━━━━━━╸──── 71/112 2.7it/s 26.6s<14.9s
[K      14/20      5.01G     0.6255     0.4333     0.8989         88       1024: 64% ━━━━━━━╸──── 72/112 2.8it/s 27.0s<14.5s
[K      14/20      5.01G     0.6287     0.4364     0.9003         60       1024: 65% ━━━━━━━╸──── 73/112 2.7it/s 27.4s<14.4s
[K      14/20      5.01G     0.6299     0.4405     0.9031         19       1024: 66% ━━━━━━━╸──── 74/112 2.8it/s 27.7s<13.4s
[K      14/20      5.01G     0.6303     0.4406      0.904         66       1024: 66% ━━━━━━━━──── 75/112 2.7it/s 28.1s<13.6s
[K      14/20      5.01G     0.6308       0.44     0.9039         92       1024: 67% ━━━━━━━━──── 76/112 2.8it/s 28.4s<12.9s
[K      14/20      5.01G     0.6287     0.4384     0.9027        172       1024: 68% ━━━━━━━━──── 77/112 2.7it/s 28.8s<12.9s
[K      14/20      5.01G     0.6262     0.4364      0.901        238       1024: 69% ━━━━━━━━──── 78/112 2.8it/s 29.2s<12.2s
[K      14/20      5.01G     0.6244     0.4352     0.8997        260       1024: 70% ━━━━━━━━──── 79/112 2.7it/s 29.6s<12.2s
[K      14/20      5.01G     0.6247     0.4344     0.8987        221       1024: 71% ━━━━━━━━╸─── 80/112 2.8it/s 29.9s<11.5s
[K      14/20      5.01G     0.6243     0.4342     0.8989         30       1024: 72% ━━━━━━━━╸─── 81/112 2.7it/s 30.3s<11.5s
[K      14/20      5.01G     0.6215     0.4326     0.8977        190       1024: 73% ━━━━━━━━╸─── 82/112 2.8it/s 30.6s<10.7s
[K      14/20      5.01G     0.6235      0.438     0.8998         18       1024: 74% ━━━━━━━━╸─── 83/112 2.7it/s 31.0s<10.6s
[K      14/20      5.01G     0.6237     0.4388     0.9002        114       1024: 75% ━━━━━━━━━─── 84/112 2.8it/s 31.4s<10.1s
[K      14/20      5.01G     0.6212     0.4382     0.9003         42       1024: 75% ━━━━━━━━━─── 85/112 2.8it/s 31.7s<9.8s
[K      14/20      5.01G     0.6205     0.4375     0.9002         64       1024: 76% ━━━━━━━━━─── 86/112 2.8it/s 32.1s<9.2s
[K      14/20      5.01G     0.6232     0.4376     0.9004        148       1024: 77% ━━━━━━━━━─── 87/112 2.7it/s 32.5s<9.1s
[K      14/20      5.01G     0.6218     0.4366     0.8993        109       1024: 78% ━━━━━━━━━─── 88/112 2.8it/s 32.8s<8.5s
[K      14/20      5.01G     0.6248      0.437     0.8993        219       1024: 79% ━━━━━━━━━╸── 89/112 2.7it/s 33.2s<8.5s
[K      14/20      5.01G     0.6231     0.4357     0.8984        156       1024: 80% ━━━━━━━━━╸── 90/112 2.8it/s 33.6s<7.9s
[K      14/20      5.01G      0.625     0.4361     0.8984        187       1024: 81% ━━━━━━━━━╸── 91/112 2.7it/s 34.0s<7.9s
[K      14/20      5.01G     0.6239     0.4351     0.8977         57       1024: 82% ━━━━━━━━━╸── 92/112 2.7it/s 34.3s<7.3s
[K      14/20      5.01G     0.6223     0.4338     0.8968        199       1024: 83% ━━━━━━━━━╸── 93/112 2.7it/s 34.7s<7.1s
[K      14/20      5.01G     0.6236      0.434      0.897        101       1024: 83% ━━━━━━━━━━── 94/112 2.8it/s 35.0s<6.5s
[K      14/20      5.01G     0.6231     0.4334     0.8971        116       1024: 84% ━━━━━━━━━━── 95/112 2.7it/s 35.4s<6.3s
[K      14/20      5.01G     0.6275     0.4348     0.9001         88       1024: 85% ━━━━━━━━━━── 96/112 2.8it/s 35.8s<5.8s
[K      14/20      5.01G     0.6279     0.4348     0.9002         59       1024: 86% ━━━━━━━━━━── 97/112 2.7it/s 36.2s<5.5s
[K      14/20      5.01G     0.6262     0.4333     0.8993        172       1024: 87% ━━━━━━━━━━── 98/112 2.7it/s 36.5s<5.1s
[K      14/20      5.01G     0.6274     0.4358     0.9019         29       1024: 88% ━━━━━━━━━━╸─ 99/112 2.7it/s 36.9s<4.8s
[K      14/20      5.01G     0.6269     0.4353     0.9015        220       1024: 89% ━━━━━━━━━━╸─ 100/112 2.8it/s 37.2s<4.3s
[K      14/20      5.01G     0.6281      0.436     0.9022         89       1024: 90% ━━━━━━━━━━╸─ 101/112 2.7it/s 37.6s<4.0s
[K      14/20      5.01G     0.6303     0.4388     0.9048         19       1024: 91% ━━━━━━━━━━╸─ 102/112 2.8it/s 38.0s<3.5s
[K      14/20      5.01G     0.6288     0.4374     0.9036        185       1024: 91% ━━━━━━━━━━━─ 103/112 2.7it/s 38.3s<3.3s
[K      14/20      5.01G     0.6323     0.4383     0.9039        212       1024: 92% ━━━━━━━━━━━─ 104/112 2.8it/s 38.7s<2.9s
[K      14/20      5.01G      0.633     0.4387     0.9046         47       1024: 93% ━━━━━━━━━━━─ 105/112 2.7it/s 39.1s<2.6s
[K      14/20      5.01G     0.6347     0.4386      0.904        109       1024: 94% ━━━━━━━━━━━─ 106/112 2.8it/s 39.4s<2.2s
[K      14/20      5.01G     0.6341     0.4379     0.9035        174       1024: 95% ━━━━━━━━━━━─ 107/112 2.7it/s 39.8s<1.8s
[K      14/20      5.01G     0.6361     0.4389     0.9049         75       1024: 96% ━━━━━━━━━━━╸ 108/112 2.8it/s 40.2s<1.4s
[K      14/20      5.01G     0.6369     0.4388     0.9045        154       1024: 97% ━━━━━━━━━━━╸ 109/112 2.7it/s 40.6s<1.1s
[K      14/20      5.01G     0.6348     0.4376     0.9038         78       1024: 98% ━━━━━━━━━━━╸ 110/112 2.8it/s 40.9s<0.7s
[K      14/20      5.01G     0.6348     0.4368     0.9031        285       1024: 99% ━━━━━━━━━━━╸ 111/112 2.7it/s 41.3s<0.4s
[K      14/20      5.01G     0.6348     0.4368     0.9031        285       1024: 100% ━━━━━━━━━━━━ 112/112 2.7it/s 41.3s

[K                 Class     Images  Instances      Box(P          R      mAP50  mAP50-95): 50% ━━━━━━────── 1/2 2.7s/it 0.8s<2.7s
[K                 Class     Images  Instances      Box(P          R      mAP50  mAP50-95): 100% ━━━━━━━━━━━━ 2/2 2.4it/s 0.8s
                   all          9       1052      0.498      0.243      0.222      0.148
[2026-09-28T12:44:18.438156+00:00] TRAIN baseline epoch 14/20: optimizer=840/1165, batches=112/112, loss=1.9747

      Epoch    GPU_mem   box_loss   cls_loss   dfl_loss  Instances       Size

[K      15/20      4.96G     0.8254     0.5949     0.9523         61       1024: 0% ──────────── 0/112  0.3s
[K      15/20      4.96G     0.7433     0.5456     0.9438         44       1024: 0% ──────────── 1/112 1.2s/it 0.7s<2:13
[K      15/20      4.96G     0.6858     0.4798      0.914         88       1024: 1% ──────────── 2/112 1.3it/s 1.1s<1:23
[K      15/20      4.96G     0.5998     0.4357      0.887         68       1024: 2% ──────────── 3/112 1.7it/s 1.5s<1:02
[K      15/20      4.96G     0.6018     0.4266     0.8803        143       1024: 3% ──────────── 4/112 2.2it/s 1.8s<50.0s
[K      15/20      4.96G     0.6261     0.4345     0.8883         63       1024: 4% ╸─────────── 5/112 2.2it/s 2.2s<48.6s
[K      15/20      4.96G     0.5935     0.4147     0.8792        111       1024: 5% ╸─────────── 6/112 2.5it/s 2.5s<42.5s
[K      15/20      4.96G     0.5812      0.405     0.8751         87       1024: 6% ╸─────────── 7/112 2.5it/s 2.9s<41.9s
[K      15/20      4.96G     0.5918     0.3992     0.8715        160       1024: 7% ╸─────────── 8/112 2.6it/s 3.3s<40.2s
[K      15/20      4.96G     0.5743     0.3876     0.8611        239       1024: 8% ╸─────────── 9/112 2.6it/s 3.7s<39.4s
[K      15/20      4.96G       0.56     0.3788     0.8541        144       1024: 8% ━─────────── 10/112 2.7it/s 4.0s<37.6s
[K      15/20      4.96G     0.6048     0.4287     0.8774         37       1024: 9% ━─────────── 11/112 2.6it/s 4.4s<38.1s
[K      15/20      4.96G     0.5932     0.4207      0.872        180       1024: 10% ━─────────── 12/112 2.7it/s 4.7s<36.9s
[K      15/20      4.96G     0.5904     0.4186     0.8714        152       1024: 11% ━─────────── 13/112 2.7it/s 5.1s<37.2s
[K      15/20      4.96G     0.5723     0.4116     0.8672         31       1024: 12% ━─────────── 14/112 2.8it/s 5.5s<34.9s
[K      15/20      4.96G     0.5903     0.4234     0.8818         34       1024: 13% ━╸────────── 15/112 2.7it/s 5.8s<35.5s
[K      15/20      4.96G     0.5912     0.4183     0.8803        100       1024: 14% ━╸────────── 16/112 2.8it/s 6.2s<34.6s
[K      15/20      4.96G     0.5992     0.4246      0.883        101       1024: 15% ━╸────────── 17/112 2.7it/s 6.6s<35.1s
[K      15/20      4.96G     0.5902     0.4175     0.8798        153       1024: 16% ━╸────────── 18/112 2.8it/s 6.9s<33.5s
[K      15/20      4.96G     0.5845     0.4131     0.8755        131       1024: 16% ━━────────── 19/112 2.7it/s 7.3s<34.2s
[K      15/20      4.96G     0.5958     0.4171      0.878         78       1024: 17% ━━────────── 20/112 2.8it/s 7.7s<33.1s
[K      15/20      4.96G     0.6082     0.4322     0.8937         17       1024: 18% ━━────────── 21/112 2.8it/s 8.0s<33.1s
[K      15/20      4.96G     0.6126     0.4314     0.8964        187       1024: 19% ━━────────── 22/112 2.8it/s 8.4s<32.3s
[K      15/20      4.96G      0.604     0.4245     0.8919        141       1024: 20% ━━────────── 23/112 2.7it/s 8.8s<32.8s
[K      15/20      4.96G      0.605     0.4235     0.8916         75       1024: 21% ━━╸───────── 24/112 2.8it/s 9.1s<31.4s
[K      15/20      4.96G     0.6063     0.4236     0.8935         86       1024: 22% ━━╸───────── 25/112 2.7it/s 9.5s<31.9s
[K      15/20      4.96G     0.6071     0.4219     0.8943        101       1024: 23% ━━╸───────── 26/112 2.8it/s 9.8s<30.4s
[K      15/20      4.96G     0.6035     0.4188     0.8922         83       1024: 24% ━━╸───────── 27/112 2.8it/s 10.2s<30.8s
[K      15/20      4.96G     0.6089     0.4186     0.8911        320       1024: 25% ━━━───────── 28/112 2.8it/s 10.5s<29.8s
[K      15/20      4.96G     0.6028     0.4145     0.8895        107       1024: 25% ━━━───────── 29/112 2.7it/s 10.9s<30.4s
[K      15/20      4.96G     0.5982     0.4117     0.8875        122       1024: 26% ━━━───────── 30/112 2.8it/s 11.3s<29.5s
[K      15/20      4.96G     0.6153     0.4311     0.8996         18       1024: 27% ━━━───────── 31/112 2.8it/s 11.7s<29.3s
[K      15/20      4.96G     0.6229     0.4437     0.9013         12       1024: 28% ━━━───────── 32/112 2.8it/s 12.0s<28.8s
[K      15/20      4.96G     0.6225     0.4456     0.9019         73       1024: 29% ━━━╸──────── 33/112 2.7it/s 12.4s<29.1s
[K      15/20      4.96G     0.6331     0.4571     0.9139         12       1024: 30% ━━━╸──────── 34/112 2.9it/s 12.7s<27.3s
[K      15/20      4.96G     0.6259     0.4522     0.9107        115       1024: 31% ━━━╸──────── 35/112 2.7it/s 13.1s<28.1s
[K      15/20      4.96G     0.6231     0.4505     0.9112         63       1024: 32% ━━━╸──────── 36/112 2.8it/s 13.4s<26.8s
[K      15/20      4.96G     0.6207     0.4477     0.9085        169       1024: 33% ━━━╸──────── 37/112 2.8it/s 13.8s<27.0s
[K      15/20      4.96G     0.6169      0.446      0.907         98       1024: 33% ━━━━──────── 38/112 2.8it/s 14.2s<26.6s
[K      15/20      4.96G     0.6114     0.4424     0.9054         92       1024: 34% ━━━━──────── 39/112 2.7it/s 14.6s<26.7s
[K      15/20      4.96G     0.6084     0.4405     0.9044         69       1024: 35% ━━━━──────── 40/112 2.9it/s 14.9s<25.2s
[K      15/20      4.96G     0.6037     0.4367     0.9026        123       1024: 36% ━━━━──────── 41/112 2.7it/s 15.3s<25.9s
[K      15/20      4.96G     0.6098     0.4474     0.9128         10       1024: 37% ━━━━──────── 42/112 2.8it/s 15.6s<24.9s
[K      15/20      4.96G      0.607     0.4443     0.9099        368       1024: 38% ━━━━╸─────── 43/112 2.8it/s 16.0s<25.1s
[K      15/20      4.96G     0.6165     0.4459     0.9122         34       1024: 39% ━━━━╸─────── 44/112 2.8it/s 16.4s<24.5s
[K      15/20      4.96G     0.6112     0.4418     0.9093        207       1024: 40% ━━━━╸─────── 45/112 2.7it/s 16.7s<24.6s
[K      15/20      4.96G     0.6136     0.4411     0.9077        232       1024: 41% ━━━━╸─────── 46/112 2.8it/s 17.1s<23.4s
[K      15/20      4.96G     0.6104     0.4379     0.9056        114       1024: 41% ━━━━━─────── 47/112 2.7it/s 17.5s<23.9s
[K      15/20      4.96G     0.6059     0.4357     0.9047         40       1024: 42% ━━━━━─────── 48/112 2.8it/s 17.8s<22.8s
[K      15/20      4.96G     0.6036     0.4332     0.9037        151       1024: 43% ━━━━━─────── 49/112 2.8it/s 18.2s<22.7s
[K      15/20      4.96G     0.6001     0.4299     0.9013        214       1024: 44% ━━━━━─────── 50/112 2.8it/s 18.5s<22.4s
[K      15/20      4.96G     0.5995     0.4365     0.9038         20       1024: 45% ━━━━━─────── 51/112 2.7it/s 18.9s<22.4s
[K      15/20      4.96G     0.5979     0.4357      0.903        128       1024: 46% ━━━━━╸────── 52/112 2.8it/s 19.2s<21.3s
[K      15/20      4.96G     0.6021     0.4413     0.9083         28       1024: 47% ━━━━━╸────── 53/112 2.7it/s 19.7s<21.8s
[K      15/20      4.96G     0.6003     0.4388     0.9068        192       1024: 48% ━━━━━╸────── 54/112 2.7it/s 20.0s<21.1s
[K      15/20      4.96G     0.6014     0.4396     0.9065         49       1024: 49% ━━━━━╸────── 55/112 2.7it/s 20.4s<21.3s
[K      15/20      4.96G     0.6016     0.4384     0.9064        112       1024: 50% ━━━━━━────── 56/112 2.7it/s 20.8s<20.8s
[K      15/20      4.96G     0.6004     0.4367      0.905        245       1024: 50% ━━━━━━────── 57/112 2.7it/s 21.1s<20.5s
[K      15/20      4.96G     0.6002     0.4369     0.9055        100       1024: 51% ━━━━━━────── 58/112 2.7it/s 21.5s<19.7s
[K      15/20      4.96G     0.5984     0.4352     0.9043        138       1024: 52% ━━━━━━────── 59/112 2.6it/s 21.9s<20.1s
[K      15/20      4.96G     0.5944     0.4325     0.9026        100       1024: 53% ━━━━━━────── 60/112 2.7it/s 22.3s<19.1s
[K      15/20      4.96G     0.5952     0.4328     0.9029         90       1024: 54% ━━━━━━╸───── 61/112 2.7it/s 22.6s<19.1s
[K      15/20      4.96G      0.592     0.4306     0.9013        140       1024: 55% ━━━━━━╸───── 62/112 2.7it/s 23.0s<18.3s
[K      15/20      4.96G     0.5906     0.4295     0.9014         93       1024: 56% ━━━━━━╸───── 63/112 2.7it/s 23.4s<18.4s
[K      15/20      4.96G     0.5955     0.4314     0.9028         64       1024: 57% ━━━━━━╸───── 64/112 2.8it/s 23.7s<17.2s
[K      15/20      4.96G     0.5967     0.4336     0.9061         34       1024: 58% ━━━━━━╸───── 65/112 2.7it/s 24.1s<17.3s
[K      15/20      4.96G     0.5943     0.4319      0.905         64       1024: 58% ━━━━━━━───── 66/112 2.8it/s 24.4s<16.5s
[K      15/20      4.96G     0.5968     0.4343     0.9071         59       1024: 59% ━━━━━━━───── 67/112 2.8it/s 24.8s<16.3s
[K      15/20      4.96G     0.5936     0.4318      0.905        138       1024: 60% ━━━━━━━───── 68/112 2.8it/s 25.2s<15.6s
[K      15/20      4.96G     0.5968     0.4336     0.9055        168       1024: 61% ━━━━━━━───── 69/112 2.7it/s 25.6s<16.1s
[K      15/20      4.96G     0.5968     0.4361     0.9063         35       1024: 62% ━━━━━━━───── 70/112 2.8it/s 25.9s<15.1s
[K      15/20      4.96G     0.5958      0.435     0.9056        130       1024: 63% ━━━━━━━╸──── 71/112 2.7it/s 26.3s<15.0s
[K      15/20      4.96G     0.5976     0.4358     0.9068         54       1024: 64% ━━━━━━━╸──── 72/112 2.8it/s 26.6s<14.2s
[K      15/20      4.96G     0.5944     0.4337     0.9057         71       1024: 65% ━━━━━━━╸──── 73/112 2.7it/s 27.0s<14.4s
[K      15/20      4.96G     0.5942     0.4326     0.9051        284       1024: 66% ━━━━━━━╸──── 74/112 2.7it/s 27.4s<13.8s
[K      15/20      4.96G     0.5934      0.432     0.9045         90       1024: 66% ━━━━━━━━──── 75/112 2.6it/s 27.9s<14.5s
[K      15/20      4.96G     0.5917     0.4304     0.9033         82       1024: 67% ━━━━━━━━──── 76/112 2.6it/s 28.2s<13.6s
[K      15/20      4.96G      0.593     0.4331     0.9071         22       1024: 68% ━━━━━━━━──── 77/112 2.5it/s 28.6s<13.8s
[K      15/20      4.96G      0.591     0.4313     0.9056        228       1024: 69% ━━━━━━━━──── 78/112 2.6it/s 29.0s<13.2s
[K      15/20      4.96G     0.5917     0.4311     0.9051        136       1024: 70% ━━━━━━━━──── 79/112 2.5it/s 29.5s<13.3s
[K      15/20      4.96G     0.5886     0.4288     0.9035        213       1024: 71% ━━━━━━━━╸─── 80/112 2.5it/s 29.8s<12.6s
[K      15/20      4.96G     0.5922     0.4322     0.9051         41       1024: 72% ━━━━━━━━╸─── 81/112 2.5it/s 30.3s<12.5s
[K      15/20      4.96G     0.5913     0.4313      0.905         51       1024: 73% ━━━━━━━━╸─── 82/112 2.6it/s 30.6s<11.7s
[K      15/20      4.96G     0.5898     0.4299      0.904        240       1024: 74% ━━━━━━━━╸─── 83/112 2.5it/s 31.1s<11.7s
[K      15/20      4.96G     0.5898     0.4297     0.9041         97       1024: 75% ━━━━━━━━━─── 84/112 2.5it/s 31.4s<11.1s
[K      15/20      4.96G     0.5867     0.4279     0.9031         77       1024: 75% ━━━━━━━━━─── 85/112 2.4it/s 31.9s<11.1s
[K      15/20      4.96G     0.5838     0.4266     0.9025         42       1024: 76% ━━━━━━━━━─── 86/112 2.6it/s 32.2s<10.2s
[K      15/20      4.96G     0.5863     0.4283     0.9033         60       1024: 77% ━━━━━━━━━─── 87/112 2.5it/s 32.7s<10.0s
[K      15/20      4.96G     0.5882     0.4293     0.9038        129       1024: 78% ━━━━━━━━━─── 88/112 2.6it/s 33.0s<9.3s
[K      15/20      4.96G     0.5885     0.4326     0.9063         14       1024: 79% ━━━━━━━━━╸── 89/112 2.5it/s 33.5s<9.2s
[K      15/20      4.96G     0.5864     0.4313     0.9059        101       1024: 80% ━━━━━━━━━╸── 90/112 2.6it/s 33.8s<8.4s
[K      15/20      4.96G     0.5884     0.4323     0.9058        114       1024: 81% ━━━━━━━━━╸── 91/112 2.5it/s 34.2s<8.4s
[K      15/20      4.96G     0.5916     0.4376     0.9105         16       1024: 82% ━━━━━━━━━╸── 92/112 2.6it/s 34.6s<7.7s
[K      15/20      4.96G     0.5927     0.4374     0.9105        147       1024: 83% ━━━━━━━━━╸── 93/112 2.5it/s 35.0s<7.6s
[K      15/20      4.96G     0.5924     0.4366     0.9102        170       1024: 83% ━━━━━━━━━━── 94/112 2.5it/s 35.4s<7.1s
[K      15/20      4.96G     0.5919     0.4364     0.9106         75       1024: 84% ━━━━━━━━━━── 95/112 2.5it/s 35.8s<6.8s
[K      15/20      4.96G     0.5915     0.4363     0.9106         78       1024: 85% ━━━━━━━━━━── 96/112 2.6it/s 36.2s<6.2s
[K      15/20      4.96G     0.5982      0.444      0.915         12       1024: 86% ━━━━━━━━━━── 97/112 2.6it/s 36.6s<5.8s
[K      15/20      4.96G     0.6034      0.448     0.9182         47       1024: 87% ━━━━━━━━━━── 98/112 2.7it/s 36.9s<5.2s
[K      15/20      4.96G     0.6018     0.4466      0.917        144       1024: 88% ━━━━━━━━━━╸─ 99/112 2.6it/s 37.4s<5.1s
[K      15/20      4.96G     0.5995     0.4451     0.9162         54       1024: 89% ━━━━━━━━━━╸─ 100/112 2.7it/s 37.7s<4.4s
[K      15/20      4.96G      0.599     0.4441     0.9157        137       1024: 90% ━━━━━━━━━━╸─ 101/112 2.6it/s 38.1s<4.2s
[K      15/20      4.96G     0.5993     0.4437     0.9152        141       1024: 91% ━━━━━━━━━━╸─ 102/112 2.7it/s 38.4s<3.7s
[K      15/20      4.96G     0.6002     0.4435     0.9153        134       1024: 91% ━━━━━━━━━━━─ 103/112 2.7it/s 38.8s<3.4s
[K      15/20      4.96G     0.6002      0.443      0.915        130       1024: 92% ━━━━━━━━━━━─ 104/112 2.7it/s 39.2s<3.0s
[K      15/20      4.96G     0.5991     0.4419     0.9145        122       1024: 93% ━━━━━━━━━━━─ 105/112 2.6it/s 39.6s<2.7s
[K      15/20      4.96G     0.5967     0.4403     0.9134         92       1024: 94% ━━━━━━━━━━━─ 106/112 2.8it/s 39.9s<2.2s
[K      15/20      4.96G     0.5984     0.4413     0.9147         33       1024: 95% ━━━━━━━━━━━─ 107/112 2.6it/s 40.4s<1.9s
[K      15/20      4.96G     0.5979     0.4403     0.9143        135       1024: 96% ━━━━━━━━━━━╸ 108/112 2.8it/s 40.7s<1.4s
[K      15/20      4.96G     0.5968     0.4389     0.9133        206       1024: 97% ━━━━━━━━━━━╸ 109/112 2.7it/s 41.1s<1.1s
[K      15/20      4.96G     0.5963     0.4384     0.9127        176       1024: 98% ━━━━━━━━━━━╸ 110/112 2.8it/s 41.4s<0.7s
[K      15/20      4.96G     0.5944     0.4383     0.9121         39       1024: 99% ━━━━━━━━━━━╸ 111/112 2.7it/s 41.8s<0.4s
[K      15/20      4.96G     0.5944     0.4383     0.9121         39       1024: 100% ━━━━━━━━━━━━ 112/112 2.7it/s 41.8s

[K                 Class     Images  Instances      Box(P          R      mAP50  mAP50-95): 50% ━━━━━━────── 1/2 3.5s/it 1.0s<3.5s
[K                 Class     Images  Instances      Box(P          R      mAP50  mAP50-95): 100% ━━━━━━━━━━━━ 2/2 1.9it/s 1.1s
                   all          9       1052      0.517      0.218      0.205      0.138
[2026-09-28T12:45:02.083710+00:00] TRAIN baseline epoch 15/20: optimizer=896/1165, batches=112/112, loss=1.9448

      Epoch    GPU_mem   box_loss   cls_loss   dfl_loss  Instances       Size

[K      16/20      4.92G     0.3855     0.2948     0.7658        152       1024: 0% ──────────── 0/112  0.4s
[K      16/20      4.92G     0.5192     0.4384      0.871         40       1024: 0% ──────────── 1/112 1.3s/it 0.8s<2:29
[K      16/20      4.92G     0.5846     0.4329     0.8774        117       1024: 1% ──────────── 2/112 1.2it/s 1.2s<1:31
[K      16/20      4.92G     0.5185     0.3842     0.8457        132       1024: 2% ──────────── 3/112 1.6it/s 1.6s<1:09
[K      16/20      4.92G     0.4836     0.3593     0.8327        147       1024: 3% ──────────── 4/112 1.9it/s 2.0s<58.0s
[K      16/20      4.92G     0.5081     0.3955     0.8784         34       1024: 4% ╸─────────── 5/112 2.1it/s 2.4s<52.1s
[K      16/20      4.92G     0.4803     0.3722     0.8617        215       1024: 5% ╸─────────── 6/112 2.4it/s 2.7s<44.9s
[K      16/20      4.92G     0.5229     0.3894     0.8665         80       1024: 6% ╸─────────── 7/112 2.3it/s 3.2s<45.5s
[K      16/20      4.92G      0.536     0.4108     0.8891         33       1024: 7% ╸─────────── 8/112 2.5it/s 3.5s<41.4s
[K      16/20      4.92G     0.5645      0.454     0.9092         35       1024: 8% ╸─────────── 9/112 2.5it/s 3.9s<40.9s
[K      16/20      4.92G     0.5626     0.4483     0.9034        152       1024: 8% ━─────────── 10/112 2.6it/s 4.3s<39.4s
[K      16/20      4.92G     0.5405     0.4337      0.895         76       1024: 9% ━─────────── 11/112 2.6it/s 4.7s<39.4s
[K      16/20      4.92G     0.5543     0.4382     0.8974         71       1024: 10% ━─────────── 12/112 2.7it/s 5.0s<36.5s
[K      16/20      4.92G     0.5664     0.4357     0.8966        139       1024: 11% ━─────────── 13/112 2.6it/s 5.4s<37.7s
[K      16/20      4.92G     0.5573     0.4287     0.8925        136       1024: 12% ━─────────── 14/112 2.7it/s 5.8s<35.9s
[K      16/20      4.92G     0.6026     0.4592     0.9143         13       1024: 13% ━╸────────── 15/112 2.7it/s 6.1s<36.1s
[K      16/20      4.92G     0.5863     0.4474     0.9088        102       1024: 14% ━╸────────── 16/112 2.8it/s 6.5s<34.7s
[K      16/20      4.92G      0.574     0.4376     0.9045         89       1024: 15% ━╸────────── 17/112 2.7it/s 6.9s<35.7s
[K      16/20      4.92G     0.5856     0.4413     0.9097         51       1024: 16% ━╸────────── 18/112 2.8it/s 7.2s<33.4s
[K      16/20      4.92G      0.574      0.432     0.9024        132       1024: 16% ━━────────── 19/112 2.7it/s 7.6s<34.6s
[K      16/20      4.92G     0.5768     0.4283     0.8996        155       1024: 17% ━━────────── 20/112 2.7it/s 8.0s<33.9s
[K      16/20      4.92G     0.5868     0.4288     0.9011         86       1024: 18% ━━────────── 21/112 2.6it/s 8.4s<34.4s
[K      16/20      4.92G     0.5786     0.4227     0.8957        163       1024: 19% ━━────────── 22/112 2.7it/s 8.7s<33.0s
[K      16/20      4.92G     0.5837     0.4249     0.8974        111       1024: 20% ━━────────── 23/112 2.6it/s 9.1s<33.6s
[K      16/20      4.92G      0.603     0.4376     0.8983         53       1024: 21% ━━╸───────── 24/112 2.7it/s 9.5s<32.4s
[K      16/20      4.92G     0.6071     0.4365     0.8987        146       1024: 22% ━━╸───────── 25/112 2.7it/s 9.9s<32.8s
[K      16/20      4.92G     0.6009     0.4314     0.8948        195       1024: 23% ━━╸───────── 26/112 2.7it/s 10.2s<32.1s
[K      16/20      4.92G     0.6091     0.4374     0.8988         69       1024: 24% ━━╸───────── 27/112 2.6it/s 10.7s<33.0s
[K      16/20      4.92G     0.6059      0.435     0.8975        123       1024: 25% ━━━───────── 28/112 2.6it/s 11.0s<31.7s
[K      16/20      4.92G     0.5976     0.4296     0.8946         77       1024: 25% ━━━───────── 29/112 2.5it/s 11.5s<32.6s
[K      16/20      4.92G     0.5969     0.4265     0.8954        105       1024: 26% ━━━───────── 30/112 2.7it/s 11.8s<30.5s
[K      16/20      4.92G     0.6057     0.4281     0.8953        138       1024: 27% ━━━───────── 31/112 2.6it/s 12.2s<30.7s
[K      16/20      4.92G     0.6019     0.4236     0.8939        174       1024: 28% ━━━───────── 32/112 2.7it/s 12.6s<30.0s
[K      16/20      4.92G     0.6051     0.4355     0.9007         13       1024: 29% ━━━╸──────── 33/112 2.6it/s 13.0s<30.1s
[K      16/20      4.92G     0.6066     0.4357     0.9018         77       1024: 30% ━━━╸──────── 34/112 2.7it/s 13.3s<28.6s
[K      16/20      4.92G      0.605     0.4333     0.8994        214       1024: 31% ━━━╸──────── 35/112 2.6it/s 13.7s<29.5s
[K      16/20      4.92G     0.6083     0.4384     0.9019         29       1024: 32% ━━━╸──────── 36/112 2.7it/s 14.1s<27.9s
[K      16/20      4.92G     0.6029     0.4358        0.9         55       1024: 33% ━━━╸──────── 37/112 2.7it/s 14.5s<28.2s
[K      16/20      4.92G     0.6025     0.4371     0.9036         31       1024: 33% ━━━━──────── 38/112 2.7it/s 14.8s<27.6s
[K      16/20      4.92G     0.6032     0.4401     0.9074         24       1024: 34% ━━━━──────── 39/112 2.6it/s 15.2s<27.7s
[K      16/20      4.92G     0.5996     0.4358     0.9043        185       1024: 35% ━━━━──────── 40/112 2.7it/s 15.6s<26.6s
[K      16/20      4.92G     0.5939     0.4312      0.901        285       1024: 36% ━━━━──────── 41/112 2.6it/s 16.0s<27.5s
[K      16/20      4.92G     0.5905     0.4299     0.8999         49       1024: 37% ━━━━──────── 42/112 2.7it/s 16.3s<25.8s
[K      16/20      4.92G      0.584     0.4254     0.8967        162       1024: 38% ━━━━╸─────── 43/112 2.6it/s 16.7s<26.4s
[K      16/20      4.92G     0.5787     0.4217     0.8942        168       1024: 39% ━━━━╸─────── 44/112 2.7it/s 17.1s<25.4s
[K      16/20      4.92G     0.5831     0.4269     0.8995         33       1024: 40% ━━━━╸─────── 45/112 2.6it/s 17.5s<25.6s
[K      16/20      4.92G     0.5872     0.4277     0.9007        129       1024: 41% ━━━━╸─────── 46/112 2.6it/s 17.9s<24.9s
[K      16/20      4.92G     0.5943      0.431     0.9014         76       1024: 41% ━━━━━─────── 47/112 2.6it/s 18.3s<25.5s
[K      16/20      4.92G     0.6002     0.4366      0.905         80       1024: 42% ━━━━━─────── 48/112 2.7it/s 18.6s<23.9s
[K      16/20      4.92G     0.5947     0.4332     0.9026        147       1024: 43% ━━━━━─────── 49/112 2.6it/s 19.1s<24.3s
[K      16/20      4.92G     0.5898     0.4293     0.8998        148       1024: 44% ━━━━━─────── 50/112 2.7it/s 19.4s<22.9s
[K      16/20      4.92G     0.5886     0.4274     0.8989        197       1024: 45% ━━━━━─────── 51/112 2.6it/s 19.8s<23.2s
[K      16/20      4.92G     0.5837     0.4237     0.8966        220       1024: 46% ━━━━━╸────── 52/112 2.7it/s 20.1s<22.0s
[K      16/20      4.92G      0.579     0.4205     0.8944        213       1024: 47% ━━━━━╸────── 53/112 2.6it/s 20.5s<22.3s
[K      16/20      4.92G     0.5752     0.4187     0.8938         45       1024: 48% ━━━━━╸────── 54/112 2.8it/s 20.9s<21.0s
[K      16/20      4.92G     0.5777     0.4186     0.8933         90       1024: 49% ━━━━━╸────── 55/112 2.7it/s 21.3s<21.3s
[K      16/20      4.92G     0.5792     0.4182     0.8934         76       1024: 50% ━━━━━━────── 56/112 2.7it/s 21.6s<20.5s
[K      16/20      4.92G     0.5807      0.419      0.894         99       1024: 50% ━━━━━━────── 57/112 2.7it/s 22.0s<20.6s
[K      16/20      4.92G     0.5764      0.416     0.8921         95       1024: 51% ━━━━━━────── 58/112 2.8it/s 22.4s<19.6s
[K      16/20      4.92G      0.572     0.4131     0.8907         79       1024: 52% ━━━━━━────── 59/112 2.6it/s 22.8s<20.1s
[K      16/20      4.92G     0.5723     0.4129     0.8911         75       1024: 53% ━━━━━━────── 60/112 2.8it/s 23.1s<18.7s
[K      16/20      4.92G     0.5686     0.4116     0.8904         51       1024: 54% ━━━━━━╸───── 61/112 2.7it/s 23.5s<18.9s
[K      16/20      4.92G      0.571      0.413     0.8917         45       1024: 55% ━━━━━━╸───── 62/112 2.7it/s 23.9s<18.3s
[K      16/20      4.92G     0.5697     0.4121     0.8916         84       1024: 56% ━━━━━━╸───── 63/112 2.7it/s 24.3s<18.4s
[K      16/20      4.92G     0.5667     0.4103     0.8906        117       1024: 57% ━━━━━━╸───── 64/112 2.7it/s 24.6s<17.5s
[K      16/20      4.92G     0.5624     0.4075     0.8893        120       1024: 58% ━━━━━━╸───── 65/112 2.7it/s 25.0s<17.7s
[K      16/20      4.92G     0.5621     0.4068     0.8889        209       1024: 58% ━━━━━━━───── 66/112 2.8it/s 25.3s<16.5s
[K      16/20      4.92G     0.5639     0.4063     0.8886        208       1024: 59% ━━━━━━━───── 67/112 2.7it/s 25.8s<16.9s
[K      16/20      4.92G     0.5643     0.4059     0.8888         83       1024: 60% ━━━━━━━───── 68/112 2.7it/s 26.1s<16.1s
[K      16/20      4.92G     0.5686     0.4108     0.8906         21       1024: 61% ━━━━━━━───── 69/112 2.7it/s 26.5s<16.1s
[K      16/20      4.92G     0.5668       0.41     0.8905        107       1024: 62% ━━━━━━━───── 70/112 2.7it/s 26.8s<15.4s
[K      16/20      4.92G     0.5643     0.4083     0.8902         47       1024: 63% ━━━━━━━╸──── 71/112 2.7it/s 27.2s<15.3s
[K      16/20      4.92G      0.561     0.4059     0.8894         74       1024: 64% ━━━━━━━╸──── 72/112 2.8it/s 27.6s<14.4s
[K      16/20      4.92G     0.5653     0.4097     0.8905         26       1024: 65% ━━━━━━━╸──── 73/112 2.7it/s 28.0s<14.6s
[K      16/20      4.92G     0.5684     0.4112     0.8916         70       1024: 66% ━━━━━━━╸──── 74/112 2.8it/s 28.3s<13.6s
[K      16/20      4.92G       0.57      0.414     0.8925         53       1024: 66% ━━━━━━━━──── 75/112 2.7it/s 28.7s<13.6s
[K      16/20      4.92G     0.5702     0.4149     0.8926         23       1024: 67% ━━━━━━━━──── 76/112 2.7it/s 29.1s<13.2s
[K      16/20      4.92G     0.5732     0.4176     0.8957         32       1024: 68% ━━━━━━━━──── 77/112 2.7it/s 29.5s<13.1s
[K      16/20      4.92G     0.5706     0.4157     0.8941        276       1024: 69% ━━━━━━━━──── 78/112 2.8it/s 29.8s<12.2s
[K      16/20      4.92G     0.5695     0.4142      0.893        181       1024: 70% ━━━━━━━━──── 79/112 2.6it/s 30.2s<12.5s
[K      16/20      4.92G     0.5705     0.4139      0.894         59       1024: 71% ━━━━━━━━╸─── 80/112 2.7it/s 30.6s<11.7s
[K      16/20      4.92G     0.5677     0.4118     0.8924        173       1024: 72% ━━━━━━━━╸─── 81/112 2.7it/s 31.0s<11.6s
[K      16/20      4.92G     0.5659     0.4103     0.8913        183       1024: 73% ━━━━━━━━╸─── 82/112 2.7it/s 31.3s<11.1s
[K      16/20      4.92G      0.569     0.4112     0.8923         98       1024: 74% ━━━━━━━━╸─── 83/112 2.6it/s 31.8s<11.3s
[K      16/20      4.92G     0.5897     0.4406      0.902          5       1024: 75% ━━━━━━━━━─── 84/112 2.6it/s 32.1s<10.7s
[K      16/20      4.92G     0.5878     0.4387     0.9007        166       1024: 75% ━━━━━━━━━─── 85/112 2.5it/s 32.6s<10.8s
[K      16/20      4.92G     0.5913     0.4391     0.9012        146       1024: 76% ━━━━━━━━━─── 86/112 2.6it/s 32.9s<10.0s
[K      16/20      4.92G     0.5896     0.4382     0.9008         74       1024: 77% ━━━━━━━━━─── 87/112 2.5it/s 33.3s<9.9s
[K      16/20      4.92G     0.5934     0.4391     0.9014        178       1024: 78% ━━━━━━━━━─── 88/112 2.5it/s 33.7s<9.5s
[K      16/20      4.92G      0.592     0.4377     0.9005        168       1024: 79% ━━━━━━━━━╸── 89/112 2.5it/s 34.2s<9.3s
[K      16/20      4.92G     0.5928     0.4369        0.9        198       1024: 80% ━━━━━━━━━╸── 90/112 2.5it/s 34.5s<8.7s
[K      16/20      4.92G     0.5937     0.4362     0.8997        177       1024: 81% ━━━━━━━━━╸── 91/112 2.5it/s 35.0s<8.5s
[K      16/20      4.92G     0.5955     0.4368     0.8998         46       1024: 82% ━━━━━━━━━╸── 92/112 2.6it/s 35.3s<7.7s
[K      16/20      4.92G     0.5964     0.4361     0.8989        125       1024: 83% ━━━━━━━━━╸── 93/112 2.6it/s 35.7s<7.4s
[K      16/20      4.92G     0.5977     0.4361     0.8994         73       1024: 83% ━━━━━━━━━━── 94/112 2.6it/s 36.1s<6.8s
[K      16/20      4.92G     0.6018     0.4369     0.8995        130       1024: 84% ━━━━━━━━━━── 95/112 2.6it/s 36.5s<6.7s
[K      16/20      4.92G     0.6022      0.437     0.8997         62       1024: 85% ━━━━━━━━━━── 96/112 2.7it/s 36.8s<6.0s
[K      16/20      4.92G     0.5996     0.4353     0.8983        158       1024: 86% ━━━━━━━━━━── 97/112 2.6it/s 37.3s<5.7s
[K      16/20      4.92G      0.597     0.4335     0.8972        151       1024: 87% ━━━━━━━━━━── 98/112 2.7it/s 37.6s<5.2s
[K      16/20      4.92G     0.5996     0.4344      0.898         88       1024: 88% ━━━━━━━━━━╸─ 99/112 2.6it/s 38.0s<5.0s
[K      16/20      4.92G     0.5973     0.4326     0.8969        139       1024: 89% ━━━━━━━━━━╸─ 100/112 2.6it/s 38.4s<4.6s
[K      16/20      4.92G      0.597     0.4317     0.8966        131       1024: 90% ━━━━━━━━━━╸─ 101/112 2.5it/s 38.8s<4.4s
[K      16/20      4.92G     0.5964     0.4317     0.8969         58       1024: 91% ━━━━━━━━━━╸─ 102/112 2.6it/s 39.2s<3.9s
[K      16/20      4.92G     0.5947     0.4302     0.8962        135       1024: 91% ━━━━━━━━━━━─ 103/112 2.5it/s 39.7s<3.6s
[K      16/20      4.92G     0.5955     0.4304     0.8965        114       1024: 92% ━━━━━━━━━━━─ 104/112 2.6it/s 40.0s<3.1s
[K      16/20      4.92G     0.5935     0.4289     0.8956        113       1024: 93% ━━━━━━━━━━━─ 105/112 2.5it/s 40.4s<2.8s
[K      16/20      4.92G     0.5916     0.4276      0.895         95       1024: 94% ━━━━━━━━━━━─ 106/112 2.6it/s 40.8s<2.3s
[K      16/20      4.92G     0.5939     0.4282      0.896        120       1024: 95% ━━━━━━━━━━━─ 107/112 2.6it/s 41.2s<1.9s
[K      16/20      4.92G     0.5927     0.4271     0.8951        297       1024: 96% ━━━━━━━━━━━╸ 108/112 2.7it/s 41.5s<1.5s
[K      16/20      4.92G       0.59     0.4254     0.8942         76       1024: 97% ━━━━━━━━━━━╸ 109/112 2.6it/s 41.9s<1.2s
[K      16/20      4.92G     0.5897     0.4248     0.8939         79       1024: 98% ━━━━━━━━━━━╸ 110/112 2.7it/s 42.3s<0.7s
[K      16/20      4.92G     0.5877     0.4237     0.8936         54       1024: 99% ━━━━━━━━━━━╸ 111/112 2.7it/s 42.7s<0.4s
[K      16/20      4.92G     0.5877     0.4237     0.8936         54       1024: 100% ━━━━━━━━━━━━ 112/112 2.6it/s 42.7s

[K                 Class     Images  Instances      Box(P          R      mAP50  mAP50-95): 50% ━━━━━━────── 1/2 3.4s/it 1.0s<3.4s
[K                 Class     Images  Instances      Box(P          R      mAP50  mAP50-95): 100% ━━━━━━━━━━━━ 2/2 1.9it/s 1.1s
                   all          9       1052       0.53      0.242      0.237      0.155
[2026-09-28T12:45:46.808309+00:00] TRAIN baseline epoch 16/20: optimizer=952/1165, batches=112/112, loss=1.9050

      Epoch    GPU_mem   box_loss   cls_loss   dfl_loss  Instances       Size

[K      17/20      4.96G     0.4839     0.3414      0.835        175       1024: 0% ──────────── 0/112  0.3s
[K      17/20      4.96G     0.4848     0.3517     0.8488         65       1024: 0% ──────────── 1/112 1.3s/it 0.7s<2:22
[K      17/20      4.96G     0.4362     0.3139     0.8198        169       1024: 1% ──────────── 2/112 1.3it/s 1.1s<1:25
[K      17/20      4.96G     0.5642     0.4897     0.9389         20       1024: 2% ──────────── 3/112 1.7it/s 1.5s<1:06
[K      17/20      4.96G      0.541     0.4564     0.9191        114       1024: 3% ──────────── 4/112 2.0it/s 1.9s<53.4s
[K      17/20      4.96G     0.5115     0.4223     0.8954        257       1024: 4% ╸─────────── 5/112 2.1it/s 2.3s<50.1s
[K      17/20      4.96G     0.4918     0.3998      0.887         86       1024: 5% ╸─────────── 6/112 2.4it/s 2.6s<43.6s
[K      17/20      4.96G     0.5275     0.4271     0.9065         19       1024: 6% ╸─────────── 7/112 2.5it/s 3.0s<42.7s
[K      17/20      4.96G     0.5062     0.4063     0.8914        143       1024: 7% ╸─────────── 8/112 2.6it/s 3.4s<40.7s
[K      17/20      4.96G     0.4959      0.394     0.8826        213       1024: 8% ╸─────────── 9/112 2.5it/s 3.8s<40.5s
[K      17/20      4.96G     0.4958     0.4269     0.8922         15       1024: 8% ━─────────── 10/112 2.7it/s 4.1s<38.0s
[K      17/20      4.96G     0.4876     0.4133     0.8826        355       1024: 9% ━─────────── 11/112 2.6it/s 4.5s<39.1s
[K      17/20      4.96G     0.4798     0.4008     0.8744        196       1024: 10% ━─────────── 12/112 2.7it/s 4.9s<37.7s
[K      17/20      4.96G     0.5177     0.4199     0.8868         18       1024: 11% ━─────────── 13/112 2.6it/s 5.3s<38.0s
[K      17/20      4.96G     0.5183     0.4129     0.8819        195       1024: 12% ━─────────── 14/112 2.7it/s 5.6s<36.5s
[K      17/20      4.96G     0.5227      0.413     0.8835         76       1024: 13% ━╸────────── 15/112 2.6it/s 6.1s<37.6s
[K      17/20      4.96G     0.5259     0.4134     0.8825        105       1024: 14% ━╸────────── 16/112 2.7it/s 6.4s<35.7s
[K      17/20      4.96G     0.5376     0.4102     0.8807        138       1024: 15% ━╸────────── 17/112 2.6it/s 6.8s<36.1s
[K      17/20      4.96G     0.5559     0.4135     0.8828        128       1024: 16% ━╸────────── 18/112 2.7it/s 7.2s<35.0s
[K      17/20      4.96G     0.5438     0.4051     0.8773        196       1024: 16% ━━────────── 19/112 2.6it/s 7.6s<35.3s
[K      17/20      4.96G     0.5468     0.4096     0.8798         50       1024: 17% ━━────────── 20/112 2.7it/s 7.9s<33.5s
[K      17/20      4.96G     0.5502      0.407     0.8784        167       1024: 18% ━━────────── 21/112 2.7it/s 8.3s<34.1s
[K      17/20      4.96G     0.5535     0.4041     0.8774        133       1024: 19% ━━────────── 22/112 2.7it/s 8.6s<32.7s
[K      17/20      4.96G     0.5452     0.3998     0.8743         56       1024: 20% ━━────────── 23/112 2.7it/s 9.0s<33.0s
[K      17/20      4.96G     0.5449     0.3969     0.8727        234       1024: 21% ━━╸───────── 24/112 2.7it/s 9.4s<32.1s
[K      17/20      4.96G     0.5472     0.3973     0.8748        106       1024: 22% ━━╸───────── 25/112 2.7it/s 9.8s<32.1s
[K      17/20      4.96G     0.5448     0.3964      0.875        102       1024: 23% ━━╸───────── 26/112 2.7it/s 10.1s<31.5s
[K      17/20      4.96G     0.5384     0.3912     0.8713        250       1024: 24% ━━╸───────── 27/112 2.6it/s 10.5s<32.2s
[K      17/20      4.96G     0.5395     0.3924     0.8734         88       1024: 25% ━━━───────── 28/112 2.8it/s 10.8s<30.1s
[K      17/20      4.96G     0.5418     0.3946     0.8753         70       1024: 25% ━━━───────── 29/112 2.7it/s 11.2s<30.7s
[K      17/20      4.96G     0.5439     0.4096     0.8806         17       1024: 26% ━━━───────── 30/112 2.7it/s 11.6s<30.3s
[K      17/20      4.96G     0.5387     0.4055     0.8785        159       1024: 27% ━━━───────── 31/112 2.6it/s 12.0s<31.0s
[K      17/20      4.96G     0.5333     0.4015     0.8757        184       1024: 28% ━━━───────── 32/112 2.7it/s 12.4s<29.7s
[K      17/20      4.96G     0.5368     0.4026     0.8761         65       1024: 29% ━━━╸──────── 33/112 2.6it/s 12.8s<30.1s
[K      17/20      4.96G     0.5328     0.3991     0.8738        149       1024: 30% ━━━╸──────── 34/112 2.7it/s 13.1s<28.7s
[K      17/20      4.96G     0.5299     0.3965     0.8722        116       1024: 31% ━━━╸──────── 35/112 2.6it/s 13.5s<29.2s
[K      17/20      4.96G     0.5265     0.3937     0.8707        140       1024: 32% ━━━╸──────── 36/112 2.7it/s 13.9s<28.0s
[K      17/20      4.96G     0.5335     0.3976     0.8744         27       1024: 33% ━━━╸──────── 37/112 2.7it/s 14.3s<28.0s
[K      17/20      4.96G     0.5366     0.4007      0.876         33       1024: 33% ━━━━──────── 38/112 2.8it/s 14.6s<26.7s
[K      17/20      4.96G     0.5372     0.4053     0.8763         38       1024: 34% ━━━━──────── 39/112 2.7it/s 15.0s<27.1s
[K      17/20      4.96G     0.5341      0.403     0.8761         83       1024: 35% ━━━━──────── 40/112 2.8it/s 15.3s<25.9s
[K      17/20      4.96G      0.532     0.4009     0.8748        129       1024: 36% ━━━━──────── 41/112 2.7it/s 15.7s<26.3s
[K      17/20      4.96G     0.5291     0.3991     0.8735         46       1024: 37% ━━━━──────── 42/112 2.8it/s 16.1s<25.3s
[K      17/20      4.96G     0.5267     0.3977     0.8727        131       1024: 38% ━━━━╸─────── 43/112 2.7it/s 16.5s<25.7s
[K      17/20      4.96G      0.523      0.395     0.8709        121       1024: 39% ━━━━╸─────── 44/112 2.7it/s 16.8s<24.9s
[K      17/20      4.96G     0.5262      0.396      0.873         59       1024: 40% ━━━━╸─────── 45/112 2.7it/s 17.2s<25.2s
[K      17/20      4.96G     0.5216     0.3934     0.8722         41       1024: 41% ━━━━╸─────── 46/112 2.8it/s 17.6s<23.9s
[K      17/20      4.96G     0.5169     0.3898     0.8698        263       1024: 41% ━━━━━─────── 47/112 2.7it/s 18.0s<24.4s
[K      17/20      4.96G     0.5146     0.3875     0.8685        230       1024: 42% ━━━━━─────── 48/112 2.8it/s 18.3s<23.1s
[K      17/20      4.96G     0.5143     0.3858     0.8676        231       1024: 43% ━━━━━─────── 49/112 2.7it/s 18.7s<23.4s
[K      17/20      4.96G     0.5174     0.3893     0.8722         28       1024: 44% ━━━━━─────── 50/112 2.8it/s 19.0s<22.5s
[K      17/20      4.96G     0.5151     0.3871     0.8706        157       1024: 45% ━━━━━─────── 51/112 2.7it/s 19.4s<22.6s
[K      17/20      4.96G     0.5194     0.3934     0.8739         22       1024: 46% ━━━━━╸────── 52/112 2.7it/s 19.8s<21.9s
[K      17/20      4.96G     0.5154     0.3904     0.8718        191       1024: 47% ━━━━━╸────── 53/112 2.7it/s 20.2s<22.2s
[K      17/20      4.96G     0.5249     0.3994     0.8794         35       1024: 48% ━━━━━╸────── 54/112 2.8it/s 20.5s<20.9s
[K      17/20      4.96G       0.53     0.4007     0.8796        235       1024: 49% ━━━━━╸────── 55/112 2.7it/s 20.9s<21.4s
[K      17/20      4.96G     0.5278     0.3985      0.878        121       1024: 50% ━━━━━━────── 56/112 2.7it/s 21.3s<20.5s
[K      17/20      4.96G     0.5279     0.3979     0.8787         59       1024: 50% ━━━━━━────── 57/112 2.7it/s 21.7s<20.5s
[K      17/20      4.96G     0.5294      0.399     0.8795         53       1024: 51% ━━━━━━────── 58/112 2.7it/s 22.0s<19.8s
[K      17/20      4.96G     0.5266     0.3964     0.8779        142       1024: 52% ━━━━━━────── 59/112 2.7it/s 22.4s<19.9s
[K      17/20      4.96G     0.5276     0.3967     0.8785         44       1024: 53% ━━━━━━────── 60/112 2.7it/s 22.8s<19.3s
[K      17/20      4.96G     0.5268     0.3964      0.878         76       1024: 54% ━━━━━━╸───── 61/112 2.6it/s 23.2s<19.5s
[K      17/20      4.96G     0.5243     0.3943     0.8769        186       1024: 55% ━━━━━━╸───── 62/112 2.7it/s 23.5s<18.2s
[K      17/20      4.96G     0.5219     0.3926     0.8763         98       1024: 56% ━━━━━━╸───── 63/112 2.7it/s 23.9s<18.3s
[K      17/20      4.96G     0.5189     0.3907     0.8746         58       1024: 57% ━━━━━━╸───── 64/112 2.7it/s 24.3s<17.6s
[K      17/20      4.96G     0.5179     0.3892     0.8739        145       1024: 58% ━━━━━━╸───── 65/112 2.7it/s 24.6s<17.4s
[K      17/20      4.96G     0.5215     0.3898     0.8756         61       1024: 58% ━━━━━━━───── 66/112 2.8it/s 25.0s<16.7s
[K      17/20      4.96G      0.518     0.3875     0.8745         86       1024: 59% ━━━━━━━───── 67/112 2.7it/s 25.4s<16.8s
[K      17/20      4.96G      0.519     0.3875     0.8749         54       1024: 60% ━━━━━━━───── 68/112 2.8it/s 25.7s<15.7s
[K      17/20      4.96G     0.5184      0.387     0.8747         84       1024: 61% ━━━━━━━───── 69/112 2.7it/s 26.1s<16.0s
[K      17/20      4.96G     0.5178     0.3867      0.874         98       1024: 62% ━━━━━━━───── 70/112 2.7it/s 26.5s<15.3s
[K      17/20      4.96G     0.5177     0.3861     0.8743         99       1024: 63% ━━━━━━━╸──── 71/112 2.7it/s 26.9s<15.2s
[K      17/20      4.96G      0.516     0.3844     0.8733        166       1024: 64% ━━━━━━━╸──── 72/112 2.8it/s 27.2s<14.5s
[K      17/20      4.96G     0.5186     0.3845     0.8732        146       1024: 65% ━━━━━━━╸──── 73/112 2.7it/s 27.6s<14.6s
[K      17/20      4.96G     0.5185      0.384     0.8732        134       1024: 66% ━━━━━━━╸──── 74/112 2.8it/s 27.9s<13.8s
[K      17/20      4.96G     0.5194     0.3834      0.873        111       1024: 66% ━━━━━━━━──── 75/112 2.7it/s 28.4s<13.9s
[K      17/20      4.96G     0.5209     0.3837     0.8737         62       1024: 67% ━━━━━━━━──── 76/112 2.8it/s 28.7s<13.0s
[K      17/20      4.96G     0.5189     0.3821     0.8724        109       1024: 68% ━━━━━━━━──── 77/112 2.7it/s 29.1s<13.0s
[K      17/20      4.96G      0.517     0.3812      0.872         75       1024: 69% ━━━━━━━━──── 78/112 2.7it/s 29.4s<12.4s
[K      17/20      4.96G     0.5147     0.3794     0.8708        214       1024: 70% ━━━━━━━━──── 79/112 2.7it/s 29.8s<12.3s
[K      17/20      4.96G     0.5131     0.3778     0.8695        214       1024: 71% ━━━━━━━━╸─── 80/112 2.7it/s 30.2s<11.7s
[K      17/20      4.96G     0.5147     0.3777       0.87         94       1024: 72% ━━━━━━━━╸─── 81/112 2.7it/s 30.6s<11.7s
[K      17/20      4.96G     0.5136     0.3779     0.8699         36       1024: 73% ━━━━━━━━╸─── 82/112 2.8it/s 30.9s<10.8s
[K      17/20      4.96G     0.5146     0.3777       0.87         81       1024: 74% ━━━━━━━━╸─── 83/112 2.7it/s 31.3s<10.9s
[K      17/20      4.96G     0.5172     0.3782     0.8711         82       1024: 75% ━━━━━━━━━─── 84/112 2.8it/s 31.7s<10.1s
[K      17/20      4.96G     0.5172     0.3782     0.8719         64       1024: 75% ━━━━━━━━━─── 85/112 2.7it/s 32.1s<10.1s
[K      17/20      4.96G     0.5163     0.3772     0.8713        163       1024: 76% ━━━━━━━━━─── 86/112 2.7it/s 32.4s<9.6s
[K      17/20      4.96G     0.5168     0.3777     0.8719         50       1024: 77% ━━━━━━━━━─── 87/112 2.6it/s 32.8s<9.5s
[K      17/20      4.96G     0.5166     0.3773      0.872        140       1024: 78% ━━━━━━━━━─── 88/112 2.8it/s 33.2s<8.7s
[K      17/20      4.96G     0.5144      0.376     0.8714         55       1024: 79% ━━━━━━━━━╸── 89/112 2.7it/s 33.6s<8.6s
[K      17/20      4.96G     0.5174      0.377     0.8713        131       1024: 80% ━━━━━━━━━╸── 90/112 2.8it/s 33.9s<8.0s
[K      17/20      4.96G     0.5174     0.3764      0.871         84       1024: 81% ━━━━━━━━━╸── 91/112 2.7it/s 34.3s<7.8s
[K      17/20      4.96G     0.5148     0.3748     0.8699         38       1024: 82% ━━━━━━━━━╸── 92/112 2.7it/s 34.7s<7.3s
[K      17/20      4.96G      0.515     0.3741       0.87        100       1024: 83% ━━━━━━━━━╸── 93/112 2.7it/s 35.1s<7.1s
[K      17/20      4.96G     0.5138     0.3728     0.8692        246       1024: 83% ━━━━━━━━━━── 94/112 2.8it/s 35.4s<6.5s
[K      17/20      4.96G     0.5115     0.3712     0.8682        169       1024: 84% ━━━━━━━━━━── 95/112 2.7it/s 35.8s<6.3s
[K      17/20      4.96G     0.5179     0.3781     0.8712         12       1024: 85% ━━━━━━━━━━── 96/112 2.7it/s 36.2s<6.0s
[K      17/20      4.96G     0.5174     0.3772     0.8704        172       1024: 86% ━━━━━━━━━━── 97/112 2.6it/s 36.6s<5.9s
[K      17/20      4.96G     0.5188     0.3777      0.871        121       1024: 87% ━━━━━━━━━━── 98/112 2.6it/s 37.0s<5.4s
[K      17/20      4.96G     0.5168     0.3765     0.8705         37       1024: 88% ━━━━━━━━━━╸─ 99/112 2.6it/s 37.4s<5.1s
[K      17/20      4.96G      0.515     0.3753     0.8698        211       1024: 89% ━━━━━━━━━━╸─ 100/112 2.7it/s 37.7s<4.5s
[K      17/20      4.96G     0.5168     0.3751     0.8695        133       1024: 90% ━━━━━━━━━━╸─ 101/112 2.6it/s 38.1s<4.2s
[K      17/20      4.96G     0.5154     0.3742     0.8691         61       1024: 91% ━━━━━━━━━━╸─ 102/112 2.7it/s 38.4s<3.7s
[K      17/20      4.96G     0.5164     0.3753     0.8698         68       1024: 91% ━━━━━━━━━━━─ 103/112 2.7it/s 38.9s<3.4s
[K      17/20      4.96G     0.5141     0.3738     0.8686        133       1024: 92% ━━━━━━━━━━━─ 104/112 2.7it/s 39.2s<2.9s
[K      17/20      4.96G     0.5163     0.3741     0.8695        123       1024: 93% ━━━━━━━━━━━─ 105/112 2.7it/s 39.6s<2.6s
[K      17/20      4.96G     0.5141     0.3726     0.8692         78       1024: 94% ━━━━━━━━━━━─ 106/112 2.7it/s 39.9s<2.2s
[K      17/20      4.96G     0.5136     0.3721     0.8687         76       1024: 95% ━━━━━━━━━━━─ 107/112 2.7it/s 40.3s<1.9s
[K      17/20      4.96G     0.5154     0.3722     0.8686        130       1024: 96% ━━━━━━━━━━━╸ 108/112 2.7it/s 40.7s<1.5s
[K      17/20      4.96G     0.5133     0.3709     0.8678        148       1024: 97% ━━━━━━━━━━━╸ 109/112 2.6it/s 41.1s<1.1s
[K      17/20      4.96G     0.5143     0.3728     0.8685         39       1024: 98% ━━━━━━━━━━━╸ 110/112 2.8it/s 41.4s<0.7s
[K      17/20      4.96G     0.5134     0.3721     0.8681        161       1024: 99% ━━━━━━━━━━━╸ 111/112 2.7it/s 41.8s<0.4s
[K      17/20      4.96G     0.5134     0.3721     0.8681        161       1024: 100% ━━━━━━━━━━━━ 112/112 2.7it/s 41.8s

[K                 Class     Images  Instances      Box(P          R      mAP50  mAP50-95): 50% ━━━━━━────── 1/2 3.3s/it 1.0s<3.3s
[K                 Class     Images  Instances      Box(P          R      mAP50  mAP50-95): 100% ━━━━━━━━━━━━ 2/2 2.0it/s 1.0s
                   all          9       1052      0.546      0.231      0.234      0.159
[2026-09-28T12:46:30.378461+00:00] TRAIN baseline epoch 17/20: optimizer=1008/1165, batches=112/112, loss=1.7537

      Epoch    GPU_mem   box_loss   cls_loss   dfl_loss  Instances       Size

[K      18/20      4.96G     0.8247     0.6256       1.05         64       1024: 0% ──────────── 0/112  0.3s
[K      18/20      4.96G     0.9241     0.8431      1.258         11       1024: 0% ──────────── 1/112 1.2s/it 0.7s<2:18
[K      18/20      4.96G     0.8139      0.695      1.138        130       1024: 1% ──────────── 2/112 1.3it/s 1.1s<1:24
[K      18/20      4.96G     0.6777     0.5746      1.045        139       1024: 2% ──────────── 3/112 1.7it/s 1.5s<1:04
[K      18/20      4.96G      0.661     0.5722      1.061         10       1024: 3% ──────────── 4/112 2.1it/s 1.8s<51.4s
[K      18/20      4.96G     0.6993     0.5552      1.067         61       1024: 4% ╸─────────── 5/112 2.2it/s 2.2s<49.6s
[K      18/20      4.96G     0.6458     0.5097      1.024        207       1024: 5% ╸─────────── 6/112 2.4it/s 2.6s<43.4s
[K      18/20      4.96G      0.646      0.498      1.015         80       1024: 6% ╸─────────── 7/112 2.5it/s 3.0s<42.7s
[K      18/20      4.96G     0.6092     0.4696     0.9942         89       1024: 7% ╸─────────── 8/112 2.6it/s 3.3s<40.1s
[K      18/20      4.96G     0.6392     0.4749     0.9917         99       1024: 8% ╸─────────── 9/112 2.6it/s 3.7s<40.0s
[K      18/20      4.96G      0.702     0.5217      1.027         24       1024: 8% ━─────────── 10/112 2.6it/s 4.1s<38.6s
[K      18/20      4.96G     0.7101     0.5316       1.03         45       1024: 9% ━─────────── 11/112 2.6it/s 4.5s<39.1s
[K      18/20      4.96G     0.6839     0.5099      1.011        139       1024: 10% ━─────────── 12/112 2.7it/s 4.8s<36.8s
[K      18/20      4.96G     0.6574     0.4912     0.9957        183       1024: 11% ━─────────── 13/112 2.6it/s 5.2s<37.7s
[K      18/20      4.96G     0.6347     0.4767     0.9846         78       1024: 12% ━─────────── 14/112 2.7it/s 5.6s<36.0s
[K      18/20      4.96G     0.6143      0.461     0.9709        298       1024: 13% ━╸────────── 15/112 2.7it/s 6.0s<36.3s
[K      18/20      4.96G     0.6212     0.4609     0.9661        118       1024: 14% ━╸────────── 16/112 2.7it/s 6.3s<35.1s
[K      18/20      4.96G     0.6199     0.4569     0.9624         95       1024: 15% ━╸────────── 17/112 2.7it/s 6.7s<35.5s
[K      18/20      4.96G      0.614     0.4485     0.9568        120       1024: 16% ━╸────────── 18/112 2.8it/s 7.0s<33.8s
[K      18/20      4.96G     0.6265     0.4525     0.9608         27       1024: 16% ━━────────── 19/112 2.7it/s 7.4s<34.8s
[K      18/20      4.96G     0.6119     0.4427     0.9522        116       1024: 17% ━━────────── 20/112 2.8it/s 7.8s<33.2s
[K      18/20      4.96G     0.6117     0.4412     0.9527         64       1024: 18% ━━────────── 21/112 2.7it/s 8.2s<34.0s
[K      18/20      4.96G     0.5965     0.4308     0.9439        181       1024: 19% ━━────────── 22/112 2.7it/s 8.5s<32.9s
[K      18/20      4.96G     0.6096     0.4482     0.9622          7       1024: 20% ━━────────── 23/112 2.6it/s 8.9s<33.7s
[K      18/20      4.96G     0.6071     0.4449     0.9584        131       1024: 21% ━━╸───────── 24/112 2.7it/s 9.3s<32.3s
[K      18/20      4.96G     0.6132     0.4492     0.9604         51       1024: 22% ━━╸───────── 25/112 2.7it/s 9.7s<32.5s
[K      18/20      4.96G     0.6036     0.4427     0.9547         76       1024: 23% ━━╸───────── 26/112 2.8it/s 10.0s<31.3s
[K      18/20      4.96G     0.5926     0.4354     0.9491        126       1024: 24% ━━╸───────── 27/112 2.7it/s 10.4s<32.0s
[K      18/20      4.96G     0.5877     0.4319     0.9455        171       1024: 25% ━━━───────── 28/112 2.8it/s 10.8s<30.5s
[K      18/20      4.96G     0.5807     0.4265     0.9403        217       1024: 25% ━━━───────── 29/112 2.7it/s 11.2s<31.0s
[K      18/20      4.96G     0.5744     0.4208      0.935        301       1024: 26% ━━━───────── 30/112 2.8it/s 11.5s<29.5s
[K      18/20      4.96G     0.5666     0.4158      0.933         51       1024: 27% ━━━───────── 31/112 2.7it/s 11.9s<29.7s
[K      18/20      4.96G     0.5702     0.4225       0.94         14       1024: 28% ━━━───────── 32/112 2.8it/s 12.2s<29.0s
[K      18/20      4.96G     0.5713     0.4216     0.9364        226       1024: 29% ━━━╸──────── 33/112 2.7it/s 12.6s<29.3s
[K      18/20      4.96G     0.5636     0.4162     0.9317        256       1024: 30% ━━━╸──────── 34/112 2.8it/s 12.9s<27.9s
[K      18/20      4.96G     0.5613     0.4123     0.9277        246       1024: 31% ━━━╸──────── 35/112 2.7it/s 13.4s<28.7s
[K      18/20      4.96G     0.5574     0.4091      0.925         83       1024: 32% ━━━╸──────── 36/112 2.8it/s 13.7s<27.4s
[K      18/20      4.96G     0.5526     0.4052     0.9226         92       1024: 33% ━━━╸──────── 37/112 2.7it/s 14.1s<27.6s
[K      18/20      4.96G     0.5482     0.4048     0.9206         48       1024: 33% ━━━━──────── 38/112 2.8it/s 14.4s<26.7s
[K      18/20      4.96G     0.5422     0.4021     0.9192         54       1024: 34% ━━━━──────── 39/112 2.7it/s 14.8s<26.9s
[K      18/20      4.96G     0.5401     0.3988     0.9159        351       1024: 35% ━━━━──────── 40/112 2.7it/s 15.2s<26.2s
[K      18/20      4.96G     0.5361     0.3958     0.9141         87       1024: 36% ━━━━──────── 41/112 2.7it/s 15.6s<26.4s
[K      18/20      4.96G      0.545     0.3981     0.9185         62       1024: 37% ━━━━──────── 42/112 2.8it/s 15.9s<25.1s
[K      18/20      4.96G     0.5415     0.3952     0.9159        191       1024: 38% ━━━━╸─────── 43/112 2.7it/s 16.3s<25.6s
[K      18/20      4.96G     0.5375     0.3928     0.9132        124       1024: 39% ━━━━╸─────── 44/112 2.7it/s 16.6s<24.8s
[K      18/20      4.96G     0.5317     0.3888     0.9099        194       1024: 40% ━━━━╸─────── 45/112 2.7it/s 17.0s<25.2s
[K      18/20      4.96G     0.5363     0.3906     0.9108        105       1024: 41% ━━━━╸─────── 46/112 2.7it/s 17.4s<24.1s
[K      18/20      4.96G     0.5323     0.3875      0.908        235       1024: 41% ━━━━━─────── 47/112 2.7it/s 17.8s<24.5s
[K      18/20      4.96G     0.5323     0.3882     0.9084         46       1024: 42% ━━━━━─────── 48/112 2.8it/s 18.1s<23.2s
[K      18/20      4.96G     0.5269     0.3848     0.9056        143       1024: 43% ━━━━━─────── 49/112 2.6it/s 18.6s<23.8s
[K      18/20      4.96G     0.5249     0.3832     0.9049        114       1024: 44% ━━━━━─────── 50/112 2.7it/s 18.9s<22.6s
[K      18/20      4.96G     0.5233     0.3817     0.9048         91       1024: 45% ━━━━━─────── 51/112 2.7it/s 19.3s<22.8s
[K      18/20      4.96G      0.518     0.3786     0.9028         80       1024: 46% ━━━━━╸────── 52/112 2.7it/s 19.6s<21.9s
[K      18/20      4.96G     0.5149     0.3758     0.9005        200       1024: 47% ━━━━━╸────── 53/112 2.7it/s 20.0s<22.2s
[K      18/20      4.96G      0.514     0.3744     0.8991        278       1024: 48% ━━━━━╸────── 54/112 2.8it/s 20.4s<21.0s
[K      18/20      4.96G     0.5132      0.373     0.8991        138       1024: 49% ━━━━━╸────── 55/112 2.7it/s 20.8s<21.3s
[K      18/20      4.96G     0.5096     0.3702     0.8969        144       1024: 50% ━━━━━━────── 56/112 2.8it/s 21.1s<20.2s
[K      18/20      4.96G     0.5138     0.3719     0.8974        126       1024: 50% ━━━━━━────── 57/112 2.7it/s 21.5s<20.3s
[K      18/20      4.96G     0.5099     0.3696     0.8962         92       1024: 51% ━━━━━━────── 58/112 2.7it/s 21.9s<19.7s
[K      18/20      4.96G     0.5081     0.3681     0.8951        169       1024: 52% ━━━━━━────── 59/112 2.7it/s 22.3s<19.9s
[K      18/20      4.96G     0.5094     0.3684     0.8949        104       1024: 53% ━━━━━━────── 60/112 2.8it/s 22.6s<18.7s
[K      18/20      4.96G     0.5115     0.3684     0.8945         78       1024: 54% ━━━━━━╸───── 61/112 2.7it/s 23.0s<18.9s
[K      18/20      4.96G     0.5181     0.3707     0.8957        150       1024: 55% ━━━━━━╸───── 62/112 2.7it/s 23.3s<18.3s
[K      18/20      4.96G     0.5166      0.369     0.8941        297       1024: 56% ━━━━━━╸───── 63/112 2.7it/s 23.7s<18.4s
[K      18/20      4.96G     0.5136     0.3674      0.893         98       1024: 57% ━━━━━━╸───── 64/112 2.8it/s 24.1s<17.3s
[K      18/20      4.96G     0.5094     0.3645     0.8908        301       1024: 58% ━━━━━━╸───── 65/112 2.7it/s 24.5s<17.7s
[K      18/20      4.96G     0.5065     0.3623     0.8889        148       1024: 58% ━━━━━━━───── 66/112 2.7it/s 24.8s<16.9s
[K      18/20      4.96G     0.5072     0.3625     0.8887         51       1024: 59% ━━━━━━━───── 67/112 2.7it/s 25.2s<16.8s
[K      18/20      4.96G      0.509     0.3621     0.8882        207       1024: 60% ━━━━━━━───── 68/112 2.8it/s 25.6s<15.9s
[K      18/20      4.96G     0.5142     0.3652     0.8895         42       1024: 61% ━━━━━━━───── 69/112 2.6it/s 26.0s<16.5s
[K      18/20      4.96G     0.5162     0.3657     0.8897        162       1024: 62% ━━━━━━━───── 70/112 2.7it/s 26.4s<15.6s
[K      18/20      4.96G     0.5148     0.3647     0.8889        138       1024: 63% ━━━━━━━╸──── 71/112 2.6it/s 26.8s<15.8s
[K      18/20      4.96G     0.5151     0.3657     0.8886        118       1024: 64% ━━━━━━━╸──── 72/112 2.7it/s 27.1s<14.9s
[K      18/20      4.96G     0.5144     0.3647     0.8888         89       1024: 65% ━━━━━━━╸──── 73/112 2.7it/s 27.5s<14.7s
[K      18/20      4.96G     0.5127     0.3635     0.8877         96       1024: 66% ━━━━━━━╸──── 74/112 2.7it/s 27.8s<13.9s
[K      18/20      4.96G     0.5098     0.3617     0.8862        219       1024: 66% ━━━━━━━━──── 75/112 2.6it/s 28.3s<14.0s
[K      18/20      4.96G     0.5097     0.3606     0.8853         96       1024: 67% ━━━━━━━━──── 76/112 2.7it/s 28.6s<13.2s
[K      18/20      4.96G     0.5067     0.3588      0.884        149       1024: 68% ━━━━━━━━──── 77/112 2.7it/s 29.0s<13.1s
[K      18/20      4.96G     0.5049     0.3577     0.8834         72       1024: 69% ━━━━━━━━──── 78/112 2.8it/s 29.3s<12.3s
[K      18/20      4.96G     0.5061     0.3585     0.8853         31       1024: 70% ━━━━━━━━──── 79/112 2.7it/s 29.7s<12.4s
[K      18/20      4.96G     0.5037     0.3576     0.8846         46       1024: 71% ━━━━━━━━╸─── 80/112 2.8it/s 30.1s<11.6s
[K      18/20      4.96G     0.5007     0.3568     0.8839         39       1024: 72% ━━━━━━━━╸─── 81/112 2.7it/s 30.5s<11.6s
[K      18/20      4.96G     0.4978      0.355     0.8828         96       1024: 73% ━━━━━━━━╸─── 82/112 2.8it/s 30.8s<10.7s
[K      18/20      4.96G     0.4969     0.3546     0.8824         86       1024: 74% ━━━━━━━━╸─── 83/112 2.7it/s 31.2s<10.8s
[K      18/20      4.96G     0.4988      0.355     0.8827        138       1024: 75% ━━━━━━━━━─── 84/112 2.8it/s 31.6s<10.2s
[K      18/20      4.96G     0.5025     0.3574     0.8867         22       1024: 75% ━━━━━━━━━─── 85/112 2.7it/s 32.0s<10.0s
[K      18/20      4.96G     0.4998     0.3557     0.8854        136       1024: 76% ━━━━━━━━━─── 86/112 2.8it/s 32.3s<9.3s
[K      18/20      4.96G     0.4984     0.3546     0.8844        203       1024: 77% ━━━━━━━━━─── 87/112 2.7it/s 32.7s<9.4s
[K      18/20      4.96G     0.4959      0.353      0.883        283       1024: 78% ━━━━━━━━━─── 88/112 2.8it/s 33.0s<8.7s
[K      18/20      4.96G     0.5004     0.3558     0.8846         49       1024: 79% ━━━━━━━━━╸── 89/112 2.7it/s 33.4s<8.4s
[K      18/20      4.96G     0.4989     0.3542     0.8832        193       1024: 80% ━━━━━━━━━╸── 90/112 2.8it/s 33.8s<7.9s
[K      18/20      4.96G     0.4978     0.3532     0.8821        200       1024: 81% ━━━━━━━━━╸── 91/112 2.7it/s 34.2s<7.8s
[K      18/20      4.96G     0.5002     0.3558     0.8825         26       1024: 82% ━━━━━━━━━╸── 92/112 2.7it/s 34.5s<7.3s
[K      18/20      4.96G     0.4994     0.3551     0.8821        125       1024: 83% ━━━━━━━━━╸── 93/112 2.7it/s 34.9s<7.1s
[K      18/20      4.96G     0.4988     0.3544     0.8813        160       1024: 83% ━━━━━━━━━━── 94/112 2.7it/s 35.3s<6.7s
[K      18/20      4.96G      0.496     0.3531     0.8804        120       1024: 84% ━━━━━━━━━━── 95/112 2.7it/s 35.7s<6.4s
[K      18/20      4.96G     0.4974     0.3556     0.8819         17       1024: 85% ━━━━━━━━━━── 96/112 2.8it/s 36.0s<5.7s
[K      18/20      4.96G     0.4974     0.3572      0.883         28       1024: 86% ━━━━━━━━━━── 97/112 2.7it/s 36.4s<5.6s
[K      18/20      4.96G     0.4988     0.3571     0.8829        188       1024: 87% ━━━━━━━━━━── 98/112 2.7it/s 36.8s<5.1s
[K      18/20      4.96G     0.4969     0.3566     0.8818         39       1024: 88% ━━━━━━━━━━╸─ 99/112 2.7it/s 37.1s<4.8s
[K      18/20      4.96G     0.4957      0.356     0.8812        121       1024: 89% ━━━━━━━━━━╸─ 100/112 2.8it/s 37.5s<4.4s
[K      18/20      4.96G     0.4942     0.3551     0.8806        125       1024: 90% ━━━━━━━━━━╸─ 101/112 2.6it/s 37.9s<4.2s
[K      18/20      4.96G     0.4939     0.3544     0.8801        241       1024: 91% ━━━━━━━━━━╸─ 102/112 2.8it/s 38.2s<3.6s
[K      18/20      4.96G      0.497     0.3567     0.8831         17       1024: 91% ━━━━━━━━━━━─ 103/112 2.7it/s 38.6s<3.4s
[K      18/20      4.96G     0.4964     0.3562     0.8825        218       1024: 92% ━━━━━━━━━━━─ 104/112 2.7it/s 39.0s<2.9s
[K      18/20      4.96G     0.5013      0.358     0.8824        104       1024: 93% ━━━━━━━━━━━─ 105/112 2.7it/s 39.4s<2.6s
[K      18/20      4.96G     0.4987     0.3567     0.8816         72       1024: 94% ━━━━━━━━━━━─ 106/112 2.8it/s 39.7s<2.2s
[K      18/20      4.96G     0.5003     0.3572     0.8817        154       1024: 95% ━━━━━━━━━━━─ 107/112 2.7it/s 40.1s<1.9s
[K      18/20      4.96G     0.4983     0.3559     0.8807        145       1024: 96% ━━━━━━━━━━━╸ 108/112 2.8it/s 40.5s<1.4s
[K      18/20      4.96G     0.4984     0.3558      0.881         65       1024: 97% ━━━━━━━━━━━╸ 109/112 2.7it/s 40.9s<1.1s
[K      18/20      4.96G     0.4972      0.355     0.8802        129       1024: 98% ━━━━━━━━━━━╸ 110/112 2.8it/s 41.2s<0.7s
[K      18/20      4.96G      0.496     0.3542     0.8795        178       1024: 99% ━━━━━━━━━━━╸ 111/112 2.7it/s 41.6s<0.4s
[K      18/20      4.96G      0.496     0.3542     0.8795        178       1024: 100% ━━━━━━━━━━━━ 112/112 2.7it/s 41.6s

[K                 Class     Images  Instances      Box(P          R      mAP50  mAP50-95): 50% ━━━━━━────── 1/2 3.3s/it 1.0s<3.3s
[K                 Class     Images  Instances      Box(P          R      mAP50  mAP50-95): 100% ━━━━━━━━━━━━ 2/2 2.0it/s 1.0s
                   all          9       1052      0.555      0.223      0.227      0.153
[2026-09-28T12:47:13.875833+00:00] TRAIN baseline epoch 18/20: optimizer=1064/1165, batches=112/112, loss=1.7297

      Epoch    GPU_mem   box_loss   cls_loss   dfl_loss  Instances       Size

[K      19/20      4.92G     0.2837     0.2109     0.7684        173       1024: 0% ──────────── 0/112  0.3s
[K      19/20      4.92G     0.4532     0.3666     0.8563         81       1024: 0% ──────────── 1/112 1.3s/it 0.7s<2:24
[K      19/20      4.92G     0.4205     0.3218     0.8379        159       1024: 1% ──────────── 2/112 1.3it/s 1.1s<1:25
[K      19/20      4.92G     0.4379     0.3128     0.8419        108       1024: 2% ──────────── 3/112 1.7it/s 1.5s<1:04
[K      19/20      4.92G     0.4196     0.3038     0.8457         49       1024: 3% ──────────── 4/112 2.1it/s 1.8s<51.3s
[K      19/20      4.92G     0.4112     0.2976     0.8413        129       1024: 4% ╸─────────── 5/112 2.2it/s 2.2s<49.3s
[K      19/20      4.92G     0.4215     0.3102     0.8563         39       1024: 5% ╸─────────── 6/112 2.5it/s 2.6s<43.3s
[K      19/20      4.92G     0.4451     0.3199     0.8609        181       1024: 6% ╸─────────── 7/112 2.5it/s 3.0s<42.6s
[K      19/20      4.92G      0.427     0.3078     0.8488        144       1024: 7% ╸─────────── 8/112 2.5it/s 3.3s<40.9s
[K      19/20      4.92G     0.4165     0.3066     0.8467         38       1024: 8% ╸─────────── 9/112 2.5it/s 3.7s<40.4s
[K      19/20      4.92G     0.4532     0.3446     0.8956          7       1024: 8% ━─────────── 10/112 2.7it/s 4.1s<37.7s
[K      19/20      4.92G     0.4953     0.3586     0.8985        272       1024: 9% ━─────────── 11/112 2.6it/s 4.5s<39.2s
[K      19/20      4.92G     0.5049     0.3635     0.8994         55       1024: 10% ━─────────── 12/112 2.7it/s 4.8s<37.3s
[K      19/20      4.92G      0.495     0.3545     0.8914        238       1024: 11% ━─────────── 13/112 2.6it/s 5.3s<38.8s
[K      19/20      4.92G      0.493     0.3492     0.8848         94       1024: 12% ━─────────── 14/112 2.6it/s 5.6s<37.7s
[K      19/20      4.92G     0.4879     0.3439     0.8825        117       1024: 13% ━╸────────── 15/112 2.5it/s 6.1s<38.2s
[K      19/20      4.92G     0.4836     0.3411     0.8817         50       1024: 14% ━╸────────── 16/112 2.6it/s 6.4s<36.4s
[K      19/20      4.92G      0.475     0.3355     0.8755        164       1024: 15% ━╸────────── 17/112 2.6it/s 6.8s<36.3s
[K      19/20      4.92G     0.4785      0.336     0.8761        121       1024: 16% ━╸────────── 18/112 2.7it/s 7.1s<34.5s
[K      19/20      4.92G     0.4721     0.3306     0.8707        184       1024: 16% ━━────────── 19/112 2.6it/s 7.6s<35.7s
[K      19/20      4.92G     0.4658     0.3274      0.869        140       1024: 17% ━━────────── 20/112 2.8it/s 7.9s<33.2s
[K      19/20      4.92G      0.463     0.3253      0.865        133       1024: 18% ━━────────── 21/112 2.7it/s 8.3s<33.8s
[K      19/20      4.92G     0.4752     0.3268     0.8648        268       1024: 19% ━━────────── 22/112 2.7it/s 8.6s<33.1s
[K      19/20      4.92G     0.4815     0.3281     0.8655        102       1024: 20% ━━────────── 23/112 2.7it/s 9.0s<33.4s
[K      19/20      4.92G     0.4724     0.3239     0.8633         45       1024: 21% ━━╸───────── 24/112 2.7it/s 9.4s<32.1s
[K      19/20      4.92G     0.4658     0.3196     0.8603        197       1024: 22% ━━╸───────── 25/112 2.6it/s 9.8s<33.0s
[K      19/20      4.92G     0.4807     0.3265     0.8618         42       1024: 23% ━━╸───────── 26/112 2.7it/s 10.1s<31.5s
[K      19/20      4.92G     0.4775     0.3248     0.8598        240       1024: 24% ━━╸───────── 27/112 2.6it/s 10.5s<32.1s
[K      19/20      4.92G     0.4823      0.332     0.8613         59       1024: 25% ━━━───────── 28/112 2.7it/s 10.9s<30.7s
[K      19/20      4.92G     0.4822     0.3397     0.8653         25       1024: 25% ━━━───────── 29/112 2.7it/s 11.3s<30.7s
[K      19/20      4.92G     0.4748     0.3349     0.8625        197       1024: 26% ━━━───────── 30/112 2.7it/s 11.6s<30.0s
[K      19/20      4.92G      0.468     0.3307     0.8594        212       1024: 27% ━━━───────── 31/112 2.6it/s 12.0s<30.9s
[K      19/20      4.92G     0.4638     0.3289     0.8585         66       1024: 28% ━━━───────── 32/112 2.7it/s 12.4s<29.4s
[K      19/20      4.92G     0.4585     0.3256     0.8561         88       1024: 29% ━━━╸──────── 33/112 2.7it/s 12.8s<29.8s
[K      19/20      4.92G     0.4622     0.3293     0.8595         31       1024: 30% ━━━╸──────── 34/112 2.7it/s 13.1s<28.8s
[K      19/20      4.92G     0.4589     0.3273     0.8574        118       1024: 31% ━━━╸──────── 35/112 2.7it/s 13.5s<28.9s
[K      19/20      4.92G      0.456     0.3261     0.8578         60       1024: 32% ━━━╸──────── 36/112 2.8it/s 13.9s<27.6s
[K      19/20      4.92G     0.4522     0.3239     0.8558        107       1024: 33% ━━━╸──────── 37/112 2.7it/s 14.3s<28.3s
[K      19/20      4.92G     0.4531     0.3237     0.8552        228       1024: 33% ━━━━──────── 38/112 2.8it/s 14.6s<26.7s
[K      19/20      4.92G      0.448     0.3206     0.8526        136       1024: 34% ━━━━──────── 39/112 2.7it/s 15.0s<27.3s
[K      19/20      4.92G     0.4509     0.3233     0.8535         57       1024: 35% ━━━━──────── 40/112 2.7it/s 15.4s<26.8s
[K      19/20      4.92G     0.4452     0.3203     0.8523         68       1024: 36% ━━━━──────── 41/112 2.6it/s 15.8s<26.9s
[K      19/20      4.92G      0.444     0.3189     0.8517        199       1024: 37% ━━━━──────── 42/112 2.8it/s 16.1s<25.2s
[K      19/20      4.92G     0.4464     0.3201     0.8531         45       1024: 38% ━━━━╸─────── 43/112 2.7it/s 16.5s<25.8s
[K      19/20      4.92G     0.4524     0.3236     0.8558         89       1024: 39% ━━━━╸─────── 44/112 2.8it/s 16.8s<24.6s
[K      19/20      4.92G     0.4495     0.3215     0.8546         34       1024: 40% ━━━━╸─────── 45/112 2.7it/s 17.3s<25.2s
[K      19/20      4.92G     0.4497     0.3204     0.8536        238       1024: 41% ━━━━╸─────── 46/112 2.6it/s 17.6s<25.0s
[K      19/20      4.92G     0.4468     0.3185     0.8535         95       1024: 41% ━━━━━─────── 47/112 2.6it/s 18.0s<24.6s
[K      19/20      4.92G      0.444     0.3166     0.8518        190       1024: 42% ━━━━━─────── 48/112 2.7it/s 18.4s<23.3s
[K      19/20      4.92G     0.4484     0.3175     0.8523        179       1024: 43% ━━━━━─────── 49/112 2.6it/s 18.8s<24.0s
[K      19/20      4.92G     0.4467     0.3165     0.8515         51       1024: 44% ━━━━━─────── 50/112 2.7it/s 19.1s<23.0s
[K      19/20      4.92G     0.4452     0.3158     0.8515         88       1024: 45% ━━━━━─────── 51/112 2.7it/s 19.5s<23.0s
[K      19/20      4.92G     0.4447     0.3152     0.8508        185       1024: 46% ━━━━━╸────── 52/112 2.7it/s 19.9s<21.9s
[K      19/20      4.92G      0.442     0.3135     0.8491        228       1024: 47% ━━━━━╸────── 53/112 2.7it/s 20.3s<22.2s
[K      19/20      4.92G     0.4461     0.3168     0.8522         57       1024: 48% ━━━━━╸────── 54/112 2.8it/s 20.6s<20.9s
[K      19/20      4.92G     0.4557     0.3215     0.8536        139       1024: 49% ━━━━━╸────── 55/112 2.7it/s 21.0s<21.1s
[K      19/20      4.92G     0.4537     0.3202     0.8525        193       1024: 50% ━━━━━━────── 56/112 2.7it/s 21.3s<20.4s
[K      19/20      4.92G     0.4555     0.3205     0.8517        254       1024: 50% ━━━━━━────── 57/112 2.7it/s 21.7s<20.5s
[K      19/20      4.92G     0.4603      0.325     0.8549         24       1024: 51% ━━━━━━────── 58/112 2.8it/s 22.1s<19.5s
[K      19/20      4.92G     0.4587     0.3243     0.8553         61       1024: 52% ━━━━━━────── 59/112 2.7it/s 22.5s<19.8s
[K      19/20      4.92G     0.4592     0.3249     0.8558         47       1024: 53% ━━━━━━────── 60/112 2.8it/s 22.8s<18.6s
[K      19/20      4.92G     0.4564     0.3232     0.8552        120       1024: 54% ━━━━━━╸───── 61/112 2.7it/s 23.2s<18.9s
[K      19/20      4.92G     0.4537     0.3213     0.8539        191       1024: 55% ━━━━━━╸───── 62/112 2.8it/s 23.6s<18.1s
[K      19/20      4.92G     0.4511     0.3195     0.8528        225       1024: 56% ━━━━━━╸───── 63/112 2.7it/s 24.0s<18.4s
[K      19/20      4.92G      0.451     0.3195     0.8531        115       1024: 57% ━━━━━━╸───── 64/112 2.8it/s 24.3s<17.4s
[K      19/20      4.92G     0.4492     0.3186     0.8525         75       1024: 58% ━━━━━━╸───── 65/112 2.7it/s 24.7s<17.5s
[K      19/20      4.92G     0.4466     0.3178      0.852         37       1024: 58% ━━━━━━━───── 66/112 2.8it/s 25.0s<16.5s
[K      19/20      4.92G     0.4452     0.3168     0.8509        216       1024: 59% ━━━━━━━───── 67/112 2.7it/s 25.4s<16.8s
[K      19/20      4.92G     0.4494     0.3209     0.8546         13       1024: 60% ━━━━━━━───── 68/112 2.8it/s 25.8s<15.9s
[K      19/20      4.92G     0.4493     0.3205     0.8542        116       1024: 61% ━━━━━━━───── 69/112 2.7it/s 26.2s<15.9s
[K      19/20      4.92G     0.4528     0.3224     0.8553         51       1024: 62% ━━━━━━━───── 70/112 2.8it/s 26.5s<15.2s
[K      19/20      4.92G     0.4542     0.3223     0.8556        203       1024: 63% ━━━━━━━╸──── 71/112 2.7it/s 26.9s<15.2s
[K      19/20      4.92G     0.4543     0.3224     0.8558         80       1024: 64% ━━━━━━━╸──── 72/112 2.8it/s 27.3s<14.4s
[K      19/20      4.92G     0.4533     0.3217     0.8553        209       1024: 65% ━━━━━━━╸──── 73/112 2.7it/s 27.7s<14.7s
[K      19/20      4.92G     0.4514     0.3204     0.8547        107       1024: 66% ━━━━━━━╸──── 74/112 2.8it/s 28.0s<13.6s
[K      19/20      4.92G     0.4505     0.3195     0.8536        108       1024: 66% ━━━━━━━━──── 75/112 2.7it/s 28.4s<13.7s
[K      19/20      4.92G     0.4489     0.3186     0.8531        132       1024: 67% ━━━━━━━━──── 76/112 2.7it/s 28.8s<13.2s
[K      19/20      4.92G     0.4496     0.3195     0.8532         68       1024: 68% ━━━━━━━━──── 77/112 2.7it/s 29.1s<13.1s
[K      19/20      4.92G     0.4518     0.3202     0.8544         59       1024: 69% ━━━━━━━━──── 78/112 2.7it/s 29.5s<12.4s
[K      19/20      4.92G     0.4506     0.3193      0.854         74       1024: 70% ━━━━━━━━──── 79/112 2.6it/s 29.9s<12.5s
[K      19/20      4.92G     0.4494     0.3189     0.8539         58       1024: 71% ━━━━━━━━╸─── 80/112 2.8it/s 30.2s<11.5s
[K      19/20      4.92G     0.4475     0.3176     0.8529        215       1024: 72% ━━━━━━━━╸─── 81/112 2.7it/s 30.6s<11.5s
[K      19/20      4.92G     0.4473     0.3172     0.8525        339       1024: 73% ━━━━━━━━╸─── 82/112 2.7it/s 31.0s<11.1s
[K      19/20      4.92G     0.4458     0.3166      0.852         70       1024: 74% ━━━━━━━━╸─── 83/112 2.7it/s 31.4s<10.9s
[K      19/20      4.92G     0.4444     0.3157     0.8515        166       1024: 75% ━━━━━━━━━─── 84/112 2.8it/s 31.7s<10.2s
[K      19/20      4.92G     0.4458     0.3173     0.8526         36       1024: 75% ━━━━━━━━━─── 85/112 2.6it/s 32.2s<10.3s
[K      19/20      4.92G      0.446     0.3168     0.8531        159       1024: 76% ━━━━━━━━━─── 86/112 2.8it/s 32.5s<9.3s
[K      19/20      4.92G     0.4493     0.3192     0.8551         26       1024: 77% ━━━━━━━━━─── 87/112 2.7it/s 32.9s<9.2s
[K      19/20      4.92G     0.4515     0.3204     0.8568         31       1024: 78% ━━━━━━━━━─── 88/112 2.7it/s 33.2s<8.7s
[K      19/20      4.92G     0.4535     0.3215     0.8577         33       1024: 79% ━━━━━━━━━╸── 89/112 2.7it/s 33.6s<8.6s
[K      19/20      4.92G     0.4591     0.3252     0.8617         25       1024: 80% ━━━━━━━━━╸── 90/112 2.8it/s 34.0s<8.0s
[K      19/20      4.92G     0.4607     0.3264     0.8634         32       1024: 81% ━━━━━━━━━╸── 91/112 2.7it/s 34.4s<7.8s
[K      19/20      4.92G     0.4598     0.3257     0.8628        218       1024: 82% ━━━━━━━━━╸── 92/112 2.8it/s 34.7s<7.2s
[K      19/20      4.92G     0.4587     0.3248     0.8621        176       1024: 83% ━━━━━━━━━╸── 93/112 2.7it/s 35.1s<7.1s
[K      19/20      4.92G      0.461     0.3291     0.8646         15       1024: 83% ━━━━━━━━━━── 94/112 2.8it/s 35.4s<6.5s
[K      19/20      4.92G     0.4609     0.3284      0.864        110       1024: 84% ━━━━━━━━━━── 95/112 2.7it/s 35.8s<6.4s
[K      19/20      4.92G     0.4627     0.3296     0.8654         33       1024: 85% ━━━━━━━━━━── 96/112 2.8it/s 36.2s<5.8s
[K      19/20      4.92G     0.4616     0.3288     0.8651        105       1024: 86% ━━━━━━━━━━── 97/112 2.7it/s 36.6s<5.6s
[K      19/20      4.92G     0.4614     0.3283     0.8645        111       1024: 87% ━━━━━━━━━━── 98/112 2.7it/s 36.9s<5.1s
[K      19/20      4.92G     0.4592     0.3268     0.8634        141       1024: 88% ━━━━━━━━━━╸─ 99/112 2.7it/s 37.3s<4.8s
[K      19/20      4.92G     0.4577     0.3259     0.8628        135       1024: 89% ━━━━━━━━━━╸─ 100/112 2.8it/s 37.6s<4.3s
[K      19/20      4.92G     0.4634       0.33     0.8637         53       1024: 90% ━━━━━━━━━━╸─ 101/112 2.7it/s 38.1s<4.1s
[K      19/20      4.92G      0.461     0.3286     0.8627        168       1024: 91% ━━━━━━━━━━╸─ 102/112 2.8it/s 38.4s<3.6s
[K      19/20      4.92G     0.4592     0.3274      0.862        211       1024: 91% ━━━━━━━━━━━─ 103/112 2.7it/s 38.8s<3.4s
[K      19/20      4.92G     0.4611     0.3281     0.8624        108       1024: 92% ━━━━━━━━━━━─ 104/112 2.8it/s 39.1s<2.9s
[K      19/20      4.92G     0.4623     0.3296     0.8631         35       1024: 93% ━━━━━━━━━━━─ 105/112 2.7it/s 39.5s<2.6s
[K      19/20      4.92G     0.4607     0.3286     0.8623        154       1024: 94% ━━━━━━━━━━━─ 106/112 2.7it/s 39.9s<2.2s
[K      19/20      4.92G     0.4615     0.3288     0.8627         53       1024: 95% ━━━━━━━━━━━─ 107/112 2.7it/s 40.3s<1.9s
[K      19/20      4.92G     0.4622     0.3289     0.8629        103       1024: 96% ━━━━━━━━━━━╸ 108/112 2.8it/s 40.6s<1.4s
[K      19/20      4.92G       0.46     0.3277     0.8623         98       1024: 97% ━━━━━━━━━━━╸ 109/112 2.7it/s 41.0s<1.1s
[K      19/20      4.92G     0.4591     0.3276      0.862         50       1024: 98% ━━━━━━━━━━━╸ 110/112 2.8it/s 41.4s<0.7s
[K      19/20      4.92G     0.4573     0.3263     0.8612        173       1024: 99% ━━━━━━━━━━━╸ 111/112 2.7it/s 41.8s<0.4s
[K      19/20      4.92G     0.4573     0.3263     0.8612        173       1024: 100% ━━━━━━━━━━━━ 112/112 2.7it/s 41.8s

[K                 Class     Images  Instances      Box(P          R      mAP50  mAP50-95): 50% ━━━━━━────── 1/2 3.3s/it 1.0s<3.3s
[K                 Class     Images  Instances      Box(P          R      mAP50  mAP50-95): 100% ━━━━━━━━━━━━ 2/2 1.9it/s 1.0s
                   all          9       1052       0.51      0.235      0.227      0.153
[2026-09-28T12:47:57.415108+00:00] TRAIN baseline epoch 19/20: optimizer=1120/1165, batches=112/112, loss=1.6449

      Epoch    GPU_mem   box_loss   cls_loss   dfl_loss  Instances       Size

[K      20/20      4.94G       0.22     0.1928     0.7813         76       1024: 0% ──────────── 0/112  0.3s
[K      20/20      4.94G     0.4875     0.3846     0.8778         52       1024: 0% ──────────── 1/112 1.2s/it 0.7s<2:16
[K      20/20      4.94G     0.4495      0.348     0.8593        107       1024: 1% ──────────── 2/112 1.3it/s 1.1s<1:23
[K      20/20      4.94G     0.4983     0.3769     0.9055         31       1024: 2% ──────────── 3/112 1.7it/s 1.5s<1:04
[K      20/20      4.94G     0.5354     0.3863     0.9126         68       1024: 3% ──────────── 4/112 2.1it/s 1.8s<51.6s
[K      20/20      4.94G       0.49     0.3575     0.8902        211       1024: 4% ╸─────────── 5/112 2.1it/s 2.3s<50.3s
[K      20/20      4.94G     0.4759     0.3517     0.8867         78       1024: 5% ╸─────────── 6/112 2.4it/s 2.6s<44.0s
[K      20/20      4.94G     0.4464     0.3334      0.873         95       1024: 6% ╸─────────── 7/112 2.4it/s 3.0s<43.0s
[K      20/20      4.94G     0.4847     0.3497     0.8916         52       1024: 7% ╸─────────── 8/112 2.6it/s 3.3s<40.7s
[K      20/20      4.94G     0.4745     0.3471     0.8881         46       1024: 8% ╸─────────── 9/112 2.6it/s 3.7s<40.2s
[K      20/20      4.94G     0.4731     0.3487     0.8916         34       1024: 8% ━─────────── 10/112 2.7it/s 4.1s<37.8s
[K      20/20      4.94G     0.4601     0.3399     0.8831         70       1024: 9% ━─────────── 11/112 2.6it/s 4.5s<38.9s
[K      20/20      4.94G     0.4876     0.3471     0.8906        135       1024: 10% ━─────────── 12/112 2.7it/s 4.8s<36.4s
[K      20/20      4.94G     0.5028      0.352     0.8948        112       1024: 11% ━─────────── 13/112 2.7it/s 5.2s<37.0s
[K      20/20      4.94G      0.492      0.345      0.888        186       1024: 12% ━─────────── 14/112 2.7it/s 5.6s<36.5s
[K      20/20      4.94G     0.4836     0.3403     0.8865         62       1024: 13% ━╸────────── 15/112 2.6it/s 6.0s<36.6s
[K      20/20      4.94G     0.4987     0.3515      0.903         24       1024: 14% ━╸────────── 16/112 2.8it/s 6.3s<34.3s
[K      20/20      4.94G     0.4916      0.346     0.8984        231       1024: 15% ━╸────────── 17/112 2.6it/s 6.7s<35.9s
[K      20/20      4.94G     0.4965     0.3482     0.8971        118       1024: 16% ━╸────────── 18/112 2.8it/s 7.0s<34.1s
[K      20/20      4.94G     0.4845     0.3408     0.8909        144       1024: 16% ━━────────── 19/112 2.7it/s 7.4s<34.6s
[K      20/20      4.94G     0.4753     0.3362     0.8866        153       1024: 17% ━━────────── 20/112 2.7it/s 7.8s<34.1s
[K      20/20      4.94G      0.482     0.3409     0.8895         68       1024: 18% ━━────────── 21/112 2.6it/s 8.2s<34.5s
[K      20/20      4.94G     0.4864      0.344     0.8894         77       1024: 19% ━━────────── 22/112 2.8it/s 8.5s<32.5s
[K      20/20      4.94G     0.4857     0.3504     0.9023         11       1024: 20% ━━────────── 23/112 2.7it/s 8.9s<33.2s
[K      20/20      4.94G     0.4845     0.3502     0.9012         67       1024: 21% ━━╸───────── 24/112 2.8it/s 9.3s<31.8s
[K      20/20      4.94G     0.4899     0.3524     0.8995        124       1024: 22% ━━╸───────── 25/112 2.7it/s 9.7s<32.3s
[K      20/20      4.94G     0.4799     0.3458     0.8936        134       1024: 23% ━━╸───────── 26/112 2.8it/s 10.0s<31.1s
[K      20/20      4.94G     0.4849     0.3521     0.8985         51       1024: 24% ━━╸───────── 27/112 2.7it/s 10.4s<31.8s
[K      20/20      4.94G     0.4803     0.3484     0.8951         79       1024: 25% ━━━───────── 28/112 2.8it/s 10.7s<29.9s
[K      20/20      4.94G     0.4781     0.3455     0.8939        144       1024: 25% ━━━───────── 29/112 2.7it/s 11.2s<30.8s
[K      20/20      4.94G     0.4797     0.3442      0.891        194       1024: 26% ━━━───────── 30/112 2.8it/s 11.5s<29.6s
[K      20/20      4.94G     0.4737     0.3402      0.887        278       1024: 27% ━━━───────── 31/112 2.7it/s 11.9s<29.9s
[K      20/20      4.94G     0.4878     0.3485     0.8921         13       1024: 28% ━━━───────── 32/112 2.7it/s 12.3s<29.6s
[K      20/20      4.94G     0.4805      0.344      0.888        204       1024: 29% ━━━╸──────── 33/112 2.6it/s 12.6s<29.8s
[K      20/20      4.94G     0.4744     0.3399     0.8846        185       1024: 30% ━━━╸──────── 34/112 2.7it/s 13.0s<28.5s
[K      20/20      4.94G     0.4691     0.3371     0.8845         49       1024: 31% ━━━╸──────── 35/112 2.6it/s 13.4s<29.1s
[K      20/20      4.94G     0.4636     0.3337     0.8814         93       1024: 32% ━━━╸──────── 36/112 2.8it/s 13.7s<27.2s
[K      20/20      4.94G     0.4613     0.3322     0.8799         61       1024: 33% ━━━╸──────── 37/112 2.7it/s 14.1s<27.6s
[K      20/20      4.94G     0.4544     0.3279     0.8775        115       1024: 33% ━━━━──────── 38/112 2.7it/s 14.5s<27.1s
[K      20/20      4.94G     0.4615     0.3333      0.881         61       1024: 34% ━━━━──────── 39/112 2.7it/s 14.9s<27.3s
[K      20/20      4.94G     0.4634     0.3348     0.8825         58       1024: 35% ━━━━──────── 40/112 2.8it/s 15.2s<25.9s
[K      20/20      4.94G     0.4621     0.3335     0.8813         68       1024: 36% ━━━━──────── 41/112 2.7it/s 15.6s<26.6s
[K      20/20      4.94G     0.4662     0.3368     0.8832         19       1024: 37% ━━━━──────── 42/112 2.8it/s 15.9s<25.1s
[K      20/20      4.94G     0.4717     0.3397     0.8851         69       1024: 38% ━━━━╸─────── 43/112 2.7it/s 16.3s<25.4s
[K      20/20      4.94G     0.4679     0.3373     0.8825        232       1024: 39% ━━━━╸─────── 44/112 2.7it/s 16.7s<24.9s
[K      20/20      4.94G     0.4702     0.3378     0.8819         72       1024: 40% ━━━━╸─────── 45/112 2.7it/s 17.1s<25.0s
[K      20/20      4.94G     0.4682     0.3355     0.8798        137       1024: 41% ━━━━╸─────── 46/112 2.8it/s 17.4s<23.5s
[K      20/20      4.94G     0.4663     0.3346     0.8792        122       1024: 41% ━━━━━─────── 47/112 2.7it/s 17.8s<24.3s
[K      20/20      4.94G     0.4677     0.3359     0.8796         55       1024: 42% ━━━━━─────── 48/112 2.8it/s 18.2s<22.9s
[K      20/20      4.94G     0.4674     0.3379     0.8793         24       1024: 43% ━━━━━─────── 49/112 2.7it/s 18.5s<23.1s
[K      20/20      4.94G     0.4628     0.3348     0.8769        196       1024: 44% ━━━━━─────── 50/112 2.8it/s 18.9s<22.5s
[K      20/20      4.94G     0.4676     0.3369     0.8795         81       1024: 45% ━━━━━─────── 51/112 2.7it/s 19.3s<22.6s
[K      20/20      4.94G     0.4626     0.3337     0.8771        180       1024: 46% ━━━━━╸────── 52/112 2.7it/s 19.6s<21.9s
[K      20/20      4.94G     0.4692     0.3368     0.8789        119       1024: 47% ━━━━━╸────── 53/112 2.6it/s 20.1s<22.3s
[K      20/20      4.94G     0.4706     0.3378     0.8798         65       1024: 48% ━━━━━╸────── 54/112 2.8it/s 20.4s<20.8s
[K      20/20      4.94G     0.4704     0.3368     0.8783        205       1024: 49% ━━━━━╸────── 55/112 2.7it/s 20.8s<21.4s
[K      20/20      4.94G     0.4697     0.3366     0.8778        113       1024: 50% ━━━━━━────── 56/112 2.7it/s 21.2s<20.8s
[K      20/20      4.94G     0.4666     0.3346     0.8778         44       1024: 50% ━━━━━━────── 57/112 2.6it/s 21.6s<20.9s
[K      20/20      4.94G     0.4665     0.3337     0.8763        217       1024: 51% ━━━━━━────── 58/112 2.7it/s 21.9s<19.9s
[K      20/20      4.94G     0.4654     0.3326     0.8755        185       1024: 52% ━━━━━━────── 59/112 2.6it/s 22.3s<20.1s
[K      20/20      4.94G     0.4684     0.3328     0.8756        147       1024: 53% ━━━━━━────── 60/112 2.7it/s 22.7s<19.2s
[K      20/20      4.94G     0.4727     0.3345     0.8787         61       1024: 54% ━━━━━━╸───── 61/112 2.6it/s 23.1s<19.3s
[K      20/20      4.94G     0.4693     0.3323     0.8769        143       1024: 55% ━━━━━━╸───── 62/112 2.8it/s 23.4s<18.1s
[K      20/20      4.94G     0.4679     0.3311     0.8759        194       1024: 56% ━━━━━━╸───── 63/112 2.6it/s 23.8s<18.5s
[K      20/20      4.94G     0.4645     0.3289     0.8742        243       1024: 57% ━━━━━━╸───── 64/112 2.8it/s 24.1s<17.4s
[K      20/20      4.94G     0.4632      0.328      0.873        203       1024: 58% ━━━━━━╸───── 65/112 2.7it/s 24.5s<17.3s
[K      20/20      4.94G     0.4621     0.3275     0.8724        149       1024: 58% ━━━━━━━───── 66/112 2.7it/s 24.9s<16.7s
[K      20/20      4.94G     0.4615      0.327     0.8719         93       1024: 59% ━━━━━━━───── 67/112 2.7it/s 25.3s<16.9s
[K      20/20      4.94G     0.4591     0.3255     0.8709         83       1024: 60% ━━━━━━━───── 68/112 2.8it/s 25.6s<15.9s
[K      20/20      4.94G     0.4595     0.3259     0.8714         62       1024: 61% ━━━━━━━───── 69/112 2.7it/s 26.0s<16.1s
[K      20/20      4.94G     0.4565      0.324       0.87        145       1024: 62% ━━━━━━━───── 70/112 2.8it/s 26.4s<15.2s
[K      20/20      4.94G     0.4535     0.3222     0.8686        217       1024: 63% ━━━━━━━╸──── 71/112 2.7it/s 26.8s<15.4s
[K      20/20      4.94G     0.4501       0.32     0.8667        258       1024: 64% ━━━━━━━╸──── 72/112 2.7it/s 27.1s<14.6s
[K      20/20      4.94G       0.45     0.3206     0.8668         75       1024: 65% ━━━━━━━╸──── 73/112 2.7it/s 27.5s<14.5s
[K      20/20      4.94G     0.4492       0.32     0.8663         89       1024: 66% ━━━━━━━╸──── 74/112 2.8it/s 27.8s<13.6s
[K      20/20      4.94G     0.4464     0.3182     0.8648        332       1024: 66% ━━━━━━━━──── 75/112 2.7it/s 28.2s<13.9s
[K      20/20      4.94G     0.4449     0.3175     0.8645        124       1024: 67% ━━━━━━━━──── 76/112 2.8it/s 28.6s<12.7s
[K      20/20      4.94G     0.4441     0.3169     0.8632        158       1024: 68% ━━━━━━━━──── 77/112 2.7it/s 29.0s<12.8s
[K      20/20      4.94G      0.444     0.3168     0.8629        159       1024: 69% ━━━━━━━━──── 78/112 2.8it/s 29.3s<12.3s
[K      20/20      4.94G     0.4421     0.3155     0.8617        157       1024: 70% ━━━━━━━━──── 79/112 2.7it/s 29.7s<12.2s
[K      20/20      4.94G      0.444     0.3198     0.8642          9       1024: 71% ━━━━━━━━╸─── 80/112 2.8it/s 30.0s<11.5s
[K      20/20      4.94G     0.4417     0.3183     0.8632        199       1024: 72% ━━━━━━━━╸─── 81/112 2.7it/s 30.4s<11.6s
[K      20/20      4.94G     0.4402     0.3176      0.863         70       1024: 73% ━━━━━━━━╸─── 82/112 2.8it/s 30.8s<10.8s
[K      20/20      4.94G     0.4428      0.319     0.8638         94       1024: 74% ━━━━━━━━╸─── 83/112 2.7it/s 31.2s<10.8s
[K      20/20      4.94G     0.4415     0.3179      0.863        197       1024: 75% ━━━━━━━━━─── 84/112 2.8it/s 31.5s<10.2s
[K      20/20      4.94G     0.4405      0.317     0.8621        186       1024: 75% ━━━━━━━━━─── 85/112 2.7it/s 31.9s<10.1s
[K      20/20      4.94G     0.4389     0.3161     0.8615         78       1024: 76% ━━━━━━━━━─── 86/112 2.7it/s 32.3s<9.5s
[K      20/20      4.94G     0.4383     0.3159     0.8615         45       1024: 77% ━━━━━━━━━─── 87/112 2.7it/s 32.7s<9.3s
[K      20/20      4.94G     0.4368      0.315     0.8606         67       1024: 78% ━━━━━━━━━─── 88/112 2.8it/s 33.0s<8.7s
[K      20/20      4.94G     0.4385     0.3157     0.8608        108       1024: 79% ━━━━━━━━━╸── 89/112 2.6it/s 33.4s<8.7s
[K      20/20      4.94G     0.4385     0.3157     0.8608        108       1024: 79% ━━━━━━━━━╸── 89/112 2.6it/s 33.4s<8.7s

[K                 Class     Images  Instances      Box(P          R      mAP50  mAP50-95): 50% ━━━━━━────── 1/2 3.2s/it 1.0s<3.2s
[K                 Class     Images  Instances      Box(P          R      mAP50  mAP50-95): 100% ━━━━━━━━━━━━ 2/2 2.0it/s 1.0s
                   all          9       1052      0.519       0.23      0.225      0.153
[2026-09-28T12:48:32.718937+00:00] TRAIN baseline epoch 20/20: optimizer=1165/1165, batches=90/112, loss=1.6150

20 epochs completed in 0.241 hours.
Optimizer stripped from C:\Users\hkjun\Documents\Codex\2026-09-27\new-chat\work\r04\training_logs\baseline\weights\last.pt, 19.2MB
Optimizer stripped from C:\Users\hkjun\Documents\Codex\2026-09-27\new-chat\work\r04\training_logs\baseline\weights\best.pt, 19.2MB

Validating C:\Users\hkjun\Documents\Codex\2026-09-27\new-chat\work\r04\training_logs\baseline\weights\best.pt...
Ultralytics 8.4.120  Python-3.11.9 torch-2.12.1+cu130 CUDA:0 (NVIDIA GeForce RTX 5060 Laptop GPU, 8151MiB)
YOLO11s summary (fused): 101 layers, 9,414,348 parameters, 0 gradients, 21.4 GFLOPs

[K                 Class     Images  Instances      Box(P          R      mAP50  mAP50-95): 50% ━━━━━━────── 1/2 2.9s/it 0.9s<2.9s
[K                 Class     Images  Instances      Box(P          R      mAP50  mAP50-95): 100% ━━━━━━━━━━━━ 2/2 2.2it/s 0.9s
                   all          9       1052      0.547      0.231      0.234      0.158
Speed: 1.1ms preprocess, 17.0ms inference, 0.0ms loss, 1.2ms postprocess per image
[2026-09-28T12:48:34.525262+00:00] TRAIN baseline COMPLETE: 1165 directly observed optimizer calls; 10 candidates ready for native validation
