New https://pypi.org/project/ultralytics/8.4.164 available  Update with 'pip install -U ultralytics'
Ultralytics 8.4.120  Python-3.11.9 torch-2.12.1+cu130 CUDA:0 (NVIDIA GeForce RTX 5060 Laptop GPU, 8151MiB)
[34m[1mengine\trainer: [0magnostic_nms=False, amp=False, angle=1.0, augment=False, auto_augment=randaugment, batch=4, bgr=0.0, box=7.5, cache=False, cfg=None, channels_last=False, classes=None, close_mosaic=0, cls=0.5, cls_pw=0.0, cls_remap=True, compile=False, conf=None, copy_paste=0.0, copy_paste_mode=flip, cos_lr=False, cutmix=0.0, data=C:\Users\hkjun\Documents\Codex\2026-09-27\new-chat\work\r04\data\improved\data.yaml, degrees=0.0, deterministic=True, device=0, dfl=1.5, dgrad=0.5, dis=6.0, distill_model=None, dlam=1.0, dlog=1.0, dnn=False, dropout=0.0, dynamic=False, embed=None, end2end=None, epochs=20, erasing=0.4, exist_ok=False, fliplr=0.5, flipud=0.5, format=torchscript, fraction=1.0, freeze=None, hsv_h=0.005, hsv_s=0.15, hsv_v=0.2, imgsz=1024, iou=0.7, keras=False, kobj=1.0, line_width=None, lr0=0.001, lrf=0.01, mask_ratio=4, max_det=1000, mixup=0.0, mode=train, model=C:\Users\hkjun\Documents\Codex\2026-09-27\new-chat\work\r03\models\yolo11s.pt, momentum=0.937, mosaic=0.0, multi_scale=0.0, name=improved, nbs=8, nms=False, opset=None, optimize=False, optimizer=AdamW, overlap_mask=True, patience=100, perspective=0.0, plots=False, pose=12.0, pretrained=True, profile=False, project=C:\Users\hkjun\Documents\Codex\2026-09-27\new-chat\work\r04\training_logs, quantize=None, rect=False, resume=False, retina_masks=False, rle=1.0, save=True, save_conf=False, save_crop=False, save_dir=C:\Users\hkjun\Documents\Codex\2026-09-27\new-chat\work\r04\training_logs\improved, save_frames=False, save_json=False, save_period=-1, save_txt=False, scale=0.0, seed=42, shear=0.0, show=False, show_boxes=True, show_conf=True, show_labels=True, simplify=True, single_cls=False, source=None, split=val, stream_buffer=False, task=detect, time=None, tracker=tracktrack.yaml, translate=0.0, val=True, verbose=False, vid_stride=1, visualize=False, warmup_bias_lr=0.0, warmup_epochs=2, warmup_momentum=0.8, weight_decay=0.0005, workers=0, workspace=None
Overriding model.yaml nc=80 with nc=4

                   from  n    params  module                                       arguments                     
  0                  -1  1       928  ultralytics.nn.modules.conv.Conv             [3, 32, 3, 2]                 
  1                  -1  1     18560  ultralytics.nn.modules.conv.Conv             [32, 64, 3, 2]                
  2                  -1  1     26080  ultralytics.nn.modules.block.C3k2            [64, 128, 1, False, 0.25]     
  3                  -1  1    147712  ultralytics.nn.modules.conv.Conv             [128, 128, 3, 2]              
  4                  -1  1    103360  ultralytics.nn.modules.block.C3k2            [128, 256, 1, False, 0.25]    
  5                  -1  1    590336  ultralytics.nn.modules.conv.Conv             [256, 256, 3, 2]              
  6                  -1  1    346112  ultralytics.nn.modules.block.C3k2            [256, 256, 1, True]           
  7                  -1  1   1180672  ultralytics.nn.modules.conv.Conv             [256, 512, 3, 2]              
  8                  -1  1   1380352  ultralytics.nn.modules.block.C3k2            [512, 512, 1, True]           
  9                  -1  1    656896  ultralytics.nn.modules.block.SPPF            [512, 512, 5]                 
 10                  -1  1    990976  ultralytics.nn.modules.block.C2PSA           [512, 512, 1]                 
 11                  -1  1         0  torch.nn.modules.upsampling.Upsample         [None, 2, 'nearest']          
 12             [-1, 6]  1         0  ultralytics.nn.modules.conv.Concat           [1]                           
 13                  -1  1    443776  ultralytics.nn.modules.block.C3k2            [768, 256, 1, False]          
 14                  -1  1         0  torch.nn.modules.upsampling.Upsample         [None, 2, 'nearest']          
 15             [-1, 4]  1         0  ultralytics.nn.modules.conv.Concat           [1]                           
 16                  -1  1    127680  ultralytics.nn.modules.block.C3k2            [512, 128, 1, False]          
 17                  -1  1    147712  ultralytics.nn.modules.conv.Conv             [128, 128, 3, 2]              
 18            [-1, 13]  1         0  ultralytics.nn.modules.conv.Concat           [1]                           
 19                  -1  1    345472  ultralytics.nn.modules.block.C3k2            [384, 256, 1, False]          
 20                  -1  1    590336  ultralytics.nn.modules.conv.Conv             [256, 256, 3, 2]              
 21            [-1, 10]  1         0  ultralytics.nn.modules.conv.Concat           [1]                           
 22                  -1  1   1511424  ultralytics.nn.modules.block.C3k2            [768, 512, 1, True]           
 23        [16, 19, 22]  1    820956  ultralytics.nn.modules.head.Detect           [4, 16, None, [128, 256, 512]]
YOLO11s summary: 182 layers, 9,429,340 parameters, 9,429,324 gradients, 21.7 GFLOPs

Transferred 493/499 items from pretrained weights
Freezing layer 'model.23.dfl.conv.weight'
[34m[1mtrain: [0mFast image access  (ping: 0.10.0 ms, read: 1434.0957.2 MB/s, size: 399.0 KB)

[K[34m[1mtrain: [0mScanning C:\Users\hkjun\Documents\Codex\2026-09-27\new-chat\work\r04\data\improved\labels\train.cache... 968 images, 127 backgrounds, 0 corrupt: 100% ━━━━━━━━━━━━ 968/968  0.0s
[34m[1mval: [0mFast image access  (ping: 0.10.0 ms, read: 1600.81306.8 MB/s, size: 3150.0 KB)

[K[34m[1mval: [0mScanning C:\Users\hkjun\Documents\Codex\2026-09-27\new-chat\work\r04\data\improved\labels\val... 9 images, 0 backgrounds, 0 corrupt: 100% ━━━━━━━━━━━━ 9/9 513.5it/s 0.0s
[34m[1mval: [0mNew cache created: C:\Users\hkjun\Documents\Codex\2026-09-27\new-chat\work\r04\data\improved\labels\val.cache
[34m[1moptimizer:[0m AdamW(lr=0.001, momentum=0.937) with parameter groups 81 weight(decay=0.0), 88 weight(decay=0.0005), 87 bias(decay=0.0)
[2026-09-28T12:49:32.610567+00:00] TRAIN improved started: 20 epochs maximum; 1165 optimizer calls maximum; batch=4 FP32; 448 weighted draws/epoch
Image sizes 1024 train, 1024 val
Using 0 dataloader workers
Logging results to [1mC:\Users\hkjun\Documents\Codex\2026-09-27\new-chat\work\r04\training_logs\improved[0m
Starting training for 20 epochs...

      Epoch    GPU_mem   box_loss   cls_loss   dfl_loss  Instances       Size

[K       1/20      5.52G      1.881      4.396      1.228        205       1024: 0% ──────────── 0/112  1.6s
[K       1/20      5.52G      1.744      4.234      1.302        147       1024: 0% ──────────── 1/112 1.4s/it 2.0s<2:35
[K       1/20      5.52G      1.794      4.237      1.309        265       1024: 1% ──────────── 2/112 1.2it/s 2.5s<1:33
[K       1/20      5.52G      1.803      4.233      1.393         52       1024: 2% ──────────── 3/112 1.4it/s 3.0s<1:17
[K       1/20      5.52G       1.76      4.116      1.371        170       1024: 3% ──────────── 4/112 1.6it/s 3.5s<1:07
[K       1/20      5.52G      1.814      4.109      1.379        296       1024: 4% ╸─────────── 5/112 1.7it/s 4.0s<1:02
[K       1/20      5.52G      1.783      4.065      1.367        168       1024: 5% ╸─────────── 6/112 1.9it/s 4.4s<55.6s
[K       1/20      5.52G      1.797      4.031      1.358        236       1024: 6% ╸─────────── 7/112 2.1it/s 4.8s<51.0s
[K       1/20      5.52G      1.769      3.993      1.358        146       1024: 7% ╸─────────── 8/112 2.1it/s 5.3s<48.6s
[K       1/20      5.52G      1.788      3.926      1.361        143       1024: 8% ╸─────────── 9/112 2.2it/s 5.7s<46.9s
[K       1/20      5.52G      1.752      3.848      1.331        200       1024: 8% ━─────────── 10/112 2.2it/s 6.1s<46.6s
[K       1/20      5.52G      1.738      3.777      1.335        112       1024: 9% ━─────────── 11/112 2.2it/s 6.6s<45.0s
[K       1/20      5.52G      1.704      3.667      1.319        238       1024: 10% ━─────────── 12/112 2.3it/s 7.0s<43.6s
[K       1/20      5.52G      1.668      3.583      1.312        156       1024: 11% ━─────────── 13/112 2.3it/s 7.4s<42.4s
[K       1/20      5.52G      1.676      3.554      1.323        130       1024: 12% ━─────────── 14/112 2.3it/s 7.8s<41.9s
[K       1/20      5.52G       1.68      3.531      1.324        283       1024: 13% ━╸────────── 15/112 2.3it/s 8.3s<42.1s
[K       1/20      5.52G        1.7      3.468      1.345         70       1024: 14% ━╸────────── 16/112 2.3it/s 8.7s<41.8s
[K       1/20      5.52G      1.676      3.378      1.329        263       1024: 15% ━╸────────── 17/112 2.3it/s 9.2s<41.9s
[K       1/20      5.52G       1.67      3.302      1.323        187       1024: 16% ━╸────────── 18/112 2.3it/s 9.6s<41.6s
[K       1/20      5.52G      1.656      3.216      1.311        158       1024: 16% ━━────────── 19/112 2.3it/s 10.0s<40.3s
[K       1/20      5.52G       1.63      3.139      1.296        312       1024: 17% ━━────────── 20/112 2.4it/s 10.4s<38.8s
[K       1/20      5.52G      1.618      3.108      1.298         64       1024: 18% ━━────────── 21/112 2.4it/s 10.8s<38.4s
[K       1/20      5.52G      1.612      3.077      1.299        120       1024: 19% ━━────────── 22/112 2.3it/s 11.3s<39.2s
[K       1/20      5.52G      1.591      3.044      1.289         86       1024: 20% ━━────────── 23/112 2.3it/s 11.7s<38.0s
[K       1/20      5.52G      1.577      2.989      1.284         98       1024: 21% ━━╸───────── 24/112 2.4it/s 12.1s<37.4s
[K       1/20      5.52G      1.568      2.939      1.281        126       1024: 22% ━━╸───────── 25/112 2.4it/s 12.5s<35.8s
[K       1/20      5.52G      1.551      2.884      1.268        158       1024: 23% ━━╸───────── 26/112 2.4it/s 12.9s<35.5s
[K       1/20      5.52G      1.538      2.834       1.26        214       1024: 24% ━━╸───────── 27/112 2.4it/s 13.4s<35.2s
[K       1/20      5.52G      1.529      2.792      1.256        151       1024: 25% ━━━───────── 28/112 2.4it/s 13.8s<34.5s
[K       1/20      5.52G      1.518      2.755      1.252        111       1024: 25% ━━━───────── 29/112 2.4it/s 14.2s<34.2s
[K       1/20      5.52G      1.505      2.729      1.247        109       1024: 26% ━━━───────── 30/112 2.5it/s 14.6s<33.5s
[K       1/20      5.52G      1.523      2.704      1.253        185       1024: 27% ━━━───────── 31/112 2.5it/s 15.0s<32.9s
[K       1/20      5.52G      1.515      2.669       1.25        137       1024: 28% ━━━───────── 32/112 2.4it/s 15.4s<33.1s
[K       1/20      5.52G      1.503      2.645      1.244        107       1024: 29% ━━━╸──────── 33/112 2.4it/s 15.8s<32.4s
[K       1/20      5.52G      1.494      2.613      1.239        136       1024: 30% ━━━╸──────── 34/112 2.5it/s 16.2s<31.8s
[K       1/20      5.52G      1.485      2.574      1.232        261       1024: 31% ━━━╸──────── 35/112 2.5it/s 16.6s<31.1s
[K       1/20      5.52G      1.474      2.549      1.224         78       1024: 32% ━━━╸──────── 36/112 2.5it/s 17.0s<30.2s
[K       1/20      5.52G      1.465      2.512      1.216        271       1024: 33% ━━━╸──────── 37/112 2.5it/s 17.4s<30.1s
[K       1/20      5.52G      1.453      2.507      1.212         37       1024: 33% ━━━━──────── 38/112 2.5it/s 17.8s<29.2s
[K       1/20      5.52G      1.446      2.471      1.207        222       1024: 34% ━━━━──────── 39/112 2.5it/s 18.2s<28.9s
[K       1/20      5.52G      1.446      2.445      1.207        179       1024: 35% ━━━━──────── 40/112 2.5it/s 18.6s<28.4s
[K       1/20      5.52G      1.436      2.411      1.202        233       1024: 36% ━━━━──────── 41/112 2.5it/s 19.0s<27.9s
[K       1/20      5.52G      1.426      2.379      1.196        303       1024: 37% ━━━━──────── 42/112 2.5it/s 19.4s<27.5s
[K       1/20      5.52G      1.429      2.357      1.195        103       1024: 38% ━━━━╸─────── 43/112 2.5it/s 19.8s<27.4s
[K       1/20      5.52G       1.44      2.383       1.21         41       1024: 39% ━━━━╸─────── 44/112 2.5it/s 20.2s<26.8s
[K       1/20      5.52G      1.433      2.359      1.207        129       1024: 40% ━━━━╸─────── 45/112 2.5it/s 20.5s<26.3s
[K       1/20      5.52G      1.426      2.329      1.201        299       1024: 41% ━━━━╸─────── 46/112 2.6it/s 20.9s<25.8s
[K       1/20      5.52G       1.42      2.299      1.195        268       1024: 41% ━━━━━─────── 47/112 2.6it/s 21.3s<25.4s
[K       1/20      5.52G      1.417       2.28      1.195        172       1024: 42% ━━━━━─────── 48/112 2.6it/s 21.7s<24.8s
[K       1/20      5.52G      1.416      2.268      1.195        106       1024: 43% ━━━━━─────── 49/112 2.6it/s 22.1s<24.2s
[K       1/20      5.52G      1.414      2.252      1.194        171       1024: 44% ━━━━━─────── 50/112 2.5it/s 22.5s<24.4s
[K       1/20      5.52G      1.408      2.235      1.194        102       1024: 45% ━━━━━─────── 51/112 2.5it/s 22.9s<23.9s
[K       1/20      5.52G      1.411      2.233      1.193        177       1024: 46% ━━━━━╸────── 52/112 2.5it/s 23.3s<23.6s
[K       1/20      5.52G      1.414      2.217      1.192        205       1024: 47% ━━━━━╸────── 53/112 2.5it/s 23.7s<23.6s
[K       1/20      5.52G      1.408      2.196       1.19        116       1024: 48% ━━━━━╸────── 54/112 2.5it/s 24.1s<22.8s
[K       1/20      5.52G      1.404      2.181      1.188        152       1024: 49% ━━━━━╸────── 55/112 2.5it/s 24.5s<22.4s
[K       1/20      5.52G        1.4      2.159      1.183        235       1024: 50% ━━━━━━────── 56/112 2.5it/s 24.9s<22.0s
[K       1/20      5.52G      1.398      2.157      1.184         33       1024: 50% ━━━━━━────── 57/112 2.5it/s 25.3s<21.7s
[K       1/20      5.52G      1.393      2.136      1.182        258       1024: 51% ━━━━━━────── 58/112 2.5it/s 25.7s<21.4s
[K       1/20      5.52G       1.39       2.12       1.18        137       1024: 52% ━━━━━━────── 59/112 2.5it/s 26.0s<20.8s
[K       1/20      5.52G      1.403      2.163        1.2         23       1024: 53% ━━━━━━────── 60/112 2.5it/s 26.4s<20.4s
[K       1/20      5.52G      1.397      2.147      1.196        287       1024: 54% ━━━━━━╸───── 61/112 2.5it/s 26.8s<20.2s
[K       1/20      5.52G      1.391      2.127      1.192        282       1024: 55% ━━━━━━╸───── 62/112 2.6it/s 27.2s<19.5s
[K       1/20      5.52G      1.387      2.113      1.188        287       1024: 56% ━━━━━━╸───── 63/112 2.6it/s 27.6s<19.1s
[K       1/20      6.04G      1.389        2.1      1.187        717       1024: 57% ━━━━━━╸───── 64/112 2.2it/s 28.3s<21.4s
[K       1/20      6.04G      1.389      2.151      1.192         14       1024: 58% ━━━━━━╸───── 65/112 2.3it/s 28.7s<20.0s
[K       1/20      6.04G      1.383      2.132      1.188        268       1024: 58% ━━━━━━━───── 66/112 2.3it/s 29.1s<19.8s
[K       1/20      6.04G      1.384      2.121      1.186        171       1024: 59% ━━━━━━━───── 67/112 2.4it/s 29.5s<18.8s
[K       1/20      6.04G      1.381      2.109      1.184        164       1024: 60% ━━━━━━━───── 68/112 2.4it/s 29.9s<18.4s
[K       1/20      6.04G      1.379      2.094      1.181        143       1024: 61% ━━━━━━━───── 69/112 2.4it/s 30.3s<18.3s
[K       1/20      6.04G      1.376      2.078       1.18        244       1024: 62% ━━━━━━━───── 70/112 2.4it/s 30.8s<17.7s
[K       1/20      6.04G      1.373      2.065      1.179        141       1024: 63% ━━━━━━━╸──── 71/112 2.3it/s 31.2s<18.0s
[K       1/20      6.04G      1.369      2.052      1.177        132       1024: 64% ━━━━━━━╸──── 72/112 2.3it/s 31.7s<17.2s
[K       1/20      6.04G      1.364      2.036      1.174        326       1024: 65% ━━━━━━━╸──── 73/112 2.3it/s 32.1s<16.7s
[K       1/20      6.04G       1.36      2.021      1.171        261       1024: 66% ━━━━━━━╸──── 74/112 2.3it/s 32.5s<16.3s
[K       1/20      6.04G      1.356      2.007      1.171        142       1024: 66% ━━━━━━━━──── 75/112 2.4it/s 32.9s<15.6s
[K       1/20      6.04G      1.356      2.013      1.175         33       1024: 67% ━━━━━━━━──── 76/112 2.3it/s 33.4s<15.4s
[K       1/20      6.04G      1.352      1.996      1.171        344       1024: 68% ━━━━━━━━──── 77/112 2.4it/s 33.8s<14.7s
[K       1/20      6.04G      1.351      1.994      1.169        102       1024: 69% ━━━━━━━━──── 78/112 2.4it/s 34.2s<14.2s
[K       1/20      6.04G      1.349      1.988       1.17        133       1024: 70% ━━━━━━━━──── 79/112 2.3it/s 34.7s<14.4s
[K       1/20      6.04G      1.349      1.978      1.169        277       1024: 71% ━━━━━━━━╸─── 80/112 2.2it/s 35.1s<14.3s
[K       1/20      6.04G      1.347      1.966      1.169        141       1024: 72% ━━━━━━━━╸─── 81/112 2.2it/s 35.6s<14.2s
[K       1/20      6.04G      1.349      1.963      1.172         60       1024: 73% ━━━━━━━━╸─── 82/112 2.2it/s 36.1s<13.6s
[K       1/20      6.04G      1.347      1.952      1.173        119       1024: 74% ━━━━━━━━╸─── 83/112 2.3it/s 36.5s<12.6s
[K       1/20      6.04G      1.348      1.946      1.174         66       1024: 75% ━━━━━━━━━─── 84/112 2.3it/s 36.9s<12.0s
[K       1/20      6.04G      1.347      1.935      1.172        182       1024: 75% ━━━━━━━━━─── 85/112 2.4it/s 37.3s<11.2s
[K       1/20      6.04G      1.345      1.925      1.169        220       1024: 76% ━━━━━━━━━─── 86/112 2.4it/s 37.7s<10.9s
[K       1/20      6.04G      1.343      1.918       1.17         78       1024: 77% ━━━━━━━━━─── 87/112 2.4it/s 38.1s<10.3s
[K       1/20      6.04G      1.341      1.907      1.168        371       1024: 78% ━━━━━━━━━─── 88/112 2.4it/s 38.5s<10.0s
[K       1/20      6.04G       1.34      1.896      1.166        311       1024: 79% ━━━━━━━━━╸── 89/112 2.4it/s 38.9s<9.7s
[K       1/20      6.04G      1.339      1.888      1.166        120       1024: 80% ━━━━━━━━━╸── 90/112 2.4it/s 39.4s<9.2s
[K       1/20      6.04G      1.338      1.878      1.164        251       1024: 81% ━━━━━━━━━╸── 91/112 2.4it/s 39.8s<8.9s
[K       1/20      6.04G      1.335      1.868      1.163        136       1024: 82% ━━━━━━━━━╸── 92/112 2.4it/s 40.2s<8.4s
[K       1/20      6.04G      1.334       1.86      1.163        138       1024: 83% ━━━━━━━━━╸── 93/112 2.4it/s 40.6s<8.0s
[K       1/20      6.04G      1.334      1.852      1.161        357       1024: 83% ━━━━━━━━━━── 94/112 2.4it/s 41.0s<7.4s
[K       1/20      6.04G      1.336      1.852      1.162        112       1024: 84% ━━━━━━━━━━── 95/112 2.4it/s 41.4s<7.0s
[K       1/20      6.04G      1.333      1.845      1.161         87       1024: 85% ━━━━━━━━━━── 96/112 2.4it/s 41.9s<6.6s
[K       1/20      6.04G      1.335      1.842      1.161         92       1024: 86% ━━━━━━━━━━── 97/112 2.4it/s 42.3s<6.2s
[K       1/20      6.04G      1.333      1.835       1.16        177       1024: 87% ━━━━━━━━━━── 98/112 2.4it/s 42.7s<5.7s
[K       1/20      6.04G      1.335      1.827      1.159        178       1024: 88% ━━━━━━━━━━╸─ 99/112 2.4it/s 43.1s<5.4s
[K       1/20      6.04G      1.333      1.822      1.159         72       1024: 89% ━━━━━━━━━━╸─ 100/112 2.4it/s 43.5s<4.9s
[K       1/20      6.04G      1.331      1.814      1.159        142       1024: 90% ━━━━━━━━━━╸─ 101/112 2.4it/s 43.9s<4.6s
[K       1/20      6.04G      1.329      1.805      1.158        109       1024: 91% ━━━━━━━━━━╸─ 102/112 2.4it/s 44.4s<4.2s
[K       1/20      6.04G      1.329      1.801      1.158        103       1024: 91% ━━━━━━━━━━━─ 103/112 2.3it/s 44.8s<3.8s
[K       1/20      6.04G      1.328      1.793      1.158        182       1024: 92% ━━━━━━━━━━━─ 104/112 2.3it/s 45.2s<3.4s
[K       1/20      6.04G      1.327      1.785      1.156        294       1024: 93% ━━━━━━━━━━━─ 105/112 2.3it/s 45.7s<3.0s
[K       1/20      6.04G      1.331      1.783      1.157        277       1024: 94% ━━━━━━━━━━━─ 106/112 2.3it/s 46.1s<2.6s
[K       1/20      6.04G       1.33      1.776      1.156        197       1024: 95% ━━━━━━━━━━━─ 107/112 2.4it/s 46.5s<2.1s
[K       1/20      6.04G       1.33      1.778      1.155         73       1024: 96% ━━━━━━━━━━━╸ 108/112 2.4it/s 46.9s<1.7s
[K       1/20      6.04G      1.328      1.773      1.154        273       1024: 97% ━━━━━━━━━━━╸ 109/112 2.4it/s 47.3s<1.2s
[K       1/20      6.04G      1.326      1.769      1.155         61       1024: 98% ━━━━━━━━━━━╸ 110/112 2.4it/s 47.7s<0.8s
[K       1/20      6.04G      1.325      1.767      1.155        149       1024: 99% ━━━━━━━━━━━╸ 111/112 2.4it/s 48.1s<0.4s
[K       1/20      6.04G      1.325      1.767      1.155        149       1024: 100% ━━━━━━━━━━━━ 112/112 2.3it/s 48.1s

[K                 Class     Images  Instances      Box(P          R      mAP50  mAP50-95): 50% ━━━━━━────── 1/2 3.4s/it 1.0s<3.4s
[K                 Class     Images  Instances      Box(P          R      mAP50  mAP50-95): 100% ━━━━━━━━━━━━ 2/2 1.8it/s 1.1s
                   all          9       1052      0.117      0.152     0.0604     0.0353
[2026-09-28T12:50:22.888355+00:00] TRAIN improved epoch 1/20: optimizer=112/1165, batches=112/112, loss=4.2471

      Epoch    GPU_mem   box_loss   cls_loss   dfl_loss  Instances       Size

[K       2/20      4.97G      1.074      1.124      1.119        167       1024: 0% ──────────── 0/112  0.4s
[K       2/20      4.97G      1.135      1.196      1.173         75       1024: 0% ──────────── 1/112 1.4s/it 0.8s<2:30
[K       2/20      4.97G      1.236      1.162      1.153        285       1024: 1% ──────────── 2/112 1.2it/s 1.2s<1:30
[K       2/20      4.97G      1.209      1.104      1.121        192       1024: 2% ──────────── 3/112 1.6it/s 1.6s<1:08
[K       2/20      4.97G      1.193      1.108      1.106        134       1024: 3% ──────────── 4/112 1.9it/s 2.0s<56.5s
[K       2/20      4.97G      1.201      1.082      1.082        192       1024: 4% ╸─────────── 5/112 2.0it/s 2.4s<53.2s
[K       2/20      4.97G      1.162      1.115      1.081         54       1024: 5% ╸─────────── 6/112 2.2it/s 2.8s<47.4s
[K       2/20      4.97G      1.152      1.079       1.06        350       1024: 6% ╸─────────── 7/112 2.2it/s 3.2s<47.1s
[K       2/20      4.97G      1.176      1.089      1.072        163       1024: 7% ╸─────────── 8/112 2.4it/s 3.6s<42.6s
[K       2/20      4.97G      1.158      1.054      1.055        217       1024: 8% ╸─────────── 9/112 2.5it/s 4.0s<41.9s
[K       2/20      4.97G      1.158      1.054      1.056        184       1024: 8% ━─────────── 10/112 2.6it/s 4.3s<39.6s
[K       2/20      4.97G      1.142      1.026       1.04        284       1024: 9% ━─────────── 11/112 2.6it/s 4.7s<39.0s
[K       2/20      4.97G      1.145      1.014      1.047        179       1024: 10% ━─────────── 12/112 2.7it/s 5.0s<37.4s
[K       2/20      4.97G      1.133     0.9972      1.042        160       1024: 11% ━─────────── 13/112 2.6it/s 5.4s<37.7s
[K       2/20      4.97G      1.141      1.018      1.051        135       1024: 12% ━─────────── 14/112 2.7it/s 5.8s<36.0s
[K       2/20      4.97G      1.165       1.05      1.056        367       1024: 13% ━╸────────── 15/112 2.7it/s 6.2s<36.4s
[K       2/20      4.97G      1.147      1.028      1.049        230       1024: 14% ━╸────────── 16/112 2.7it/s 6.5s<35.9s
[K       2/20      4.97G      1.151      1.022      1.052        163       1024: 15% ━╸────────── 17/112 2.6it/s 7.0s<36.2s
[K       2/20      4.97G      1.142      1.007      1.045        145       1024: 16% ━╸────────── 18/112 2.7it/s 7.3s<34.9s
[K       2/20      4.97G      1.143      1.031      1.056         36       1024: 16% ━━────────── 19/112 2.6it/s 7.7s<35.6s
[K       2/20      4.97G      1.136      1.024       1.06         83       1024: 17% ━━────────── 20/112 2.6it/s 8.1s<34.7s
[K       2/20      4.97G      1.135      1.034       1.06         51       1024: 18% ━━────────── 21/112 2.5it/s 8.5s<36.2s
[K       2/20      4.97G      1.135      1.036      1.066         70       1024: 19% ━━────────── 22/112 2.6it/s 8.9s<34.7s
[K       2/20      4.97G      1.137      1.049       1.07         47       1024: 20% ━━────────── 23/112 2.6it/s 9.3s<34.6s
[K       2/20      4.97G       1.13      1.049      1.071         70       1024: 21% ━━╸───────── 24/112 2.7it/s 9.6s<33.0s
[K       2/20      4.97G      1.133      1.059      1.071        180       1024: 22% ━━╸───────── 25/112 2.6it/s 10.0s<33.1s
[K       2/20      4.97G      1.136       1.06      1.069        245       1024: 23% ━━╸───────── 26/112 2.7it/s 10.4s<31.8s
[K       2/20      4.97G       1.13      1.055      1.069         83       1024: 24% ━━╸───────── 27/112 2.6it/s 10.8s<32.2s
[K       2/20      4.97G      1.125      1.047      1.064        133       1024: 25% ━━━───────── 28/112 2.7it/s 11.1s<31.0s
[K       2/20      4.97G      1.122      1.046       1.06        279       1024: 25% ━━━───────── 29/112 2.7it/s 11.5s<31.1s
[K       2/20      4.97G      1.118      1.039      1.057        206       1024: 26% ━━━───────── 30/112 2.7it/s 11.9s<30.2s
[K       2/20      4.97G      1.118      1.035      1.055        138       1024: 27% ━━━───────── 31/112 2.7it/s 12.3s<30.5s
[K       2/20      4.97G      1.117      1.028      1.051        186       1024: 28% ━━━───────── 32/112 2.8it/s 12.6s<29.0s
[K       2/20      4.97G      1.121      1.027      1.049         79       1024: 29% ━━━╸──────── 33/112 2.7it/s 13.0s<29.3s
[K       2/20      4.97G      1.117      1.021      1.049        135       1024: 30% ━━━╸──────── 34/112 2.8it/s 13.3s<28.3s
[K       2/20      4.97G      1.113      1.018      1.049        132       1024: 31% ━━━╸──────── 35/112 2.7it/s 13.7s<28.7s
[K       2/20      4.97G      1.108      1.013      1.046        216       1024: 32% ━━━╸──────── 36/112 2.7it/s 14.1s<27.8s
[K       2/20      4.97G      1.106      1.005      1.042        321       1024: 33% ━━━╸──────── 37/112 2.6it/s 14.5s<28.7s
[K       2/20      4.97G      1.106     0.9994       1.04        263       1024: 33% ━━━━──────── 38/112 2.6it/s 14.9s<28.1s
[K       2/20      4.97G      1.109     0.9956      1.039        278       1024: 34% ━━━━──────── 39/112 2.6it/s 15.3s<28.5s
[K       2/20      4.97G      1.104     0.9912      1.038        126       1024: 35% ━━━━──────── 40/112 2.7it/s 15.7s<27.0s
[K       2/20      4.97G      1.097     0.9921      1.036         56       1024: 36% ━━━━──────── 41/112 2.6it/s 16.1s<27.2s
[K       2/20      4.97G       1.11      1.036      1.053         35       1024: 37% ━━━━──────── 42/112 2.7it/s 16.4s<26.0s
[K       2/20      4.97G      1.121      1.041      1.053        287       1024: 38% ━━━━╸─────── 43/112 2.6it/s 16.8s<26.4s
[K       2/20      4.97G      1.119       1.04      1.054        134       1024: 39% ━━━━╸─────── 44/112 2.7it/s 17.2s<25.1s
[K       2/20      4.97G      1.114      1.034       1.05        153       1024: 40% ━━━━╸─────── 45/112 2.7it/s 17.6s<25.3s
[K       2/20      4.97G      1.115       1.03       1.05        178       1024: 41% ━━━━╸─────── 46/112 2.7it/s 17.9s<24.2s
[K       2/20      4.97G      1.113      1.024      1.049        227       1024: 41% ━━━━━─────── 47/112 2.6it/s 18.3s<24.6s
[K       2/20      4.97G       1.13      1.068      1.067         30       1024: 42% ━━━━━─────── 48/112 2.7it/s 18.6s<23.5s
[K       2/20      4.97G      1.128      1.062      1.065        247       1024: 43% ━━━━━─────── 49/112 2.6it/s 19.1s<23.9s
[K       2/20      4.97G      1.127       1.06      1.065        197       1024: 44% ━━━━━─────── 50/112 2.7it/s 19.4s<23.2s
[K       2/20      4.97G      1.126      1.055      1.064        192       1024: 45% ━━━━━─────── 51/112 2.6it/s 19.8s<23.6s
[K       2/20      4.97G      1.122       1.05      1.062        191       1024: 46% ━━━━━╸────── 52/112 2.7it/s 20.2s<22.5s
[K       2/20      4.97G      1.124      1.059      1.069         50       1024: 47% ━━━━━╸────── 53/112 2.6it/s 20.6s<22.7s
[K       2/20      4.97G      1.125      1.071      1.072         41       1024: 48% ━━━━━╸────── 54/112 2.7it/s 21.0s<21.9s
[K       2/20      4.97G      1.132      1.098      1.081         29       1024: 49% ━━━━━╸────── 55/112 2.6it/s 21.3s<21.6s
[K       2/20      4.97G      1.135      1.097      1.082        220       1024: 50% ━━━━━━────── 56/112 2.7it/s 21.7s<20.8s
[K       2/20      4.97G      1.135      1.096      1.084        116       1024: 50% ━━━━━━────── 57/112 2.6it/s 22.1s<20.8s
[K       2/20      4.97G      1.136      1.096      1.084        150       1024: 51% ━━━━━━────── 58/112 2.7it/s 22.5s<20.2s
[K       2/20      4.97G      1.135      1.094      1.081        186       1024: 52% ━━━━━━────── 59/112 2.6it/s 22.9s<20.3s
[K       2/20      4.97G      1.137      1.102      1.082         47       1024: 53% ━━━━━━────── 60/112 2.7it/s 23.2s<19.6s
[K       2/20      4.97G      1.137      1.101      1.082         97       1024: 54% ━━━━━━╸───── 61/112 2.6it/s 23.6s<19.8s
[K       2/20      4.97G      1.135      1.096      1.079        122       1024: 55% ━━━━━━╸───── 62/112 2.6it/s 24.0s<18.9s
[K       2/20      4.97G      1.131      1.093      1.077        145       1024: 56% ━━━━━━╸───── 63/112 2.6it/s 24.4s<18.7s
[K       2/20      4.97G      1.131      1.093      1.077        138       1024: 57% ━━━━━━╸───── 64/112 2.7it/s 24.8s<17.9s
[K       2/20      4.97G      1.131      1.094      1.078         98       1024: 58% ━━━━━━╸───── 65/112 2.7it/s 25.1s<17.6s
[K       2/20      4.97G      1.129       1.09      1.076        248       1024: 58% ━━━━━━━───── 66/112 2.7it/s 25.5s<17.0s
[K       2/20      4.97G       1.13      1.093      1.078         78       1024: 59% ━━━━━━━───── 67/112 2.6it/s 25.9s<17.2s
[K       2/20      4.97G      1.128      1.087      1.076        263       1024: 60% ━━━━━━━───── 68/112 2.7it/s 26.3s<16.4s
[K       2/20      4.97G      1.127      1.085      1.074        136       1024: 61% ━━━━━━━───── 69/112 2.7it/s 26.6s<16.2s
[K       2/20      4.97G       1.13      1.083      1.074        309       1024: 62% ━━━━━━━───── 70/112 2.7it/s 27.0s<15.7s
[K       2/20      4.97G      1.129      1.081      1.073        112       1024: 63% ━━━━━━━╸──── 71/112 2.7it/s 27.4s<15.4s
[K       2/20      4.97G       1.13       1.08      1.074         78       1024: 64% ━━━━━━━╸──── 72/112 2.7it/s 27.7s<14.6s
[K       2/20      4.97G      1.132       1.08      1.075        169       1024: 65% ━━━━━━━╸──── 73/112 2.6it/s 28.2s<14.8s
[K       2/20      4.97G      1.133      1.079      1.074        338       1024: 66% ━━━━━━━╸──── 74/112 2.7it/s 28.5s<14.0s
[K       2/20      4.97G      1.149      1.137      1.093          7       1024: 66% ━━━━━━━━──── 75/112 2.6it/s 28.9s<14.0s
[K       2/20      4.97G      1.151      1.135      1.092        118       1024: 67% ━━━━━━━━──── 76/112 2.7it/s 29.3s<13.4s
[K       2/20      4.97G      1.149      1.131       1.09        204       1024: 68% ━━━━━━━━──── 77/112 2.6it/s 29.7s<13.4s
[K       2/20      4.97G       1.15      1.129      1.092         97       1024: 69% ━━━━━━━━──── 78/112 2.7it/s 30.0s<12.6s
[K       2/20      4.97G      1.149      1.125       1.09        290       1024: 70% ━━━━━━━━──── 79/112 2.6it/s 30.4s<12.6s
[K       2/20      4.97G      1.154       1.13      1.096         39       1024: 71% ━━━━━━━━╸─── 80/112 2.7it/s 30.8s<11.8s
[K       2/20      4.97G      1.157      1.138      1.101         67       1024: 72% ━━━━━━━━╸─── 81/112 2.7it/s 31.2s<11.7s
[K       2/20      4.97G      1.154      1.133      1.099        174       1024: 73% ━━━━━━━━╸─── 82/112 2.7it/s 31.5s<11.0s
[K       2/20      4.97G      1.152      1.128      1.097        283       1024: 74% ━━━━━━━━╸─── 83/112 2.6it/s 31.9s<11.0s
[K       2/20      4.97G       1.15      1.124      1.097        119       1024: 75% ━━━━━━━━━─── 84/112 2.7it/s 32.3s<10.4s
[K       2/20      4.97G      1.148      1.122      1.097        137       1024: 75% ━━━━━━━━━─── 85/112 2.6it/s 32.7s<10.6s
[K       2/20      4.97G      1.153      1.123      1.096        100       1024: 76% ━━━━━━━━━─── 86/112 2.6it/s 33.1s<10.1s
[K       2/20      4.97G      1.153      1.123      1.096         89       1024: 77% ━━━━━━━━━─── 87/112 2.5it/s 33.5s<10.0s
[K       2/20      4.97G      1.156      1.126        1.1         56       1024: 78% ━━━━━━━━━─── 88/112 2.5it/s 33.9s<9.5s
[K       2/20      4.97G      1.158      1.128      1.103         36       1024: 79% ━━━━━━━━━╸── 89/112 2.5it/s 34.3s<9.3s
[K       2/20      4.97G      1.156      1.125      1.102         84       1024: 80% ━━━━━━━━━╸── 90/112 2.6it/s 34.7s<8.6s
[K       2/20      4.97G      1.157      1.125      1.102        147       1024: 81% ━━━━━━━━━╸── 91/112 2.5it/s 35.1s<8.4s
[K       2/20      4.97G      1.157      1.122      1.101        302       1024: 82% ━━━━━━━━━╸── 92/112 2.6it/s 35.5s<7.7s
[K       2/20      4.97G      1.159      1.125      1.101        173       1024: 83% ━━━━━━━━━╸── 93/112 2.5it/s 35.9s<7.5s
[K       2/20      4.97G       1.16      1.125      1.101        169       1024: 83% ━━━━━━━━━━── 94/112 2.5it/s 36.3s<7.2s
[K       2/20      4.97G      1.159      1.122        1.1        165       1024: 84% ━━━━━━━━━━── 95/112 2.5it/s 36.7s<6.9s
[K       2/20      4.97G      1.157      1.119      1.098        278       1024: 85% ━━━━━━━━━━── 96/112 2.6it/s 37.1s<6.3s
[K       2/20      4.97G      1.157      1.118      1.098        182       1024: 86% ━━━━━━━━━━── 97/112 2.5it/s 37.5s<6.0s
[K       2/20      4.97G      1.155       1.12      1.099         71       1024: 87% ━━━━━━━━━━── 98/112 2.6it/s 37.9s<5.3s
[K       2/20      4.97G      1.154      1.117      1.098        200       1024: 88% ━━━━━━━━━━╸─ 99/112 2.6it/s 38.3s<5.1s
[K       2/20      4.97G      1.154      1.117      1.098        118       1024: 89% ━━━━━━━━━━╸─ 100/112 2.7it/s 38.6s<4.4s
[K       2/20      4.97G      1.153      1.113      1.097        219       1024: 90% ━━━━━━━━━━╸─ 101/112 2.6it/s 39.0s<4.2s
[K       2/20      4.97G      1.152       1.11      1.096        192       1024: 91% ━━━━━━━━━━╸─ 102/112 2.7it/s 39.4s<3.7s
[K       2/20      4.97G      1.151      1.106      1.094        225       1024: 91% ━━━━━━━━━━━─ 103/112 2.6it/s 39.8s<3.5s
[K       2/20      4.97G       1.15      1.104      1.093        122       1024: 92% ━━━━━━━━━━━─ 104/112 2.7it/s 40.1s<3.0s
[K       2/20      4.97G      1.148      1.103      1.093         84       1024: 93% ━━━━━━━━━━━─ 105/112 2.6it/s 40.6s<2.7s
[K       2/20      4.97G      1.147      1.103      1.094        111       1024: 94% ━━━━━━━━━━━─ 106/112 2.7it/s 40.9s<2.2s
[K       2/20      4.97G      1.147        1.1      1.093        233       1024: 95% ━━━━━━━━━━━─ 107/112 2.6it/s 41.3s<1.9s
[K       2/20      4.97G      1.148        1.1      1.094         99       1024: 96% ━━━━━━━━━━━╸ 108/112 2.7it/s 41.7s<1.5s
[K       2/20      4.97G      1.147      1.097      1.093        196       1024: 97% ━━━━━━━━━━━╸ 109/112 2.6it/s 42.1s<1.1s
[K       2/20      4.97G      1.148      1.095      1.093        299       1024: 98% ━━━━━━━━━━━╸ 110/112 2.7it/s 42.4s<0.8s
[K       2/20      4.97G      1.148      1.096      1.093         85       1024: 99% ━━━━━━━━━━━╸ 111/112 2.6it/s 42.8s<0.4s
[K       2/20      4.97G      1.148      1.096      1.093         85       1024: 100% ━━━━━━━━━━━━ 112/112 2.6it/s 42.8s

[K                 Class     Images  Instances      Box(P          R      mAP50  mAP50-95): 50% ━━━━━━────── 1/2 2.9s/it 0.9s<2.9s
[K                 Class     Images  Instances      Box(P          R      mAP50  mAP50-95): 100% ━━━━━━━━━━━━ 2/2 2.2it/s 0.9s
                   all          9       1052      0.353      0.191      0.155     0.0881
[2026-09-28T12:51:07.413970+00:00] TRAIN improved epoch 2/20: optimizer=168/1165, batches=112/112, loss=3.3369

      Epoch    GPU_mem   box_loss   cls_loss   dfl_loss  Instances       Size

[K       3/20      4.92G      1.112     0.8152     0.9441        207       1024: 0% ──────────── 0/112  0.3s
[K       3/20      4.92G      1.094     0.9296      1.022         91       1024: 0% ──────────── 1/112 1.2s/it 0.7s<2:18
[K       3/20      4.92G      1.176     0.9929       1.02        306       1024: 1% ──────────── 2/112 1.3it/s 1.1s<1:26
[K       3/20      4.92G      1.123     0.9169      1.008        148       1024: 2% ──────────── 3/112 1.7it/s 1.5s<1:05
[K       3/20      4.92G      1.101     0.8917      1.015        193       1024: 3% ──────────── 4/112 2.0it/s 1.9s<53.4s
[K       3/20      4.92G      1.123     0.9122      1.064         50       1024: 4% ╸─────────── 5/112 2.1it/s 2.3s<50.5s
[K       3/20      4.92G      1.168      1.014      1.124         62       1024: 5% ╸─────────── 6/112 2.4it/s 2.6s<43.5s
[K       3/20      4.92G      1.231      1.063      1.127        403       1024: 6% ╸─────────── 7/112 2.4it/s 3.0s<43.9s
[K       3/20      4.92G      1.214      1.024      1.104        163       1024: 7% ╸─────────── 8/112 2.5it/s 3.4s<41.3s
[K       3/20      4.92G      1.193      1.002      1.089        188       1024: 8% ╸─────────── 9/112 2.5it/s 3.8s<40.8s
[K       3/20      4.92G      1.167     0.9711      1.069        486       1024: 8% ━─────────── 10/112 2.6it/s 4.1s<39.2s
[K       3/20      4.92G      1.185     0.9601      1.069        119       1024: 9% ━─────────── 11/112 2.6it/s 4.5s<39.1s
[K       3/20      4.92G      1.178     0.9772      1.066        144       1024: 10% ━─────────── 12/112 2.7it/s 4.9s<36.5s
[K       3/20      4.92G      1.165      0.984      1.067        121       1024: 11% ━─────────── 13/112 2.6it/s 5.3s<37.7s
[K       3/20      4.92G      1.151     0.9594      1.054        267       1024: 12% ━─────────── 14/112 2.7it/s 5.6s<36.1s
[K       3/20      4.92G      1.144     0.9498      1.054        172       1024: 13% ━╸────────── 15/112 2.7it/s 6.0s<36.5s
[K       3/20      4.92G      1.144     0.9388      1.049        280       1024: 14% ━╸────────── 16/112 2.7it/s 6.4s<35.6s
[K       3/20      4.92G      1.139     0.9376      1.049         96       1024: 15% ━╸────────── 17/112 2.7it/s 6.8s<35.4s
[K       3/20      4.92G      1.127     0.9278      1.046        158       1024: 16% ━╸────────── 18/112 2.8it/s 7.1s<33.9s
[K       3/20      4.92G      1.122     0.9274      1.041        199       1024: 16% ━━────────── 19/112 2.6it/s 7.5s<35.5s
[K       3/20      4.92G      1.121     0.9271      1.043        114       1024: 17% ━━────────── 20/112 2.7it/s 7.9s<33.5s
[K       3/20      4.92G       1.15      0.948      1.048         60       1024: 18% ━━────────── 21/112 2.7it/s 8.3s<33.8s
[K       3/20      4.92G      1.145     0.9435      1.047         92       1024: 19% ━━────────── 22/112 2.7it/s 8.6s<33.3s
[K       3/20      4.92G      1.138     0.9376      1.049        131       1024: 20% ━━────────── 23/112 2.7it/s 9.0s<33.0s
[K       3/20      4.92G      1.148     0.9455      1.051        187       1024: 21% ━━╸───────── 24/112 2.8it/s 9.3s<32.0s
[K       3/20      4.92G      1.144     0.9386      1.049        211       1024: 22% ━━╸───────── 25/112 2.7it/s 9.8s<32.7s
[K       3/20      4.92G      1.141      0.932      1.047        227       1024: 23% ━━╸───────── 26/112 2.8it/s 10.1s<31.1s
[K       3/20      4.92G      1.136     0.9258      1.044        200       1024: 24% ━━╸───────── 27/112 2.7it/s 10.5s<31.5s
[K       3/20      4.92G      1.135     0.9234      1.046        136       1024: 25% ━━━───────── 28/112 2.8it/s 10.8s<30.4s
[K       3/20      4.92G      1.141     0.9306      1.049        115       1024: 25% ━━━───────── 29/112 2.7it/s 11.2s<30.8s
[K       3/20      4.92G      1.134     0.9225      1.047        206       1024: 26% ━━━───────── 30/112 2.8it/s 11.6s<29.6s
[K       3/20      4.92G      1.131     0.9167      1.044        229       1024: 27% ━━━───────── 31/112 2.7it/s 12.0s<30.1s
[K       3/20      4.92G      1.131     0.9136      1.047        161       1024: 28% ━━━───────── 32/112 2.8it/s 12.3s<28.8s
[K       3/20      4.92G      1.123     0.9042      1.044        243       1024: 29% ━━━╸──────── 33/112 2.7it/s 12.7s<29.5s
[K       3/20      4.92G       1.12     0.9096      1.044        110       1024: 30% ━━━╸──────── 34/112 2.7it/s 13.1s<28.7s
[K       3/20      4.92G      1.117     0.9099      1.045         94       1024: 31% ━━━╸──────── 35/112 2.7it/s 13.4s<28.9s
[K       3/20      4.92G      1.127     0.9365      1.047        134       1024: 32% ━━━╸──────── 36/112 2.7it/s 13.8s<28.0s
[K       3/20      4.92G      1.121     0.9335      1.045        140       1024: 33% ━━━╸──────── 37/112 2.7it/s 14.2s<28.0s
[K       3/20      4.92G      1.124     0.9316      1.044        133       1024: 33% ━━━━──────── 38/112 2.8it/s 14.5s<26.8s
[K       3/20      4.92G      1.124     0.9322      1.047         89       1024: 34% ━━━━──────── 39/112 2.7it/s 14.9s<27.1s
[K       3/20      4.92G      1.119     0.9254      1.043        349       1024: 35% ━━━━──────── 40/112 2.7it/s 15.3s<26.3s
[K       3/20      4.92G      1.122     0.9418      1.047         20       1024: 36% ━━━━──────── 41/112 2.7it/s 15.7s<26.6s
[K       3/20      4.92G      1.132     0.9553      1.049        338       1024: 37% ━━━━──────── 42/112 2.7it/s 16.0s<25.9s
[K       3/20      4.92G      1.134     0.9565      1.049        132       1024: 38% ━━━━╸─────── 43/112 2.7it/s 16.4s<26.0s
[K       3/20      4.92G      1.136     0.9625      1.051        147       1024: 39% ━━━━╸─────── 44/112 2.7it/s 16.8s<25.0s
[K       3/20      4.92G      1.134     0.9636      1.051        157       1024: 40% ━━━━╸─────── 45/112 2.7it/s 17.2s<25.1s
[K       3/20      4.92G      1.134     0.9644      1.052         77       1024: 41% ━━━━╸─────── 46/112 2.8it/s 17.5s<24.0s
[K       3/20      4.92G      1.142     0.9659      1.052        255       1024: 41% ━━━━━─────── 47/112 2.7it/s 17.9s<24.3s
[K       3/20      4.92G      1.139     0.9632      1.053        126       1024: 42% ━━━━━─────── 48/112 2.8it/s 18.2s<23.3s
[K       3/20      4.92G      1.135     0.9605      1.052         84       1024: 43% ━━━━━─────── 49/112 2.7it/s 18.6s<23.6s
[K       3/20      4.92G      1.133     0.9631      1.056         46       1024: 44% ━━━━━─────── 50/112 2.7it/s 19.0s<22.6s
[K       3/20      4.92G      1.128     0.9629      1.056         64       1024: 45% ━━━━━─────── 51/112 2.7it/s 19.4s<22.4s
[K       3/20      4.92G      1.128     0.9601      1.054        203       1024: 46% ━━━━━╸────── 52/112 2.7it/s 19.7s<22.1s
[K       3/20      4.92G      1.126     0.9563      1.052        199       1024: 47% ━━━━━╸────── 53/112 2.7it/s 20.1s<22.1s
[K       3/20      4.92G      1.128     0.9589      1.053        139       1024: 48% ━━━━━╸────── 54/112 2.8it/s 20.5s<21.0s
[K       3/20      4.92G      1.137     0.9636      1.057        283       1024: 49% ━━━━━╸────── 55/112 2.7it/s 20.9s<21.5s
[K       3/20      4.92G      1.132     0.9584      1.053        270       1024: 50% ━━━━━━────── 56/112 2.7it/s 21.2s<20.9s
[K       3/20      4.92G      1.129     0.9534      1.051        291       1024: 50% ━━━━━━────── 57/112 2.6it/s 21.6s<21.0s
[K       3/20      4.92G      1.131     0.9511       1.05        134       1024: 51% ━━━━━━────── 58/112 2.7it/s 22.0s<19.9s
[K       3/20      4.92G      1.129     0.9496      1.049        179       1024: 52% ━━━━━━────── 59/112 2.7it/s 22.4s<19.9s
[K       3/20      4.92G      1.141     0.9558      1.049        276       1024: 53% ━━━━━━────── 60/112 2.7it/s 22.8s<19.6s
[K       3/20      4.92G       1.14      0.953      1.049        142       1024: 54% ━━━━━━╸───── 61/112 2.6it/s 23.1s<19.4s
[K       3/20      4.92G      1.138     0.9475      1.046        178       1024: 55% ━━━━━━╸───── 62/112 2.7it/s 23.5s<18.5s
[K       3/20      4.92G      1.135      0.944      1.047        160       1024: 56% ━━━━━━╸───── 63/112 2.6it/s 23.9s<18.6s
[K       3/20      4.92G      1.137     0.9449      1.048        105       1024: 57% ━━━━━━╸───── 64/112 2.7it/s 24.2s<17.8s
[K       3/20      4.92G      1.138     0.9447       1.05        124       1024: 58% ━━━━━━╸───── 65/112 2.6it/s 24.6s<17.8s
[K       3/20      4.92G      1.137     0.9421      1.049        229       1024: 58% ━━━━━━━───── 66/112 2.7it/s 25.0s<16.9s
[K       3/20      4.92G      1.138     0.9401       1.05        177       1024: 59% ━━━━━━━───── 67/112 2.7it/s 25.4s<16.9s
[K       3/20      4.92G      1.145     0.9817      1.059         10       1024: 60% ━━━━━━━───── 68/112 2.8it/s 25.7s<16.0s
[K       3/20      4.92G      1.141     0.9808      1.058         42       1024: 61% ━━━━━━━───── 69/112 2.7it/s 26.1s<16.1s
[K       3/20      4.92G      1.143     0.9802      1.057        248       1024: 62% ━━━━━━━───── 70/112 2.7it/s 26.5s<15.5s
[K       3/20      4.92G      1.143     0.9792      1.056        370       1024: 63% ━━━━━━━╸──── 71/112 2.6it/s 26.9s<15.5s
[K       3/20      4.92G      1.143      0.977      1.058         86       1024: 64% ━━━━━━━╸──── 72/112 2.7it/s 27.2s<14.7s
[K       3/20      4.92G      1.142     0.9787      1.059         71       1024: 65% ━━━━━━━╸──── 73/112 2.6it/s 27.6s<14.7s
[K       3/20      4.92G      1.142     0.9774      1.058        186       1024: 66% ━━━━━━━╸──── 74/112 2.7it/s 28.0s<14.0s
[K       3/20      4.92G      1.142     0.9746      1.056        220       1024: 66% ━━━━━━━━──── 75/112 2.7it/s 28.4s<14.0s
[K       3/20      4.92G      1.143     0.9717      1.056        150       1024: 67% ━━━━━━━━──── 76/112 2.7it/s 28.7s<13.2s
[K       3/20      4.92G      1.142     0.9685      1.057        133       1024: 68% ━━━━━━━━──── 77/112 2.6it/s 29.1s<13.2s
[K       3/20      4.92G      1.146     0.9779      1.064         29       1024: 69% ━━━━━━━━──── 78/112 2.7it/s 29.5s<12.6s
[K       3/20      4.92G      1.143     0.9731      1.061        236       1024: 70% ━━━━━━━━──── 79/112 2.6it/s 29.9s<12.6s
[K       3/20      4.92G      1.141     0.9691      1.059        142       1024: 71% ━━━━━━━━╸─── 80/112 2.7it/s 30.2s<11.8s
[K       3/20      4.92G      1.138     0.9667      1.058         71       1024: 72% ━━━━━━━━╸─── 81/112 2.7it/s 30.6s<11.6s
[K       3/20      4.92G      1.138     0.9652      1.058        319       1024: 73% ━━━━━━━━╸─── 82/112 2.7it/s 31.0s<11.0s
[K       3/20      4.92G      1.137     0.9641      1.057        232       1024: 74% ━━━━━━━━╸─── 83/112 2.7it/s 31.4s<10.9s
[K       3/20      4.92G      1.137     0.9714      1.059         35       1024: 75% ━━━━━━━━━─── 84/112 2.7it/s 31.7s<10.3s
[K       3/20      4.92G      1.135     0.9686      1.058        234       1024: 75% ━━━━━━━━━─── 85/112 2.7it/s 32.1s<10.1s
[K       3/20      4.92G      1.137     0.9751      1.062         18       1024: 76% ━━━━━━━━━─── 86/112 2.8it/s 32.4s<9.4s
[K       3/20      4.92G      1.135     0.9733      1.063        192       1024: 77% ━━━━━━━━━─── 87/112 2.7it/s 32.8s<9.3s
[K       3/20      4.92G      1.134     0.9703      1.062        285       1024: 78% ━━━━━━━━━─── 88/112 2.7it/s 33.2s<8.8s
[K       3/20      4.92G      1.138     0.9716      1.063        131       1024: 79% ━━━━━━━━━╸── 89/112 2.7it/s 33.6s<8.6s
[K       3/20      4.92G      1.136     0.9681      1.061        211       1024: 80% ━━━━━━━━━╸── 90/112 2.7it/s 34.0s<8.1s
[K       3/20      4.92G      1.137     0.9687      1.063         45       1024: 81% ━━━━━━━━━╸── 91/112 2.7it/s 34.4s<7.9s
[K       3/20      4.92G      1.136     0.9674      1.064        110       1024: 82% ━━━━━━━━━╸── 92/112 2.8it/s 34.7s<7.3s
[K       3/20      4.92G      1.138     0.9675      1.064        142       1024: 83% ━━━━━━━━━╸── 93/112 2.7it/s 35.1s<7.1s
[K       3/20      4.92G      1.136     0.9645      1.063        195       1024: 83% ━━━━━━━━━━── 94/112 2.7it/s 35.5s<6.7s
[K       3/20      4.92G      1.133     0.9623      1.062        169       1024: 84% ━━━━━━━━━━── 95/112 2.6it/s 35.9s<6.4s
[K       3/20      4.92G      1.131     0.9603       1.06        385       1024: 85% ━━━━━━━━━━── 96/112 2.7it/s 36.2s<5.9s
[K       3/20      4.92G       1.13     0.9608       1.06        195       1024: 86% ━━━━━━━━━━── 97/112 2.7it/s 36.6s<5.6s
[K       3/20      4.92G      1.131     0.9603      1.059        161       1024: 87% ━━━━━━━━━━── 98/112 2.7it/s 36.9s<5.1s
[K       3/20      4.92G       1.13     0.9606       1.06        186       1024: 88% ━━━━━━━━━━╸─ 99/112 2.7it/s 37.3s<4.9s
[K       3/20      4.92G      1.129      0.958      1.058        240       1024: 89% ━━━━━━━━━━╸─ 100/112 2.7it/s 37.7s<4.4s
[K       3/20      4.92G      1.127     0.9551      1.057        203       1024: 90% ━━━━━━━━━━╸─ 101/112 2.7it/s 38.1s<4.1s
[K       3/20      4.92G      1.124     0.9509      1.055        171       1024: 91% ━━━━━━━━━━╸─ 102/112 2.7it/s 38.4s<3.7s
[K       3/20      4.92G      1.123     0.9519      1.055        124       1024: 91% ━━━━━━━━━━━─ 103/112 2.7it/s 38.8s<3.4s
[K       3/20      4.92G      1.124     0.9546      1.057         58       1024: 92% ━━━━━━━━━━━─ 104/112 2.7it/s 39.2s<2.9s
[K       3/20      4.92G      1.124     0.9536      1.056        275       1024: 93% ━━━━━━━━━━━─ 105/112 2.6it/s 39.6s<2.7s
[K       3/20      4.92G      1.122     0.9544      1.056         43       1024: 94% ━━━━━━━━━━━─ 106/112 2.7it/s 39.9s<2.2s
[K       3/20      4.92G      1.123     0.9539      1.055        269       1024: 95% ━━━━━━━━━━━─ 107/112 2.7it/s 40.3s<1.9s
[K       3/20      4.92G      1.123     0.9525      1.055        178       1024: 96% ━━━━━━━━━━━╸ 108/112 2.7it/s 40.7s<1.5s
[K       3/20      4.92G      1.123     0.9521      1.056        110       1024: 97% ━━━━━━━━━━━╸ 109/112 2.6it/s 41.1s<1.1s
[K       3/20      4.92G      1.122     0.9518      1.055        167       1024: 98% ━━━━━━━━━━━╸ 110/112 2.7it/s 41.5s<0.7s
[K       3/20      4.92G      1.123     0.9525      1.055        220       1024: 99% ━━━━━━━━━━━╸ 111/112 2.6it/s 41.9s<0.4s
[K       3/20      4.92G      1.123     0.9525      1.055        220       1024: 100% ━━━━━━━━━━━━ 112/112 2.7it/s 41.9s

[K                 Class     Images  Instances      Box(P          R      mAP50  mAP50-95): 50% ━━━━━━────── 1/2 3.2s/it 1.0s<3.2s
[K                 Class     Images  Instances      Box(P          R      mAP50  mAP50-95): 100% ━━━━━━━━━━━━ 2/2 2.0it/s 1.0s
                   all          9       1052      0.413      0.314       0.27      0.137
[2026-09-28T12:51:51.035248+00:00] TRAIN improved epoch 3/20: optimizer=224/1165, batches=112/112, loss=3.1312

      Epoch    GPU_mem   box_loss   cls_loss   dfl_loss  Instances       Size

[K       4/20      4.95G     0.9628     0.8683      1.005         83       1024: 0% ──────────── 0/112  0.3s
[K       4/20      4.95G     0.9324     0.7724     0.9342        335       1024: 0% ──────────── 1/112 1.3s/it 0.7s<2:22
[K       4/20      4.95G     0.9355     0.7255     0.9196        226       1024: 1% ──────────── 2/112 1.3it/s 1.1s<1:27
[K       4/20      4.95G     0.9392      0.699     0.9113        263       1024: 2% ──────────── 3/112 1.7it/s 1.5s<1:05
[K       4/20      4.95G     0.9421     0.7503     0.9361         59       1024: 3% ──────────── 4/112 2.0it/s 1.9s<53.8s
[K       4/20      4.95G     0.9361      0.741     0.9344        226       1024: 4% ╸─────────── 5/112 2.1it/s 2.3s<50.1s
[K       4/20      4.95G     0.9107     0.7294      0.938        110       1024: 5% ╸─────────── 6/112 2.5it/s 2.6s<43.2s
[K       4/20      4.95G     0.9703     0.7738     0.9507        369       1024: 6% ╸─────────── 7/112 2.4it/s 3.0s<43.0s
[K       4/20      4.95G     0.9548     0.7706     0.9573        100       1024: 7% ╸─────────── 8/112 2.6it/s 3.4s<40.5s
[K       4/20      4.95G     0.9578     0.7642     0.9559        170       1024: 8% ╸─────────── 9/112 2.6it/s 3.7s<39.6s
[K       4/20      4.95G     0.9315     0.7517      0.954         70       1024: 8% ━─────────── 10/112 2.7it/s 4.1s<38.3s
[K       4/20      4.95G     0.9269     0.7485     0.9572        159       1024: 9% ━─────────── 11/112 2.6it/s 4.5s<38.7s
[K       4/20      4.95G     0.9249      0.743     0.9569        336       1024: 10% ━─────────── 12/112 2.7it/s 4.8s<36.5s
[K       4/20      4.95G      0.923     0.7504     0.9625         83       1024: 11% ━─────────── 13/112 2.7it/s 5.2s<37.2s
[K       4/20      4.95G     0.9228     0.7511     0.9586        127       1024: 12% ━─────────── 14/112 2.7it/s 5.6s<36.0s
[K       4/20      4.95G     0.9348     0.7647      0.969        240       1024: 13% ━╸────────── 15/112 2.7it/s 5.9s<36.0s
[K       4/20      4.95G     0.9477     0.7751     0.9825        114       1024: 14% ━╸────────── 16/112 2.7it/s 6.3s<35.1s
[K       4/20      4.95G     0.9401     0.7659     0.9774        175       1024: 15% ━╸────────── 17/112 2.7it/s 6.7s<35.5s
[K       4/20      4.95G      0.976     0.8327      1.016         52       1024: 16% ━╸────────── 18/112 2.8it/s 7.0s<34.0s
[K       4/20      4.95G     0.9716     0.8212      1.014        203       1024: 16% ━━────────── 19/112 2.7it/s 7.5s<35.0s
[K       4/20      4.95G     0.9839     0.8231      1.013         93       1024: 17% ━━────────── 20/112 2.8it/s 7.8s<33.1s
[K       4/20      4.95G     0.9861     0.8188      1.009        246       1024: 18% ━━────────── 21/112 2.7it/s 8.2s<33.5s
[K       4/20      4.95G     0.9847     0.8183      1.007        228       1024: 19% ━━────────── 22/112 2.7it/s 8.5s<32.9s
[K       4/20      4.95G     0.9836     0.8124       1.01        216       1024: 20% ━━────────── 23/112 2.7it/s 8.9s<32.8s
[K       4/20      4.95G     0.9864     0.8063      1.009        236       1024: 21% ━━╸───────── 24/112 2.8it/s 9.3s<32.0s
[K       4/20      4.95G     0.9838     0.8005      1.009        129       1024: 22% ━━╸───────── 25/112 2.7it/s 9.7s<32.4s
[K       4/20      4.95G     0.9928     0.8057      1.012        206       1024: 23% ━━╸───────── 26/112 2.8it/s 10.0s<31.2s
[K       4/20      4.95G     0.9942     0.8051      1.016        125       1024: 24% ━━╸───────── 27/112 2.7it/s 10.4s<31.6s
[K       4/20      4.95G      0.992     0.7989      1.011        300       1024: 25% ━━━───────── 28/112 2.7it/s 10.7s<31.0s
[K       4/20      4.95G       1.01     0.8157      1.011        264       1024: 25% ━━━───────── 29/112 2.6it/s 11.1s<31.3s
[K       4/20      4.95G      1.013     0.8149      1.013        194       1024: 26% ━━━───────── 30/112 2.8it/s 11.5s<29.7s
[K       4/20      4.95G      1.022     0.8195      1.014        294       1024: 27% ━━━───────── 31/112 2.7it/s 11.9s<30.5s
[K       4/20      4.95G      1.023     0.8167      1.013        266       1024: 28% ━━━───────── 32/112 2.7it/s 12.2s<29.2s
[K       4/20      4.95G      1.026     0.8124      1.011        160       1024: 29% ━━━╸──────── 33/112 2.7it/s 12.6s<29.6s
[K       4/20      4.95G      1.031     0.8106      1.015        144       1024: 30% ━━━╸──────── 34/112 2.7it/s 13.0s<28.5s
[K       4/20      4.95G       1.03     0.8115      1.014        173       1024: 31% ━━━╸──────── 35/112 2.7it/s 13.4s<28.8s
[K       4/20      4.95G      1.029     0.8145      1.015         82       1024: 32% ━━━╸──────── 36/112 2.7it/s 13.7s<27.7s
[K       4/20      4.95G      1.033     0.8137      1.017        153       1024: 33% ━━━╸──────── 37/112 2.7it/s 14.1s<27.5s
[K       4/20      4.95G       1.04     0.8225      1.018        176       1024: 33% ━━━━──────── 38/112 2.8it/s 14.4s<26.8s
[K       4/20      4.95G       1.04     0.8263      1.019         96       1024: 34% ━━━━──────── 39/112 2.7it/s 14.8s<27.3s
[K       4/20      4.95G      1.043     0.8285       1.02        304       1024: 35% ━━━━──────── 40/112 2.8it/s 15.2s<26.1s
[K       4/20      4.95G      1.037     0.8248      1.018        137       1024: 36% ━━━━──────── 41/112 2.7it/s 15.6s<26.2s
[K       4/20      4.95G      1.034     0.8225      1.017        153       1024: 37% ━━━━──────── 42/112 2.8it/s 15.9s<25.4s
[K       4/20      4.95G      1.034     0.8189      1.016        337       1024: 38% ━━━━╸─────── 43/112 2.7it/s 16.3s<25.6s
[K       4/20      4.95G      1.039     0.8229      1.016        207       1024: 39% ━━━━╸─────── 44/112 2.7it/s 16.7s<25.0s
[K       4/20      4.95G      1.039      0.824      1.017         49       1024: 40% ━━━━╸─────── 45/112 2.7it/s 17.1s<25.1s
[K       4/20      4.95G      1.039     0.8225      1.017        164       1024: 41% ━━━━╸─────── 46/112 2.8it/s 17.4s<23.7s
[K       4/20      4.95G      1.036     0.8195      1.015        215       1024: 41% ━━━━━─────── 47/112 2.7it/s 17.8s<24.4s
[K       4/20      4.95G      1.033     0.8199      1.016         56       1024: 42% ━━━━━─────── 48/112 2.7it/s 18.2s<23.3s
[K       4/20      4.95G      1.032     0.8176      1.015        158       1024: 43% ━━━━━─────── 49/112 2.7it/s 18.5s<23.3s
[K       4/20      4.95G       1.03     0.8132      1.013        264       1024: 44% ━━━━━─────── 50/112 2.7it/s 18.9s<22.6s
[K       4/20      4.95G      1.027     0.8095      1.011        235       1024: 45% ━━━━━─────── 51/112 2.7it/s 19.3s<22.7s
[K       4/20      4.95G      1.026     0.8074      1.011        196       1024: 46% ━━━━━╸────── 52/112 2.8it/s 19.6s<21.6s
[K       4/20      4.95G       1.04     0.8151      1.019         42       1024: 47% ━━━━━╸────── 53/112 2.7it/s 20.0s<22.0s
[K       4/20      4.95G      1.038      0.813      1.019         73       1024: 48% ━━━━━╸────── 54/112 2.8it/s 20.3s<20.7s
[K       4/20      4.95G      1.035     0.8086      1.016        277       1024: 49% ━━━━━╸────── 55/112 2.7it/s 20.7s<21.0s
[K       4/20      4.95G      1.032     0.8065      1.015        222       1024: 50% ━━━━━━────── 56/112 2.7it/s 21.1s<20.5s
[K       4/20      4.95G      1.038     0.8108      1.018        187       1024: 50% ━━━━━━────── 57/112 2.7it/s 21.5s<20.5s
[K       4/20      4.95G      1.041     0.8128      1.017        110       1024: 51% ━━━━━━────── 58/112 2.8it/s 21.8s<19.6s
[K       4/20      4.95G      1.041     0.8118      1.017        193       1024: 52% ━━━━━━────── 59/112 2.7it/s 22.2s<19.8s
[K       4/20      4.95G      1.038     0.8093      1.015        229       1024: 53% ━━━━━━────── 60/112 2.8it/s 22.6s<18.8s
[K       4/20      4.95G      1.036     0.8102      1.017         58       1024: 54% ━━━━━━╸───── 61/112 2.7it/s 23.0s<18.9s
[K       4/20      4.95G      1.034     0.8078      1.017         97       1024: 55% ━━━━━━╸───── 62/112 2.8it/s 23.3s<18.1s
[K       4/20      4.95G      1.034     0.8057      1.015        390       1024: 56% ━━━━━━╸───── 63/112 2.7it/s 23.7s<18.2s
[K       4/20      4.95G      1.031     0.8035      1.015        100       1024: 57% ━━━━━━╸───── 64/112 2.8it/s 24.0s<17.4s
[K       4/20      4.95G      1.029     0.8005      1.014        164       1024: 58% ━━━━━━╸───── 65/112 2.7it/s 24.4s<17.5s
[K       4/20      4.95G      1.024     0.7974      1.013         68       1024: 58% ━━━━━━━───── 66/112 2.8it/s 24.8s<16.6s
[K       4/20      4.95G      1.021      0.794      1.012        130       1024: 59% ━━━━━━━───── 67/112 2.7it/s 25.2s<16.5s
[K       4/20      4.95G      1.017     0.7931      1.011        110       1024: 60% ━━━━━━━───── 68/112 2.8it/s 25.5s<15.7s
[K       4/20      4.95G      1.015     0.7901       1.01        206       1024: 61% ━━━━━━━───── 69/112 2.7it/s 25.9s<16.0s
[K       4/20      4.95G      1.014     0.7874      1.009        256       1024: 62% ━━━━━━━───── 70/112 2.8it/s 26.2s<15.1s
[K       4/20      4.95G      1.011     0.7884      1.009         54       1024: 63% ━━━━━━━╸──── 71/112 2.7it/s 26.6s<15.1s
[K       4/20      4.95G      1.012     0.7916      1.009         93       1024: 64% ━━━━━━━╸──── 72/112 2.8it/s 27.0s<14.4s
[K       4/20      4.95G       1.01     0.7883      1.008        230       1024: 65% ━━━━━━━╸──── 73/112 2.7it/s 27.4s<14.4s
[K       4/20      4.95G      1.008     0.7886      1.008        123       1024: 66% ━━━━━━━╸──── 74/112 2.8it/s 27.7s<13.8s
[K       4/20      4.95G      1.007     0.7867      1.008         96       1024: 66% ━━━━━━━━──── 75/112 2.7it/s 28.1s<13.7s
[K       4/20      4.95G      1.006     0.7855      1.008        104       1024: 67% ━━━━━━━━──── 76/112 2.8it/s 28.4s<13.0s
[K       4/20      4.95G      1.003     0.7839      1.008         81       1024: 68% ━━━━━━━━──── 77/112 2.7it/s 28.9s<13.0s
[K       4/20      4.95G      1.005     0.7847      1.009        183       1024: 69% ━━━━━━━━──── 78/112 2.8it/s 29.2s<12.3s
[K       4/20      4.95G      1.007     0.7846       1.01        142       1024: 70% ━━━━━━━━──── 79/112 2.7it/s 29.6s<12.3s
[K       4/20      4.95G      1.012     0.7887      1.017         54       1024: 71% ━━━━━━━━╸─── 80/112 2.8it/s 29.9s<11.6s
[K       4/20      4.95G      1.009     0.7866      1.016        239       1024: 72% ━━━━━━━━╸─── 81/112 2.7it/s 30.3s<11.5s
[K       4/20      4.95G      1.005     0.7843      1.014         67       1024: 73% ━━━━━━━━╸─── 82/112 2.7it/s 30.7s<10.9s
[K       4/20      4.95G      1.008     0.7853      1.014        204       1024: 74% ━━━━━━━━╸─── 83/112 2.7it/s 31.1s<10.8s
[K       4/20      4.95G       1.01     0.7869      1.016         80       1024: 75% ━━━━━━━━━─── 84/112 2.8it/s 31.4s<10.1s
[K       4/20      4.95G      1.008     0.7847      1.015         52       1024: 75% ━━━━━━━━━─── 85/112 2.7it/s 31.8s<10.1s
[K       4/20      4.95G      1.009     0.7847      1.015        126       1024: 76% ━━━━━━━━━─── 86/112 2.8it/s 32.1s<9.4s
[K       4/20      4.95G      1.013     0.7987      1.019         24       1024: 77% ━━━━━━━━━─── 87/112 2.7it/s 32.5s<9.1s
[K       4/20      4.95G      1.013     0.7996       1.02         77       1024: 78% ━━━━━━━━━─── 88/112 2.7it/s 32.9s<8.8s
[K       4/20      4.95G      1.013     0.8025      1.021        101       1024: 79% ━━━━━━━━━╸── 89/112 2.7it/s 33.3s<8.5s
[K       4/20      4.95G      1.014      0.802       1.02         69       1024: 80% ━━━━━━━━━╸── 90/112 2.8it/s 33.6s<7.9s
[K       4/20      4.95G      1.015     0.8052       1.02        144       1024: 81% ━━━━━━━━━╸── 91/112 2.7it/s 34.0s<7.9s
[K       4/20      4.95G      1.014     0.8026      1.019        293       1024: 82% ━━━━━━━━━╸── 92/112 2.8it/s 34.4s<7.2s
[K       4/20      4.95G      1.015     0.8048      1.019        137       1024: 83% ━━━━━━━━━╸── 93/112 2.7it/s 34.8s<7.1s
[K       4/20      4.95G      1.014     0.8042      1.019        143       1024: 83% ━━━━━━━━━━── 94/112 2.8it/s 35.1s<6.5s
[K       4/20      4.95G      1.018     0.8059       1.02        212       1024: 84% ━━━━━━━━━━── 95/112 2.7it/s 35.5s<6.3s
[K       4/20      4.95G       1.02     0.8082       1.02        284       1024: 85% ━━━━━━━━━━── 96/112 2.7it/s 35.8s<5.9s
[K       4/20      4.95G       1.02     0.8069      1.019        160       1024: 86% ━━━━━━━━━━── 97/112 2.7it/s 36.2s<5.5s
[K       4/20      4.95G      1.018     0.8043      1.018        332       1024: 87% ━━━━━━━━━━── 98/112 2.8it/s 36.6s<5.1s
[K       4/20      4.95G      1.017     0.8038      1.018         97       1024: 88% ━━━━━━━━━━╸─ 99/112 2.7it/s 37.0s<4.9s
[K       4/20      4.95G      1.018     0.8027      1.017        200       1024: 89% ━━━━━━━━━━╸─ 100/112 2.7it/s 37.3s<4.4s
[K       4/20      4.95G      1.017      0.803      1.018        124       1024: 90% ━━━━━━━━━━╸─ 101/112 2.7it/s 37.7s<4.1s
[K       4/20      4.95G      1.014     0.8012      1.017         82       1024: 91% ━━━━━━━━━━╸─ 102/112 2.7it/s 38.1s<3.7s
[K       4/20      4.95G      1.016     0.8009      1.017        244       1024: 91% ━━━━━━━━━━━─ 103/112 2.7it/s 38.5s<3.4s
[K       4/20      4.95G      1.017     0.8026      1.017        116       1024: 92% ━━━━━━━━━━━─ 104/112 2.7it/s 38.8s<2.9s
[K       4/20      4.95G      1.019     0.8032      1.018         99       1024: 93% ━━━━━━━━━━━─ 105/112 2.7it/s 39.2s<2.6s
[K       4/20      4.95G      1.018     0.8019      1.018         93       1024: 94% ━━━━━━━━━━━─ 106/112 2.8it/s 39.6s<2.2s
[K       4/20      4.95G      1.016     0.8001      1.017        119       1024: 95% ━━━━━━━━━━━─ 107/112 2.7it/s 40.0s<1.9s
[K       4/20      4.95G      1.015     0.7983      1.017        151       1024: 96% ━━━━━━━━━━━╸ 108/112 2.8it/s 40.3s<1.4s
[K       4/20      4.95G      1.013     0.7966      1.016        196       1024: 97% ━━━━━━━━━━━╸ 109/112 2.7it/s 40.7s<1.1s
[K       4/20      4.95G      1.013     0.7952      1.015        174       1024: 98% ━━━━━━━━━━━╸ 110/112 2.7it/s 41.0s<0.7s
[K       4/20      4.95G      1.011     0.7934      1.014        194       1024: 99% ━━━━━━━━━━━╸ 111/112 2.7it/s 41.4s<0.4s
[K       4/20      4.95G      1.011     0.7934      1.014        194       1024: 100% ━━━━━━━━━━━━ 112/112 2.7it/s 41.4s

[K                 Class     Images  Instances      Box(P          R      mAP50  mAP50-95): 50% ━━━━━━────── 1/2 2.8s/it 0.8s<2.8s
[K                 Class     Images  Instances      Box(P          R      mAP50  mAP50-95): 100% ━━━━━━━━━━━━ 2/2 2.3it/s 0.9s
                   all          9       1052      0.363      0.269      0.242      0.142
[2026-09-28T12:52:34.144116+00:00] TRAIN improved epoch 4/20: optimizer=280/1165, batches=112/112, loss=2.8187

      Epoch    GPU_mem   box_loss   cls_loss   dfl_loss  Instances       Size

[K       5/20      4.92G     0.8981     0.6148      0.895        186       1024: 0% ──────────── 0/112  0.3s
[K       5/20      4.92G     0.9945     0.8071          1         94       1024: 0% ──────────── 1/112 1.2s/it 0.7s<2:17
[K       5/20      4.92G      1.052     0.7385     0.9953        191       1024: 1% ──────────── 2/112 1.3it/s 1.1s<1:26
[K       5/20      4.92G       1.01      0.704      0.989        216       1024: 2% ──────────── 3/112 1.7it/s 1.5s<1:04
[K       5/20      4.92G     0.9925     0.6836     0.9848        152       1024: 3% ──────────── 4/112 2.1it/s 1.8s<52.2s
[K       5/20      4.92G      1.019     0.7018     0.9865        256       1024: 4% ╸─────────── 5/112 2.2it/s 2.3s<49.8s
[K       5/20      4.92G      1.044     0.7295     0.9827        216       1024: 5% ╸─────────── 6/112 2.4it/s 2.6s<44.0s
[K       5/20      4.92G      1.033     0.7563     0.9771         39       1024: 6% ╸─────────── 7/112 2.4it/s 3.0s<43.2s
[K       5/20      4.92G      1.056     0.7634       0.99        100       1024: 7% ╸─────────── 8/112 2.6it/s 3.3s<40.6s
[K       5/20      4.92G      1.038     0.7394      0.976        300       1024: 8% ╸─────────── 9/112 2.6it/s 3.7s<39.7s
[K       5/20      4.92G      1.039     0.7427     0.9869         93       1024: 8% ━─────────── 10/112 2.6it/s 4.1s<38.8s
[K       5/20      4.92G       1.04     0.7435     0.9903        138       1024: 9% ━─────────── 11/112 2.6it/s 4.5s<38.3s
[K       5/20      4.92G      1.038     0.7385      0.988        241       1024: 10% ━─────────── 12/112 2.7it/s 4.8s<36.4s
[K       5/20      4.92G      1.053     0.8272      1.023         19       1024: 11% ━─────────── 13/112 2.6it/s 5.2s<37.6s
[K       5/20      4.92G      1.075     0.9033      1.071         17       1024: 12% ━─────────── 14/112 2.8it/s 5.5s<35.5s
[K       5/20      4.92G      1.067     0.8954      1.062        257       1024: 13% ━╸────────── 15/112 2.7it/s 5.9s<36.2s
[K       5/20      4.92G      1.058     0.8839      1.058        187       1024: 14% ━╸────────── 16/112 2.7it/s 6.3s<35.3s
[K       5/20      4.92G      1.054     0.8773      1.055        157       1024: 15% ━╸────────── 17/112 2.7it/s 6.7s<35.0s
[K       5/20      4.92G      1.045     0.8797      1.054         46       1024: 16% ━╸────────── 18/112 2.7it/s 7.0s<34.3s
[K       5/20      4.92G      1.039     0.8881      1.054         41       1024: 16% ━━────────── 19/112 2.6it/s 7.4s<35.1s
[K       5/20      4.92G      1.029     0.8718      1.049         87       1024: 17% ━━────────── 20/112 2.8it/s 7.8s<32.7s
[K       5/20      4.92G      1.032     0.8669      1.043        325       1024: 18% ━━────────── 21/112 2.7it/s 8.2s<33.9s
[K       5/20      4.92G      1.039     0.8657      1.038        200       1024: 19% ━━────────── 22/112 2.7it/s 8.5s<33.2s
[K       5/20      4.92G      1.045     0.8619      1.035        176       1024: 20% ━━────────── 23/112 2.7it/s 8.9s<33.1s
[K       5/20      4.92G      1.043     0.8557      1.034        113       1024: 21% ━━╸───────── 24/112 2.7it/s 9.3s<32.2s
[K       5/20      4.92G       1.04      0.854      1.035        123       1024: 22% ━━╸───────── 25/112 2.7it/s 9.7s<32.5s
[K       5/20      4.92G      1.039     0.8518      1.037         67       1024: 23% ━━╸───────── 26/112 2.8it/s 10.0s<31.0s
[K       5/20      4.92G      1.033      0.845      1.035        133       1024: 24% ━━╸───────── 27/112 2.7it/s 10.4s<31.5s
[K       5/20      4.92G      1.025     0.8338      1.028        249       1024: 25% ━━━───────── 28/112 2.7it/s 10.7s<30.6s
[K       5/20      4.92G      1.033     0.8383      1.039         62       1024: 25% ━━━───────── 29/112 2.7it/s 11.1s<31.0s
[K       5/20      4.92G      1.028       0.83      1.036        193       1024: 26% ━━━───────── 30/112 2.7it/s 11.5s<29.9s
[K       5/20      4.92G      1.034     0.8321      1.042         65       1024: 27% ━━━───────── 31/112 2.7it/s 11.9s<29.9s
[K       5/20      4.92G      1.034     0.8326      1.045         85       1024: 28% ━━━───────── 32/112 2.7it/s 12.2s<29.2s
[K       5/20      4.92G      1.029     0.8297      1.044         80       1024: 29% ━━━╸──────── 33/112 2.7it/s 12.6s<29.6s
[K       5/20      4.92G      1.024     0.8229      1.043        116       1024: 30% ━━━╸──────── 34/112 2.8it/s 12.9s<28.0s
[K       5/20      4.92G      1.021     0.8253      1.045         79       1024: 31% ━━━╸──────── 35/112 2.7it/s 13.3s<28.5s
[K       5/20      4.92G      1.015     0.8184      1.041        209       1024: 32% ━━━╸──────── 36/112 2.7it/s 13.7s<27.8s
[K       5/20      4.92G      1.011     0.8118       1.04        137       1024: 33% ━━━╸──────── 37/112 2.7it/s 14.1s<27.9s
[K       5/20      4.92G      1.003     0.8045      1.038         98       1024: 33% ━━━━──────── 38/112 2.8it/s 14.4s<26.5s
[K       5/20      4.92G      1.002     0.8024      1.036        152       1024: 34% ━━━━──────── 39/112 2.7it/s 14.8s<27.0s
[K       5/20      4.92G      0.998     0.7978      1.034        227       1024: 35% ━━━━──────── 40/112 2.8it/s 15.2s<26.0s
[K       5/20      4.92G     0.9997      0.796      1.034        139       1024: 36% ━━━━──────── 41/112 2.7it/s 15.6s<26.5s
[K       5/20      4.92G     0.9955     0.7907      1.032        128       1024: 37% ━━━━──────── 42/112 2.7it/s 15.9s<25.6s
[K       5/20      4.92G      0.998     0.7942      1.035        157       1024: 38% ━━━━╸─────── 43/112 2.7it/s 16.3s<25.7s
[K       5/20      4.92G     0.9957     0.7899      1.031        248       1024: 39% ━━━━╸─────── 44/112 2.8it/s 16.6s<24.7s
[K       5/20      4.92G     0.9984     0.7887      1.031        345       1024: 40% ━━━━╸─────── 45/112 2.7it/s 17.0s<25.0s
[K       5/20      4.92G      1.001     0.7914      1.033        139       1024: 41% ━━━━╸─────── 46/112 2.8it/s 17.4s<23.9s
[K       5/20      4.92G     0.9966     0.7862       1.03        209       1024: 41% ━━━━━─────── 47/112 2.7it/s 17.8s<24.2s
[K       5/20      4.92G      0.995     0.7966      1.032         28       1024: 42% ━━━━━─────── 48/112 2.8it/s 18.1s<23.2s
[K       5/20      4.92G     0.9934      0.792      1.029        154       1024: 43% ━━━━━─────── 49/112 2.7it/s 18.5s<23.4s
[K       5/20      4.92G     0.9961     0.7894      1.032        113       1024: 44% ━━━━━─────── 50/112 2.8it/s 18.8s<22.1s
[K       5/20      4.92G     0.9946     0.7863      1.029        133       1024: 45% ━━━━━─────── 51/112 2.7it/s 19.2s<22.6s
[K       5/20      4.92G     0.9949     0.7851      1.029        163       1024: 46% ━━━━━╸────── 52/112 2.7it/s 19.6s<22.1s
[K       5/20      4.92G      0.991     0.7805      1.025        174       1024: 47% ━━━━━╸────── 53/112 2.6it/s 20.0s<22.5s
[K       5/20      4.92G     0.9952     0.7828      1.026         86       1024: 48% ━━━━━╸────── 54/112 2.7it/s 20.4s<21.1s
[K       5/20      4.92G     0.9933     0.7794      1.024        136       1024: 49% ━━━━━╸────── 55/112 2.7it/s 20.8s<21.3s
[K       5/20      4.92G     0.9915     0.7763      1.022        177       1024: 50% ━━━━━━────── 56/112 2.7it/s 21.1s<20.6s
[K       5/20      4.92G     0.9953     0.7779      1.023        153       1024: 50% ━━━━━━────── 57/112 2.7it/s 21.5s<20.7s
[K       5/20      4.92G     0.9943      0.774      1.021        291       1024: 51% ━━━━━━────── 58/112 2.7it/s 21.8s<19.6s
[K       5/20      4.92G     0.9936     0.7716       1.02        232       1024: 52% ━━━━━━────── 59/112 2.7it/s 22.3s<20.0s
[K       5/20      4.92G     0.9923     0.7675      1.018        318       1024: 53% ━━━━━━────── 60/112 2.8it/s 22.6s<18.9s
[K       5/20      4.92G       0.99     0.7634      1.015        171       1024: 54% ━━━━━━╸───── 61/112 2.7it/s 23.0s<19.0s
[K       5/20      4.92G      0.993     0.7684      1.019         52       1024: 55% ━━━━━━╸───── 62/112 2.7it/s 23.3s<18.3s
[K       5/20      4.92G     0.9929     0.7682       1.02         77       1024: 56% ━━━━━━╸───── 63/112 2.7it/s 23.7s<18.1s
[K       5/20      4.92G       0.99     0.7642      1.017        290       1024: 57% ━━━━━━╸───── 64/112 2.8it/s 24.1s<17.4s
[K       5/20      4.92G      0.989     0.7614      1.016        241       1024: 58% ━━━━━━╸───── 65/112 2.7it/s 24.5s<17.6s
[K       5/20      4.92G     0.9926      0.763      1.016        335       1024: 58% ━━━━━━━───── 66/112 2.7it/s 24.8s<16.8s
[K       5/20      4.92G     0.9909     0.7611      1.015        119       1024: 59% ━━━━━━━───── 67/112 2.7it/s 25.2s<16.8s
[K       5/20      4.92G     0.9896     0.7583      1.013        210       1024: 60% ━━━━━━━───── 68/112 2.7it/s 25.6s<16.1s
[K       5/20      4.92G     0.9865     0.7551      1.011        224       1024: 61% ━━━━━━━───── 69/112 2.7it/s 25.9s<16.0s
[K       5/20      4.92G     0.9846     0.7528      1.011        155       1024: 62% ━━━━━━━───── 70/112 2.7it/s 26.3s<15.4s
[K       5/20      4.92G      0.985     0.7529      1.009        171       1024: 63% ━━━━━━━╸──── 71/112 2.7it/s 26.7s<15.4s
[K       5/20      4.92G     0.9837     0.7501      1.007        114       1024: 64% ━━━━━━━╸──── 72/112 2.8it/s 27.0s<14.5s
[K       5/20      4.92G     0.9848     0.7493      1.008        184       1024: 65% ━━━━━━━╸──── 73/112 2.7it/s 27.4s<14.6s
[K       5/20      4.92G     0.9838     0.7469      1.007        177       1024: 66% ━━━━━━━╸──── 74/112 2.7it/s 27.8s<14.0s
[K       5/20      4.92G     0.9857     0.7472      1.006         72       1024: 66% ━━━━━━━━──── 75/112 2.7it/s 28.2s<13.8s
[K       5/20      4.92G      0.986     0.7447      1.005        174       1024: 67% ━━━━━━━━──── 76/112 2.7it/s 28.5s<13.2s
[K       5/20      4.92G     0.9851     0.7424      1.005        177       1024: 68% ━━━━━━━━──── 77/112 2.7it/s 28.9s<13.1s
[K       5/20      4.92G      0.983     0.7404      1.005         67       1024: 69% ━━━━━━━━──── 78/112 2.7it/s 29.3s<12.4s
[K       5/20      4.92G     0.9892     0.7434      1.004        305       1024: 70% ━━━━━━━━──── 79/112 2.7it/s 29.7s<12.4s
[K       5/20      4.92G     0.9849       0.74      1.003         97       1024: 71% ━━━━━━━━╸─── 80/112 2.7it/s 30.0s<11.7s
[K       5/20      4.92G     0.9819     0.7375      1.001        154       1024: 72% ━━━━━━━━╸─── 81/112 2.7it/s 30.4s<11.6s
[K       5/20      4.92G     0.9807     0.7352     0.9995        337       1024: 73% ━━━━━━━━╸─── 82/112 2.7it/s 30.8s<10.9s
[K       5/20      4.92G     0.9798     0.7332     0.9995         47       1024: 74% ━━━━━━━━╸─── 83/112 2.7it/s 31.1s<10.8s
[K       5/20      4.92G     0.9792     0.7311      0.999        281       1024: 75% ━━━━━━━━━─── 84/112 2.8it/s 31.5s<10.2s
[K       5/20      4.92G     0.9827     0.7321     0.9994        229       1024: 75% ━━━━━━━━━─── 85/112 2.7it/s 31.9s<10.1s
[K       5/20      4.92G     0.9852     0.7375      1.003         33       1024: 76% ━━━━━━━━━─── 86/112 2.8it/s 32.2s<9.3s
[K       5/20      4.92G     0.9877     0.7402      1.003        185       1024: 77% ━━━━━━━━━─── 87/112 2.7it/s 32.6s<9.3s
[K       5/20      4.92G      0.987      0.739      1.003        107       1024: 78% ━━━━━━━━━─── 88/112 2.7it/s 33.0s<8.7s
[K       5/20      4.92G     0.9893     0.7384      1.002        350       1024: 79% ━━━━━━━━━╸── 89/112 2.7it/s 33.4s<8.6s
[K       5/20      4.92G     0.9899      0.738      1.002        142       1024: 80% ━━━━━━━━━╸── 90/112 2.8it/s 33.7s<8.0s
[K       5/20      4.92G     0.9889     0.7374      1.002        112       1024: 81% ━━━━━━━━━╸── 91/112 2.7it/s 34.1s<7.8s
[K       5/20      4.92G     0.9865     0.7348          1        290       1024: 82% ━━━━━━━━━╸── 92/112 2.7it/s 34.5s<7.3s
[K       5/20      4.92G     0.9871     0.7374      1.001        216       1024: 83% ━━━━━━━━━╸── 93/112 2.7it/s 34.9s<7.1s
[K       5/20      4.92G     0.9865     0.7369      1.001        120       1024: 83% ━━━━━━━━━━── 94/112 2.7it/s 35.2s<6.6s
[K       5/20      4.92G     0.9878     0.7354     0.9995        243       1024: 84% ━━━━━━━━━━── 95/112 2.6it/s 35.6s<6.4s
[K       5/20      4.92G      0.987     0.7356      1.001        104       1024: 85% ━━━━━━━━━━── 96/112 2.7it/s 36.0s<5.9s
[K       5/20      4.92G     0.9858     0.7334     0.9997        267       1024: 86% ━━━━━━━━━━── 97/112 2.7it/s 36.3s<5.6s
[K       5/20      4.92G      0.985     0.7316     0.9984        341       1024: 87% ━━━━━━━━━━── 98/112 2.7it/s 36.7s<5.2s
[K       5/20      4.92G     0.9862     0.7429      1.004         16       1024: 88% ━━━━━━━━━━╸─ 99/112 2.7it/s 37.1s<4.9s
[K       5/20      4.92G     0.9869     0.7428      1.003        374       1024: 89% ━━━━━━━━━━╸─ 100/112 2.8it/s 37.4s<4.3s
[K       5/20      4.92G     0.9888     0.7435      1.005         60       1024: 90% ━━━━━━━━━━╸─ 101/112 2.6it/s 37.9s<4.2s
[K       5/20      4.92G     0.9863     0.7416      1.004         83       1024: 91% ━━━━━━━━━━╸─ 102/112 2.8it/s 38.2s<3.6s
[K       5/20      4.92G     0.9851     0.7402      1.004        126       1024: 91% ━━━━━━━━━━━─ 103/112 2.7it/s 38.6s<3.3s
[K       5/20      4.92G     0.9862      0.745      1.005         24       1024: 92% ━━━━━━━━━━━─ 104/112 2.7it/s 38.9s<2.9s
[K       5/20      4.92G      0.985     0.7436      1.004        170       1024: 93% ━━━━━━━━━━━─ 105/112 2.7it/s 39.3s<2.6s
[K       5/20      4.92G     0.9877     0.7448      1.005         81       1024: 94% ━━━━━━━━━━━─ 106/112 2.8it/s 39.7s<2.2s
[K       5/20      4.92G     0.9879     0.7436      1.004        267       1024: 95% ━━━━━━━━━━━─ 107/112 2.7it/s 40.1s<1.9s
[K       5/20      4.92G     0.9861     0.7432      1.005         57       1024: 96% ━━━━━━━━━━━╸ 108/112 2.8it/s 40.4s<1.5s
[K       5/20      4.92G     0.9846      0.745      1.005         63       1024: 97% ━━━━━━━━━━━╸ 109/112 2.7it/s 40.8s<1.1s
[K       5/20      4.92G     0.9831      0.743      1.003        309       1024: 98% ━━━━━━━━━━━╸ 110/112 2.7it/s 41.2s<0.7s
[K       5/20      4.92G     0.9817     0.7423      1.003         64       1024: 99% ━━━━━━━━━━━╸ 111/112 2.7it/s 41.6s<0.4s
[K       5/20      4.92G     0.9817     0.7423      1.003         64       1024: 100% ━━━━━━━━━━━━ 112/112 2.7it/s 41.6s

[K                 Class     Images  Instances      Box(P          R      mAP50  mAP50-95): 50% ━━━━━━────── 1/2 2.8s/it 0.8s<2.8s
[K                 Class     Images  Instances      Box(P          R      mAP50  mAP50-95): 100% ━━━━━━━━━━━━ 2/2 2.3it/s 0.9s
                   all          9       1052      0.457      0.272      0.253      0.151
[2026-09-28T12:53:17.308382+00:00] TRAIN improved epoch 5/20: optimizer=336/1165, batches=112/112, loss=2.7273

      Epoch    GPU_mem   box_loss   cls_loss   dfl_loss  Instances       Size

[K       6/20      5.01G     0.9945     0.6963     0.9089        389       1024: 0% ──────────── 0/112  0.3s
[K       6/20      5.01G     0.9411     0.6789      0.907        220       1024: 0% ──────────── 1/112 1.2s/it 0.7s<2:14
[K       6/20      5.01G     0.9825     0.7119     0.9496        178       1024: 1% ──────────── 2/112 1.3it/s 1.1s<1:27
[K       6/20      5.01G     0.9242     0.6579     0.9322        173       1024: 2% ──────────── 3/112 1.7it/s 1.5s<1:04
[K       6/20      5.01G     0.9116     0.6548     0.9542         76       1024: 3% ──────────── 4/112 2.0it/s 1.9s<53.2s
[K       6/20      5.01G      0.943     0.6882     0.9901         77       1024: 4% ╸─────────── 5/112 2.1it/s 2.3s<49.9s
[K       6/20      5.01G     0.9344      0.667     0.9834        230       1024: 5% ╸─────────── 6/112 2.5it/s 2.6s<43.0s
[K       6/20      5.01G     0.9252     0.6538     0.9775        185       1024: 6% ╸─────────── 7/112 2.4it/s 3.0s<43.2s
[K       6/20      5.01G     0.9031     0.6301     0.9608        241       1024: 7% ╸─────────── 8/112 2.5it/s 3.4s<40.8s
[K       6/20      5.01G     0.9579     0.6502     0.9662        111       1024: 8% ╸─────────── 9/112 2.6it/s 3.7s<40.0s
[K       6/20      5.01G     0.9322     0.6325     0.9548        237       1024: 8% ━─────────── 10/112 2.6it/s 4.1s<38.7s
[K       6/20      5.01G     0.9229     0.6251     0.9464        233       1024: 9% ━─────────── 11/112 2.6it/s 4.5s<38.6s
[K       6/20      5.01G     0.9285     0.6342     0.9583        131       1024: 10% ━─────────── 12/112 2.8it/s 4.8s<36.3s
[K       6/20      5.01G     0.9174     0.6311     0.9507        199       1024: 11% ━─────────── 13/112 2.6it/s 5.3s<38.1s
[K       6/20      5.01G       0.91     0.6268     0.9449        283       1024: 12% ━─────────── 14/112 2.7it/s 5.6s<36.0s
[K       6/20      5.01G     0.8986     0.6179      0.938        166       1024: 13% ━╸────────── 15/112 2.7it/s 6.0s<36.2s
[K       6/20      5.01G     0.9131     0.6388     0.9557         76       1024: 14% ━╸────────── 16/112 2.7it/s 6.3s<35.5s
[K       6/20      5.01G     0.9179     0.6413     0.9565        194       1024: 15% ━╸────────── 17/112 2.7it/s 6.7s<35.5s
[K       6/20      5.01G     0.9175     0.6452     0.9587         57       1024: 16% ━╸────────── 18/112 2.7it/s 7.1s<34.2s
[K       6/20      5.01G     0.9119     0.6411     0.9538        167       1024: 16% ━━────────── 19/112 2.7it/s 7.5s<34.9s
[K       6/20      5.01G     0.9025     0.6375     0.9521        119       1024: 17% ━━────────── 20/112 2.8it/s 7.8s<33.2s
[K       6/20      5.01G     0.9032     0.6403     0.9512        331       1024: 18% ━━────────── 21/112 2.7it/s 8.2s<33.9s
[K       6/20      5.01G     0.9082     0.6397     0.9567        131       1024: 19% ━━────────── 22/112 2.7it/s 8.6s<33.2s
[K       6/20      5.01G     0.9025     0.6335     0.9546        200       1024: 20% ━━────────── 23/112 2.7it/s 9.0s<33.2s
[K       6/20      5.01G     0.9227     0.6644     0.9618        192       1024: 21% ━━╸───────── 24/112 2.7it/s 9.3s<32.4s
[K       6/20      5.01G     0.9286     0.6649     0.9635        159       1024: 22% ━━╸───────── 25/112 2.6it/s 9.7s<33.0s
[K       6/20      5.01G     0.9318     0.6648     0.9607        398       1024: 23% ━━╸───────── 26/112 2.7it/s 10.1s<31.9s
[K       6/20      5.01G     0.9285     0.6684     0.9657         46       1024: 24% ━━╸───────── 27/112 2.6it/s 10.5s<32.6s
[K       6/20      5.01G     0.9265      0.663     0.9627        208       1024: 25% ━━━───────── 28/112 2.7it/s 10.8s<31.3s
[K       6/20      5.01G     0.9398     0.6797     0.9759         54       1024: 25% ━━━───────── 29/112 2.6it/s 11.2s<31.4s
[K       6/20      5.01G     0.9381     0.6792     0.9738        219       1024: 26% ━━━───────── 30/112 2.7it/s 11.6s<30.6s
[K       6/20      5.01G     0.9485      0.682     0.9819        136       1024: 27% ━━━───────── 31/112 2.7it/s 12.0s<30.5s
[K       6/20      5.01G     0.9455     0.6802     0.9818         93       1024: 28% ━━━───────── 32/112 2.7it/s 12.3s<29.3s
[K       6/20      5.01G     0.9435     0.6781     0.9826        171       1024: 29% ━━━╸──────── 33/112 2.6it/s 12.7s<30.0s
[K       6/20      5.01G     0.9458     0.6768     0.9812        128       1024: 30% ━━━╸──────── 34/112 2.8it/s 13.1s<28.3s
[K       6/20      5.01G     0.9445     0.6728     0.9782        274       1024: 31% ━━━╸──────── 35/112 2.7it/s 13.5s<28.9s
[K       6/20      5.01G      0.939     0.6694     0.9764        170       1024: 32% ━━━╸──────── 36/112 2.7it/s 13.8s<28.3s
[K       6/20      5.01G     0.9492     0.6759     0.9874         61       1024: 33% ━━━╸──────── 37/112 2.6it/s 14.3s<28.7s
[K       6/20      5.01G     0.9552     0.6784     0.9946         41       1024: 33% ━━━━──────── 38/112 2.7it/s 14.6s<27.3s
[K       6/20      5.01G     0.9494     0.6779     0.9945         64       1024: 34% ━━━━──────── 39/112 2.6it/s 15.0s<27.8s
[K       6/20      5.01G     0.9516     0.6847     0.9982         77       1024: 35% ━━━━──────── 40/112 2.7it/s 15.3s<26.5s
[K       6/20      5.01G     0.9505      0.682     0.9949        160       1024: 36% ━━━━──────── 41/112 2.6it/s 15.8s<27.4s
[K       6/20      5.01G     0.9516     0.6834     0.9969        155       1024: 37% ━━━━──────── 42/112 2.7it/s 16.1s<26.0s
[K       6/20      5.01G     0.9498     0.6799     0.9944        317       1024: 38% ━━━━╸─────── 43/112 2.6it/s 16.5s<26.2s
[K       6/20      5.01G     0.9512     0.6816     0.9956        122       1024: 39% ━━━━╸─────── 44/112 2.6it/s 16.9s<25.8s
[K       6/20      5.01G     0.9629     0.6926       1.01         32       1024: 40% ━━━━╸─────── 45/112 2.6it/s 17.3s<25.5s
[K       6/20      5.01G     0.9656     0.6975      1.015         49       1024: 41% ━━━━╸─────── 46/112 2.7it/s 17.6s<24.5s
[K       6/20      5.01G     0.9702     0.7017      1.017        112       1024: 41% ━━━━━─────── 47/112 2.6it/s 18.0s<24.9s
[K       6/20      5.01G     0.9704     0.6985      1.014        326       1024: 42% ━━━━━─────── 48/112 2.7it/s 18.4s<23.4s
[K       6/20      5.01G     0.9671     0.6947      1.011        201       1024: 43% ━━━━━─────── 49/112 2.6it/s 18.8s<23.8s
[K       6/20      5.01G     0.9736     0.7003      1.012        204       1024: 44% ━━━━━─────── 50/112 2.7it/s 19.1s<22.7s
[K       6/20      5.01G     0.9758     0.7034      1.012        258       1024: 45% ━━━━━─────── 51/112 2.7it/s 19.5s<22.7s
[K       6/20      5.01G     0.9728     0.7027      1.011        101       1024: 46% ━━━━━╸────── 52/112 2.7it/s 19.9s<22.3s
[K       6/20      5.01G     0.9732      0.701      1.012        174       1024: 47% ━━━━━╸────── 53/112 2.6it/s 20.3s<22.3s
[K       6/20      5.01G     0.9735     0.7009      1.012        130       1024: 48% ━━━━━╸────── 54/112 2.7it/s 20.6s<21.2s
[K       6/20      5.01G     0.9737     0.7111      1.014         41       1024: 49% ━━━━━╸────── 55/112 2.6it/s 21.0s<21.5s
[K       6/20      5.34G     0.9833     0.7184      1.015        580       1024: 50% ━━━━━━────── 56/112 2.6it/s 21.4s<21.4s
[K       6/20      5.34G     0.9816      0.719      1.012         99       1024: 50% ━━━━━━────── 57/112 2.6it/s 21.8s<21.1s
[K       6/20      5.34G     0.9779     0.7154       1.01        179       1024: 51% ━━━━━━────── 58/112 2.7it/s 22.2s<20.2s
[K       6/20      5.34G     0.9791     0.7193      1.012         64       1024: 52% ━━━━━━────── 59/112 2.6it/s 22.6s<20.1s
[K       6/20      5.34G     0.9792     0.7357      1.019         19       1024: 53% ━━━━━━────── 60/112 2.7it/s 22.9s<19.0s
[K       6/20      5.34G     0.9834     0.7372      1.021        100       1024: 54% ━━━━━━╸───── 61/112 2.7it/s 23.3s<19.0s
[K       6/20      5.34G     0.9813     0.7343      1.019        268       1024: 55% ━━━━━━╸───── 62/112 2.7it/s 23.6s<18.3s
[K       6/20      5.34G     0.9815     0.7346      1.019        135       1024: 56% ━━━━━━╸───── 63/112 2.7it/s 24.0s<18.3s
[K       6/20      5.34G     0.9783     0.7312      1.017        177       1024: 57% ━━━━━━╸───── 64/112 2.7it/s 24.4s<17.6s
[K       6/20      5.34G     0.9742     0.7308      1.016         58       1024: 58% ━━━━━━╸───── 65/112 2.7it/s 24.8s<17.6s
[K       6/20      5.34G     0.9749     0.7336      1.018         49       1024: 58% ━━━━━━━───── 66/112 2.8it/s 25.1s<16.6s
[K       6/20      5.34G     0.9748      0.733      1.018        172       1024: 59% ━━━━━━━───── 67/112 2.7it/s 25.5s<16.8s
[K       6/20      5.34G     0.9734     0.7306      1.017        246       1024: 60% ━━━━━━━───── 68/112 2.7it/s 25.9s<16.0s
[K       6/20      5.34G     0.9727     0.7296      1.015        177       1024: 61% ━━━━━━━───── 69/112 2.7it/s 26.2s<16.0s
[K       6/20      5.34G     0.9704     0.7273      1.013        411       1024: 62% ━━━━━━━───── 70/112 2.7it/s 26.6s<15.5s
[K       6/20      5.34G     0.9681     0.7248      1.012        165       1024: 63% ━━━━━━━╸──── 71/112 2.7it/s 27.0s<15.3s
[K       6/20      5.34G     0.9647     0.7213       1.01        332       1024: 64% ━━━━━━━╸──── 72/112 2.8it/s 27.3s<14.4s
[K       6/20      5.34G     0.9618     0.7195      1.008        329       1024: 65% ━━━━━━━╸──── 73/112 2.6it/s 27.8s<14.7s
[K       6/20      5.34G     0.9637     0.7197      1.009        175       1024: 66% ━━━━━━━╸──── 74/112 2.8it/s 28.1s<13.8s
[K       6/20      5.34G      0.963     0.7188      1.007        427       1024: 66% ━━━━━━━━──── 75/112 2.7it/s 28.5s<13.7s
[K       6/20      5.34G     0.9603      0.716      1.005        317       1024: 67% ━━━━━━━━──── 76/112 2.7it/s 28.8s<13.2s
[K       6/20      5.34G     0.9582      0.714      1.005        175       1024: 68% ━━━━━━━━──── 77/112 2.7it/s 29.2s<13.1s
[K       6/20      5.34G     0.9616     0.7166      1.009         46       1024: 69% ━━━━━━━━──── 78/112 2.8it/s 29.6s<12.3s
[K       6/20      5.34G     0.9609     0.7156      1.008        142       1024: 70% ━━━━━━━━──── 79/112 2.7it/s 30.0s<12.4s
[K       6/20      5.34G     0.9595     0.7143      1.006        343       1024: 71% ━━━━━━━━╸─── 80/112 2.7it/s 30.3s<11.7s
[K       6/20      5.34G     0.9586     0.7132      1.007        122       1024: 72% ━━━━━━━━╸─── 81/112 2.7it/s 30.7s<11.5s
[K       6/20      5.34G     0.9564     0.7108      1.005        138       1024: 73% ━━━━━━━━╸─── 82/112 2.7it/s 31.1s<11.1s
[K       6/20      5.34G     0.9539     0.7085      1.003        165       1024: 74% ━━━━━━━━╸─── 83/112 2.7it/s 31.4s<10.8s
[K       6/20      5.34G     0.9503     0.7065      1.002         84       1024: 75% ━━━━━━━━━─── 84/112 2.7it/s 31.8s<10.2s
[K       6/20      5.34G     0.9484     0.7056      1.001        173       1024: 75% ━━━━━━━━━─── 85/112 2.6it/s 32.2s<10.2s
[K       6/20      5.34G     0.9472     0.7065      1.002         95       1024: 76% ━━━━━━━━━─── 86/112 2.8it/s 32.5s<9.3s
[K       6/20      5.34G     0.9449     0.7041          1        230       1024: 77% ━━━━━━━━━─── 87/112 2.7it/s 32.9s<9.3s
[K       6/20      5.34G     0.9436     0.7027     0.9991        201       1024: 78% ━━━━━━━━━─── 88/112 2.7it/s 33.3s<8.9s
[K       6/20      5.34G     0.9446     0.7023     0.9998        179       1024: 79% ━━━━━━━━━╸── 89/112 2.7it/s 33.7s<8.5s
[K       6/20      5.34G     0.9447     0.7023          1        120       1024: 80% ━━━━━━━━━╸── 90/112 2.8it/s 34.0s<8.0s
[K       6/20      5.34G     0.9429     0.7012     0.9996        136       1024: 81% ━━━━━━━━━╸── 91/112 2.6it/s 34.4s<8.0s
[K       6/20      5.34G     0.9401     0.6999     0.9986         70       1024: 82% ━━━━━━━━━╸── 92/112 2.8it/s 34.8s<7.2s
[K       6/20      5.34G     0.9384     0.6975     0.9972        222       1024: 83% ━━━━━━━━━╸── 93/112 2.7it/s 35.2s<7.1s
[K       6/20      5.34G     0.9404     0.7016          1         37       1024: 83% ━━━━━━━━━━── 94/112 2.8it/s 35.5s<6.5s
[K       6/20      5.34G     0.9412     0.7044      1.003         37       1024: 84% ━━━━━━━━━━── 95/112 2.7it/s 35.9s<6.2s
[K       6/20      5.34G     0.9435     0.7051      1.004        122       1024: 85% ━━━━━━━━━━── 96/112 2.8it/s 36.2s<5.8s
[K       6/20      5.34G     0.9418      0.704      1.003        177       1024: 86% ━━━━━━━━━━── 97/112 2.7it/s 36.6s<5.5s
[K       6/20      5.34G     0.9405     0.7027      1.003        105       1024: 87% ━━━━━━━━━━── 98/112 2.8it/s 37.0s<5.1s
[K       6/20      5.34G     0.9398     0.7022      1.003        127       1024: 88% ━━━━━━━━━━╸─ 99/112 2.7it/s 37.4s<4.8s
[K       6/20      5.34G     0.9398     0.7007      1.002        176       1024: 89% ━━━━━━━━━━╸─ 100/112 2.8it/s 37.7s<4.3s
[K       6/20      5.34G     0.9377     0.6987      1.001        226       1024: 90% ━━━━━━━━━━╸─ 101/112 2.7it/s 38.1s<4.1s
[K       6/20      5.34G     0.9383     0.6985      1.001        116       1024: 91% ━━━━━━━━━━╸─ 102/112 2.8it/s 38.4s<3.6s
[K       6/20      5.34G     0.9402     0.7009      1.001        198       1024: 91% ━━━━━━━━━━━─ 103/112 2.7it/s 38.8s<3.3s
[K       6/20      5.34G     0.9391     0.6997          1        168       1024: 92% ━━━━━━━━━━━─ 104/112 2.7it/s 39.2s<2.9s
[K       6/20      5.34G     0.9396     0.6989          1        112       1024: 93% ━━━━━━━━━━━─ 105/112 2.7it/s 39.6s<2.6s
[K       6/20      5.34G     0.9374     0.6971     0.9987        145       1024: 94% ━━━━━━━━━━━─ 106/112 2.8it/s 39.9s<2.2s
[K       6/20      5.34G     0.9362     0.6959      0.998        178       1024: 95% ━━━━━━━━━━━─ 107/112 2.7it/s 40.3s<1.9s
[K       6/20      5.34G      0.934     0.6938     0.9965        304       1024: 96% ━━━━━━━━━━━╸ 108/112 2.7it/s 40.7s<1.5s
[K       6/20      5.34G     0.9324     0.6926      0.996        165       1024: 97% ━━━━━━━━━━━╸ 109/112 2.6it/s 41.1s<1.1s
[K       6/20      5.34G     0.9334     0.6937     0.9964         83       1024: 98% ━━━━━━━━━━━╸ 110/112 2.7it/s 41.4s<0.7s
[K       6/20      5.34G     0.9335     0.6936     0.9957         77       1024: 99% ━━━━━━━━━━━╸ 111/112 2.7it/s 41.8s<0.4s
[K       6/20      5.34G     0.9335     0.6936     0.9957         77       1024: 100% ━━━━━━━━━━━━ 112/112 2.7it/s 41.8s

[K                 Class     Images  Instances      Box(P          R      mAP50  mAP50-95): 50% ━━━━━━────── 1/2 2.7s/it 0.8s<2.7s
[K                 Class     Images  Instances      Box(P          R      mAP50  mAP50-95): 100% ━━━━━━━━━━━━ 2/2 2.3it/s 0.9s
                   all          9       1052      0.529      0.341       0.34      0.204
[2026-09-28T12:54:00.759206+00:00] TRAIN improved epoch 6/20: optimizer=392/1165, batches=112/112, loss=2.6228

      Epoch    GPU_mem   box_loss   cls_loss   dfl_loss  Instances       Size

[K       7/20      4.95G     0.5999     0.6209     0.9315         44       1024: 0% ──────────── 0/112  0.3s
[K       7/20      4.95G     0.8739     0.6824     0.9484        317       1024: 0% ──────────── 1/112 1.3s/it 0.7s<2:24
[K       7/20      4.95G     0.8103     0.6024     0.9056        281       1024: 1% ──────────── 2/112 1.2it/s 1.2s<1:31
[K       7/20      4.95G     0.7915      0.586     0.9025        159       1024: 2% ──────────── 3/112 1.6it/s 1.5s<1:07
[K       7/20      4.95G     0.8326     0.6028     0.9347        145       1024: 3% ──────────── 4/112 1.9it/s 1.9s<55.4s
[K       7/20      4.95G      0.794     0.5755     0.9146        167       1024: 4% ╸─────────── 5/112 2.1it/s 2.3s<51.4s
[K       7/20      4.95G     0.7819     0.5676     0.9119        140       1024: 5% ╸─────────── 6/112 2.4it/s 2.7s<44.9s
[K       7/20      4.95G     0.7675     0.5546     0.9021        183       1024: 6% ╸─────────── 7/112 2.4it/s 3.1s<44.3s
[K       7/20      4.95G     0.7688     0.5532     0.8991        208       1024: 7% ╸─────────── 8/112 2.5it/s 3.4s<41.9s
[K       7/20      4.95G     0.7894     0.6397     0.9211         29       1024: 8% ╸─────────── 9/112 2.5it/s 3.8s<40.7s
[K       7/20      4.95G     0.8272     0.6678     0.9389         62       1024: 8% ━─────────── 10/112 2.6it/s 4.2s<38.8s
[K       7/20      4.95G      0.812     0.6495     0.9283        136       1024: 9% ━─────────── 11/112 2.6it/s 4.6s<39.2s
[K       7/20      4.95G     0.8167     0.6659     0.9416         50       1024: 10% ━─────────── 12/112 2.7it/s 4.9s<36.7s
[K       7/20      4.95G     0.8163     0.6782     0.9496         44       1024: 11% ━─────────── 13/112 2.6it/s 5.3s<37.6s
[K       7/20      4.95G     0.8093     0.6643     0.9411        257       1024: 12% ━─────────── 14/112 2.7it/s 5.7s<36.2s
[K       7/20      4.95G     0.8082     0.6599     0.9411        127       1024: 13% ━╸────────── 15/112 2.7it/s 6.1s<36.6s
[K       7/20      4.95G     0.8112     0.6568     0.9418        169       1024: 14% ━╸────────── 16/112 2.7it/s 6.4s<35.7s
[K       7/20      4.95G     0.8285     0.6617     0.9475        110       1024: 15% ━╸────────── 17/112 2.6it/s 6.8s<36.3s
[K       7/20      4.95G     0.8177     0.6482     0.9397        251       1024: 16% ━╸────────── 18/112 2.7it/s 7.2s<34.9s
[K       7/20      4.95G     0.8055     0.6433     0.9383         65       1024: 16% ━━────────── 19/112 2.6it/s 7.6s<35.5s
[K       7/20      4.95G     0.8123     0.6465     0.9373        235       1024: 17% ━━────────── 20/112 2.7it/s 7.9s<33.9s
[K       7/20      4.95G     0.8045      0.638     0.9316        148       1024: 18% ━━────────── 21/112 2.6it/s 8.3s<34.6s
[K       7/20      4.95G     0.8066     0.6505     0.9413         30       1024: 19% ━━────────── 22/112 2.7it/s 8.7s<33.5s
[K       7/20      4.95G     0.8086      0.645     0.9429        132       1024: 20% ━━────────── 23/112 2.7it/s 9.1s<33.3s
[K       7/20      4.95G     0.8181     0.6454     0.9431        175       1024: 21% ━━╸───────── 24/112 2.7it/s 9.4s<32.5s
[K       7/20      4.95G     0.8165     0.6452     0.9434        111       1024: 22% ━━╸───────── 25/112 2.6it/s 9.8s<33.0s
[K       7/20      4.95G     0.8118      0.643     0.9412         61       1024: 23% ━━╸───────── 26/112 2.8it/s 10.2s<30.9s
[K       7/20      4.95G     0.8094     0.6371     0.9377        208       1024: 24% ━━╸───────── 27/112 2.6it/s 10.6s<32.2s
[K       7/20      4.95G     0.8033     0.6305     0.9343        155       1024: 25% ━━━───────── 28/112 2.7it/s 10.9s<31.2s
[K       7/20      4.95G      0.797     0.6253     0.9317        111       1024: 25% ━━━───────── 29/112 2.7it/s 11.3s<31.1s
[K       7/20      4.95G      0.795     0.6213     0.9289        306       1024: 26% ━━━───────── 30/112 2.7it/s 11.7s<30.4s
[K       7/20      4.95G     0.7998     0.6187     0.9303        188       1024: 27% ━━━───────── 31/112 2.6it/s 12.1s<30.7s
[K       7/20      4.95G     0.8004     0.6158     0.9311        156       1024: 28% ━━━───────── 32/112 2.8it/s 12.4s<28.9s
[K       7/20      4.95G     0.8012     0.6141     0.9317        138       1024: 29% ━━━╸──────── 33/112 2.7it/s 12.8s<29.6s
[K       7/20      4.95G     0.8195     0.6305     0.9365        152       1024: 30% ━━━╸──────── 34/112 2.7it/s 13.2s<28.9s
[K       7/20      4.95G      0.814     0.6246     0.9337        210       1024: 31% ━━━╸──────── 35/112 2.7it/s 13.6s<29.0s
[K       7/20      4.95G     0.8111     0.6193     0.9314        227       1024: 32% ━━━╸──────── 36/112 2.7it/s 14.0s<28.4s
[K       7/20      4.95G     0.8103     0.6158      0.931        131       1024: 33% ━━━╸──────── 37/112 2.6it/s 14.3s<28.3s
[K       7/20      4.95G     0.8083     0.6138     0.9317         68       1024: 33% ━━━━──────── 38/112 2.8it/s 14.7s<26.9s
[K       7/20      4.95G     0.8082     0.6122      0.933         98       1024: 34% ━━━━──────── 39/112 2.6it/s 15.1s<27.7s
[K       7/20      4.95G     0.8107     0.6139     0.9361         89       1024: 35% ━━━━──────── 40/112 2.7it/s 15.4s<26.3s
[K       7/20      4.95G     0.8108     0.6116     0.9369        186       1024: 36% ━━━━──────── 41/112 2.7it/s 15.8s<26.6s
[K       7/20      4.95G     0.8194     0.6119     0.9358        145       1024: 37% ━━━━──────── 42/112 2.7it/s 16.2s<26.1s
[K       7/20      4.95G     0.8195     0.6087     0.9345        216       1024: 38% ━━━━╸─────── 43/112 2.6it/s 16.6s<26.1s
[K       7/20      4.95G     0.8209     0.6072     0.9346        299       1024: 39% ━━━━╸─────── 44/112 2.7it/s 16.9s<24.9s
[K       7/20      4.95G     0.8228       0.61     0.9362         64       1024: 40% ━━━━╸─────── 45/112 2.6it/s 17.3s<25.4s
[K       7/20      4.95G     0.8213     0.6076     0.9369        133       1024: 41% ━━━━╸─────── 46/112 2.7it/s 17.7s<24.1s
[K       7/20      4.95G      0.822      0.607     0.9383        194       1024: 41% ━━━━━─────── 47/112 2.7it/s 18.1s<24.2s
[K       7/20      4.95G     0.8268     0.6122     0.9415         83       1024: 42% ━━━━━─────── 48/112 2.7it/s 18.4s<23.5s
[K       7/20      4.95G     0.8251     0.6091     0.9394        251       1024: 43% ━━━━━─────── 49/112 2.6it/s 18.8s<24.0s
[K       7/20      4.95G     0.8236     0.6057     0.9369        201       1024: 44% ━━━━━─────── 50/112 2.7it/s 19.2s<22.9s
[K       7/20      4.95G     0.8265     0.6071     0.9385         58       1024: 45% ━━━━━─────── 51/112 2.7it/s 19.6s<22.7s
[K       7/20      4.95G     0.8229     0.6044     0.9377        100       1024: 46% ━━━━━╸────── 52/112 2.7it/s 19.9s<21.9s
[K       7/20      4.95G     0.8227     0.6026     0.9369        221       1024: 47% ━━━━━╸────── 53/112 2.7it/s 20.3s<22.2s
[K       7/20      4.95G     0.8264     0.6054     0.9388         73       1024: 48% ━━━━━╸────── 54/112 2.8it/s 20.7s<21.0s
[K       7/20      4.95G     0.8261     0.6032     0.9385        200       1024: 49% ━━━━━╸────── 55/112 2.7it/s 21.0s<21.1s
[K       7/20      4.95G     0.8239     0.6014     0.9371        170       1024: 50% ━━━━━━────── 56/112 2.7it/s 21.4s<20.5s
[K       7/20      4.95G     0.8326     0.6054     0.9386         75       1024: 50% ━━━━━━────── 57/112 2.7it/s 21.8s<20.6s
[K       7/20      4.95G     0.8313     0.6028      0.939         84       1024: 51% ━━━━━━────── 58/112 2.8it/s 22.1s<19.4s
[K       7/20      4.95G     0.8283     0.5995     0.9369        280       1024: 52% ━━━━━━────── 59/112 2.7it/s 22.5s<19.8s
[K       7/20      4.95G     0.8269     0.5974     0.9352        179       1024: 53% ━━━━━━────── 60/112 2.7it/s 22.9s<18.9s
[K       7/20      4.95G     0.8242     0.5946     0.9331        499       1024: 54% ━━━━━━╸───── 61/112 2.7it/s 23.3s<18.9s
[K       7/20      4.95G     0.8255     0.5938     0.9331        129       1024: 55% ━━━━━━╸───── 62/112 2.7it/s 23.6s<18.3s
[K       7/20      4.95G     0.8236      0.592     0.9317         99       1024: 56% ━━━━━━╸───── 63/112 2.6it/s 24.0s<18.5s
[K       7/20      4.95G     0.8249     0.5942     0.9319        202       1024: 57% ━━━━━━╸───── 64/112 2.6it/s 24.4s<18.2s
[K       7/20      4.95G     0.8255     0.5977     0.9333         38       1024: 58% ━━━━━━╸───── 65/112 2.6it/s 24.8s<18.0s
[K       7/20      4.95G     0.8247     0.5974     0.9335        135       1024: 58% ━━━━━━━───── 66/112 2.7it/s 25.1s<17.0s
[K       7/20      4.95G     0.8238     0.5957     0.9331        100       1024: 59% ━━━━━━━───── 67/112 2.7it/s 25.5s<16.9s
[K       7/20      4.95G     0.8263      0.597     0.9343        185       1024: 60% ━━━━━━━───── 68/112 2.7it/s 25.9s<16.5s
[K       7/20      4.95G     0.8281     0.5968     0.9343        391       1024: 61% ━━━━━━━───── 69/112 2.6it/s 26.3s<16.4s
[K       7/20      4.95G     0.8294     0.5968     0.9345        139       1024: 62% ━━━━━━━───── 70/112 2.7it/s 26.7s<15.5s
[K       7/20      4.95G      0.829     0.5954     0.9334        323       1024: 63% ━━━━━━━╸──── 71/112 2.6it/s 27.1s<15.6s
[K       7/20      4.95G     0.8311     0.5958     0.9338        128       1024: 64% ━━━━━━━╸──── 72/112 2.7it/s 27.4s<14.7s
[K       7/20      4.95G     0.8321     0.5961     0.9352        179       1024: 65% ━━━━━━━╸──── 73/112 2.7it/s 27.8s<14.6s
[K       7/20      4.95G     0.8329     0.5955     0.9363        153       1024: 66% ━━━━━━━╸──── 74/112 2.7it/s 28.1s<13.8s
[K       7/20      4.95G     0.8317     0.5939     0.9347        147       1024: 66% ━━━━━━━━──── 75/112 2.7it/s 28.5s<13.9s
[K       7/20      4.95G     0.8308     0.5922     0.9336        238       1024: 67% ━━━━━━━━──── 76/112 2.7it/s 28.9s<13.2s
[K       7/20      4.95G      0.831     0.5913     0.9334        263       1024: 68% ━━━━━━━━──── 77/112 2.7it/s 29.3s<13.0s
[K       7/20      4.95G     0.8279     0.5893     0.9322        202       1024: 69% ━━━━━━━━──── 78/112 2.7it/s 29.6s<12.5s
[K       7/20      4.95G     0.8265     0.5883     0.9312        173       1024: 70% ━━━━━━━━──── 79/112 2.6it/s 30.0s<12.6s
[K       7/20      4.95G     0.8264     0.5868       0.93        147       1024: 71% ━━━━━━━━╸─── 80/112 2.7it/s 30.4s<11.7s
[K       7/20      4.95G     0.8268     0.5859     0.9299        174       1024: 72% ━━━━━━━━╸─── 81/112 2.6it/s 30.8s<11.8s
[K       7/20      4.95G     0.8255     0.5851     0.9294        187       1024: 73% ━━━━━━━━╸─── 82/112 2.7it/s 31.1s<10.9s
[K       7/20      4.95G     0.8282     0.5853     0.9298        239       1024: 74% ━━━━━━━━╸─── 83/112 2.7it/s 31.5s<10.7s
[K       7/20      4.95G     0.8321     0.5883     0.9309        198       1024: 75% ━━━━━━━━━─── 84/112 2.7it/s 31.9s<10.4s
[K       7/20      4.95G      0.833      0.589     0.9318         68       1024: 75% ━━━━━━━━━─── 85/112 2.7it/s 32.3s<10.2s
[K       7/20      4.95G     0.8365     0.5939     0.9334        106       1024: 76% ━━━━━━━━━─── 86/112 2.8it/s 32.6s<9.4s
[K       7/20      5.57G     0.8432     0.5964     0.9341        680       1024: 77% ━━━━━━━━━─── 87/112 2.6it/s 33.1s<9.7s
[K       7/20      5.57G     0.8423     0.5959     0.9335        153       1024: 78% ━━━━━━━━━─── 88/112 2.7it/s 33.4s<9.0s
[K       7/20      5.57G     0.8413     0.5945     0.9329        240       1024: 79% ━━━━━━━━━╸── 89/112 2.6it/s 33.8s<8.8s
[K       7/20      5.57G     0.8427     0.5946     0.9327        132       1024: 80% ━━━━━━━━━╸── 90/112 2.7it/s 34.2s<8.3s
[K       7/20      5.57G     0.8425     0.5953     0.9338         74       1024: 81% ━━━━━━━━━╸── 91/112 2.6it/s 34.6s<8.0s
[K       7/20      5.57G     0.8437     0.5948     0.9337        403       1024: 82% ━━━━━━━━━╸── 92/112 2.7it/s 34.9s<7.3s
[K       7/20      5.57G     0.8467      0.596     0.9353        152       1024: 83% ━━━━━━━━━╸── 93/112 2.6it/s 35.3s<7.2s
[K       7/20      5.57G     0.8451     0.5951     0.9346        135       1024: 83% ━━━━━━━━━━── 94/112 2.7it/s 35.7s<6.6s
[K       7/20      5.57G     0.8458     0.5949     0.9342        300       1024: 84% ━━━━━━━━━━── 95/112 2.6it/s 36.1s<6.5s
[K       7/20      5.57G     0.8474     0.5955     0.9355        140       1024: 85% ━━━━━━━━━━── 96/112 2.7it/s 36.4s<5.8s
[K       7/20      5.57G     0.8491     0.5961     0.9379        113       1024: 86% ━━━━━━━━━━── 97/112 2.7it/s 36.8s<5.6s
[K       7/20      5.57G     0.8463     0.5952     0.9375         53       1024: 87% ━━━━━━━━━━── 98/112 2.7it/s 37.2s<5.2s
[K       7/20      5.57G     0.8456     0.5951     0.9382         84       1024: 88% ━━━━━━━━━━╸─ 99/112 2.7it/s 37.6s<4.9s
[K       7/20      5.57G     0.8454     0.5942     0.9375        225       1024: 89% ━━━━━━━━━━╸─ 100/112 2.7it/s 37.9s<4.4s
[K       7/20      5.57G     0.8457     0.5932     0.9374        233       1024: 90% ━━━━━━━━━━╸─ 101/112 2.7it/s 38.3s<4.1s
[K       7/20      5.57G     0.8452      0.592     0.9373        249       1024: 91% ━━━━━━━━━━╸─ 102/112 2.8it/s 38.7s<3.6s
[K       7/20      5.57G     0.8427     0.5898     0.9359        297       1024: 91% ━━━━━━━━━━━─ 103/112 2.7it/s 39.1s<3.4s
[K       7/20      5.57G     0.8406     0.5884      0.935        155       1024: 92% ━━━━━━━━━━━─ 104/112 2.7it/s 39.4s<2.9s
[K       7/20      5.57G     0.8393     0.5869     0.9344        337       1024: 93% ━━━━━━━━━━━─ 105/112 2.7it/s 39.8s<2.6s
[K       7/20      5.57G     0.8388     0.5857     0.9341        151       1024: 94% ━━━━━━━━━━━─ 106/112 2.7it/s 40.1s<2.2s
[K       7/20      5.57G     0.8379     0.5842     0.9333        273       1024: 95% ━━━━━━━━━━━─ 107/112 2.6it/s 40.6s<1.9s
[K       7/20      5.57G     0.8402      0.587     0.9358        126       1024: 96% ━━━━━━━━━━━╸ 108/112 2.7it/s 40.9s<1.5s
[K       7/20      5.57G     0.8423     0.5876     0.9377        141       1024: 97% ━━━━━━━━━━━╸ 109/112 2.7it/s 41.3s<1.1s
[K       7/20      5.57G     0.8412     0.5865     0.9372        263       1024: 98% ━━━━━━━━━━━╸ 110/112 2.7it/s 41.6s<0.7s
[K       7/20      5.57G     0.8417     0.5859     0.9367        417       1024: 99% ━━━━━━━━━━━╸ 111/112 2.7it/s 42.0s<0.4s
[K       7/20      5.57G     0.8417     0.5859     0.9367        417       1024: 100% ━━━━━━━━━━━━ 112/112 2.7it/s 42.1s

[K                 Class     Images  Instances      Box(P          R      mAP50  mAP50-95): 50% ━━━━━━────── 1/2 2.8s/it 0.9s<2.8s
[K                 Class     Images  Instances      Box(P          R      mAP50  mAP50-95): 100% ━━━━━━━━━━━━ 2/2 2.2it/s 0.9s
                   all          9       1052      0.506      0.272      0.275       0.17
[2026-09-28T12:54:44.364336+00:00] TRAIN improved epoch 7/20: optimizer=448/1165, batches=112/112, loss=2.3643

      Epoch    GPU_mem   box_loss   cls_loss   dfl_loss  Instances       Size

[K       8/20         5G        1.3     0.9717      0.996        244       1024: 0% ──────────── 0/112  0.4s
[K       8/20         5G      1.019     0.7402     0.9877         93       1024: 0% ──────────── 1/112 1.2s/it 0.7s<2:11
[K       8/20         5G      0.949     0.6512      0.969        209       1024: 1% ──────────── 2/112 1.3it/s 1.1s<1:26
[K       8/20         5G     0.8983     0.6133     0.9434        233       1024: 2% ──────────── 3/112 1.7it/s 1.5s<1:03
[K       8/20         5G     0.8719      0.613     0.9437         97       1024: 3% ──────────── 4/112 2.1it/s 1.8s<51.5s
[K       8/20         5G     0.8593     0.6186     0.9509        106       1024: 4% ╸─────────── 5/112 2.2it/s 2.3s<49.1s
[K       8/20         5G     0.8596     0.6064     0.9397         95       1024: 5% ╸─────────── 6/112 2.4it/s 2.6s<43.3s
[K       8/20         5G     0.8801     0.6339     0.9537         79       1024: 6% ╸─────────── 7/112 2.5it/s 3.0s<42.7s
[K       8/20         5G     0.8894     0.6396     0.9567        271       1024: 7% ╸─────────── 8/112 2.6it/s 3.3s<40.5s
[K       8/20         5G     0.8964      0.639     0.9657         83       1024: 8% ╸─────────── 9/112 2.6it/s 3.7s<39.8s
[K       8/20         5G      0.881     0.6238     0.9541        438       1024: 8% ━─────────── 10/112 2.6it/s 4.1s<38.8s
[K       8/20         5G     0.8802     0.6129     0.9506        246       1024: 9% ━─────────── 11/112 2.6it/s 4.5s<38.8s
[K       8/20         5G     0.8816     0.6129     0.9579         79       1024: 10% ━─────────── 12/112 2.8it/s 4.8s<36.3s
[K       8/20         5G     0.8737     0.6097     0.9569         76       1024: 11% ━─────────── 13/112 2.7it/s 5.2s<37.0s
[K       8/20         5G     0.8623      0.602     0.9516        168       1024: 12% ━─────────── 14/112 2.7it/s 5.6s<36.1s
[K       8/20         5G     0.8625     0.5953     0.9435        197       1024: 13% ━╸────────── 15/112 2.7it/s 5.9s<36.2s
[K       8/20         5G     0.8684     0.5972     0.9431        222       1024: 14% ━╸────────── 16/112 2.7it/s 6.3s<35.6s
[K       8/20         5G     0.8766     0.6195      0.957         44       1024: 15% ━╸────────── 17/112 2.7it/s 6.7s<35.8s
[K       8/20         5G     0.8708     0.6186     0.9573         73       1024: 16% ━╸────────── 18/112 2.8it/s 7.0s<33.9s
[K       8/20         5G     0.8772     0.6156      0.964        143       1024: 16% ━━────────── 19/112 2.7it/s 7.4s<34.9s
[K       8/20         5G     0.8649     0.6122     0.9589        144       1024: 17% ━━────────── 20/112 2.7it/s 7.8s<33.6s
[K       8/20         5G      0.855      0.603     0.9532        250       1024: 18% ━━────────── 21/112 2.7it/s 8.2s<33.8s
[K       8/20         5G     0.8455     0.5943     0.9476        227       1024: 19% ━━────────── 22/112 2.8it/s 8.5s<32.4s
[K       8/20         5G     0.8355     0.5871     0.9419        152       1024: 20% ━━────────── 23/112 2.7it/s 8.9s<33.0s
[K       8/20         5G     0.8299     0.5811     0.9375        230       1024: 21% ━━╸───────── 24/112 2.8it/s 9.3s<31.6s
[K       8/20         5G     0.8284     0.5768     0.9391        203       1024: 22% ━━╸───────── 25/112 2.7it/s 9.6s<31.9s
[K       8/20         5G     0.8216      0.573     0.9377        135       1024: 23% ━━╸───────── 26/112 2.8it/s 10.0s<31.0s
[K       8/20         5G     0.8139     0.5665     0.9344        209       1024: 24% ━━╸───────── 27/112 2.7it/s 10.4s<31.6s
[K       8/20         5G      0.815     0.5675     0.9336        234       1024: 25% ━━━───────── 28/112 2.8it/s 10.7s<30.3s
[K       8/20         5G     0.8108     0.5671     0.9328         78       1024: 25% ━━━───────── 29/112 2.7it/s 11.1s<30.5s
[K       8/20         5G     0.8062      0.564     0.9314        101       1024: 26% ━━━───────── 30/112 2.8it/s 11.5s<29.7s
[K       8/20         5G     0.8002     0.5582     0.9277        229       1024: 27% ━━━───────── 31/112 2.7it/s 11.9s<30.1s
[K       8/20         5G     0.8132     0.5673     0.9283        249       1024: 28% ━━━───────── 32/112 2.7it/s 12.2s<29.2s
[K       8/20         5G     0.8105     0.5637     0.9266        292       1024: 29% ━━━╸──────── 33/112 2.7it/s 12.6s<29.6s
[K       8/20         5G     0.8138     0.5641     0.9277        171       1024: 30% ━━━╸──────── 34/112 2.7it/s 13.0s<28.7s
[K       8/20         5G     0.8105     0.5607     0.9255        197       1024: 31% ━━━╸──────── 35/112 2.7it/s 13.4s<28.9s
[K       8/20         5G     0.8065      0.556     0.9227        282       1024: 32% ━━━╸──────── 36/112 2.7it/s 13.7s<28.0s
[K       8/20         5G     0.8181     0.5718     0.9311         68       1024: 33% ━━━╸──────── 37/112 2.7it/s 14.1s<27.9s
[K       8/20         5G     0.8163     0.5696     0.9306        143       1024: 33% ━━━━──────── 38/112 2.8it/s 14.4s<26.5s
[K       8/20         5G     0.8134     0.5667     0.9299        170       1024: 34% ━━━━──────── 39/112 2.7it/s 14.8s<27.0s
[K       8/20         5G      0.816      0.568     0.9295        157       1024: 35% ━━━━──────── 40/112 2.7it/s 15.2s<26.3s
[K       8/20         5G     0.8133     0.5683     0.9298         82       1024: 36% ━━━━──────── 41/112 2.7it/s 15.5s<26.2s
[K       8/20         5G     0.8118     0.5686     0.9313         92       1024: 37% ━━━━──────── 42/112 2.8it/s 15.9s<25.4s
[K       8/20         5G     0.8065      0.564     0.9287        170       1024: 38% ━━━━╸─────── 43/112 2.7it/s 16.3s<25.7s
[K       8/20         5G     0.8033     0.5602     0.9261        223       1024: 39% ━━━━╸─────── 44/112 2.8it/s 16.6s<24.4s
[K       8/20         5G     0.8037     0.5607     0.9265         96       1024: 40% ━━━━╸─────── 45/112 2.7it/s 17.0s<24.8s
[K       8/20         5G     0.8034     0.5597     0.9258        129       1024: 41% ━━━━╸─────── 46/112 2.8it/s 17.4s<24.0s
[K       8/20         5G     0.8058     0.5631     0.9278         49       1024: 41% ━━━━━─────── 47/112 2.7it/s 17.8s<24.2s
[K       8/20         5G     0.8028     0.5607      0.926        131       1024: 42% ━━━━━─────── 48/112 2.7it/s 18.1s<23.3s
[K       8/20         5G     0.8056     0.5594     0.9272        191       1024: 43% ━━━━━─────── 49/112 2.7it/s 18.5s<23.5s
[K       8/20         5G     0.8037     0.5569     0.9256        206       1024: 44% ━━━━━─────── 50/112 2.8it/s 18.8s<22.4s
[K       8/20         5G     0.8021     0.5558     0.9248         74       1024: 45% ━━━━━─────── 51/112 2.7it/s 19.3s<22.8s
[K       8/20         5G     0.8042     0.5605     0.9261        211       1024: 46% ━━━━━╸────── 52/112 2.7it/s 19.6s<21.8s
[K       8/20         5G     0.8024     0.5596     0.9252        118       1024: 47% ━━━━━╸────── 53/112 2.7it/s 20.0s<21.7s
[K       8/20         5G     0.8101     0.5623      0.927        132       1024: 48% ━━━━━╸────── 54/112 2.7it/s 20.3s<21.1s
[K       8/20         5G     0.8073     0.5595     0.9247        173       1024: 49% ━━━━━╸────── 55/112 2.7it/s 20.7s<21.2s
[K       8/20         5G     0.8034     0.5566     0.9228        229       1024: 50% ━━━━━━────── 56/112 2.8it/s 21.1s<20.2s
[K       8/20         5G     0.8045     0.5572     0.9225        233       1024: 50% ━━━━━━────── 57/112 2.7it/s 21.5s<20.4s
[K       8/20         5G     0.8076     0.5581     0.9236        179       1024: 51% ━━━━━━────── 58/112 2.8it/s 21.8s<19.3s
[K       8/20         5G     0.8027     0.5565     0.9224         87       1024: 52% ━━━━━━────── 59/112 2.7it/s 22.2s<19.7s
[K       8/20         5G     0.8064     0.5582     0.9251        133       1024: 53% ━━━━━━────── 60/112 2.8it/s 22.5s<18.8s
[K       8/20         5G     0.8059     0.5597     0.9256         90       1024: 54% ━━━━━━╸───── 61/112 2.7it/s 22.9s<18.6s
[K       8/20         5G     0.8028     0.5579     0.9247        129       1024: 55% ━━━━━━╸───── 62/112 2.8it/s 23.3s<18.2s
[K       8/20         5G     0.7993     0.5557      0.923        146       1024: 56% ━━━━━━╸───── 63/112 2.7it/s 23.7s<18.4s
[K       8/20         5G     0.7978     0.5543     0.9221        348       1024: 57% ━━━━━━╸───── 64/112 2.8it/s 24.0s<17.4s
[K       8/20         5G     0.8012     0.5567     0.9219        260       1024: 58% ━━━━━━╸───── 65/112 2.7it/s 24.4s<17.6s
[K       8/20         5G     0.7961     0.5545     0.9212         52       1024: 58% ━━━━━━━───── 66/112 2.7it/s 24.8s<16.9s
[K       8/20         5G     0.7968     0.5542     0.9216        171       1024: 59% ━━━━━━━───── 67/112 2.7it/s 25.2s<16.7s
[K       8/20         5G     0.7961     0.5547     0.9206         68       1024: 60% ━━━━━━━───── 68/112 2.8it/s 25.5s<15.9s
[K       8/20         5G     0.7947     0.5532     0.9195        190       1024: 61% ━━━━━━━───── 69/112 2.7it/s 25.9s<16.0s
[K       8/20         5G     0.7935     0.5525     0.9195        176       1024: 62% ━━━━━━━───── 70/112 2.8it/s 26.2s<15.2s
[K       8/20         5G     0.7937     0.5522     0.9203        113       1024: 63% ━━━━━━━╸──── 71/112 2.7it/s 26.6s<15.2s
[K       8/20         5G     0.7944     0.5515     0.9214        119       1024: 64% ━━━━━━━╸──── 72/112 2.8it/s 27.0s<14.4s
[K       8/20         5G     0.8025     0.5555     0.9284         38       1024: 65% ━━━━━━━╸──── 73/112 2.7it/s 27.3s<14.3s
[K       8/20         5G     0.8022     0.5547     0.9282        156       1024: 66% ━━━━━━━╸──── 74/112 2.7it/s 27.7s<14.0s
[K       8/20         5G     0.8037     0.5545     0.9299        125       1024: 66% ━━━━━━━━──── 75/112 2.7it/s 28.1s<13.8s
[K       8/20         5G     0.8034     0.5533     0.9293        200       1024: 67% ━━━━━━━━──── 76/112 2.8it/s 28.4s<13.1s
[K       8/20         5G     0.8041     0.5532     0.9294        258       1024: 68% ━━━━━━━━──── 77/112 2.7it/s 28.9s<13.2s
[K       8/20         5G     0.8032     0.5529      0.929         89       1024: 69% ━━━━━━━━──── 78/112 2.8it/s 29.2s<12.3s
[K       8/20         5G      0.802     0.5515     0.9277        166       1024: 70% ━━━━━━━━──── 79/112 2.7it/s 29.6s<12.2s
[K       8/20         5G     0.8024      0.553     0.9293         53       1024: 71% ━━━━━━━━╸─── 80/112 2.7it/s 29.9s<11.7s
[K       8/20         5G      0.807     0.5571     0.9302        157       1024: 72% ━━━━━━━━╸─── 81/112 2.7it/s 30.3s<11.5s
[K       8/20         5G     0.8088     0.5588     0.9301        303       1024: 73% ━━━━━━━━╸─── 82/112 2.7it/s 30.7s<11.1s
[K       8/20         5G     0.8085     0.5588     0.9306        145       1024: 74% ━━━━━━━━╸─── 83/112 2.7it/s 31.1s<10.9s
[K       8/20         5G     0.8073     0.5572     0.9292        310       1024: 75% ━━━━━━━━━─── 84/112 2.8it/s 31.4s<10.2s
[K       8/20         5G     0.8053     0.5562     0.9284         74       1024: 75% ━━━━━━━━━─── 85/112 2.7it/s 31.8s<10.1s
[K       8/20         5G     0.8034     0.5548     0.9272        195       1024: 76% ━━━━━━━━━─── 86/112 2.7it/s 32.2s<9.7s
[K       8/20         5G     0.8012      0.553      0.926        182       1024: 77% ━━━━━━━━━─── 87/112 2.6it/s 32.6s<9.6s
[K       8/20         5G     0.8011     0.5525     0.9263        282       1024: 78% ━━━━━━━━━─── 88/112 2.8it/s 32.9s<8.7s
[K       8/20         5G     0.8017     0.5526     0.9273        120       1024: 79% ━━━━━━━━━╸── 89/112 2.7it/s 33.3s<8.5s
[K       8/20         5G     0.8043     0.5534     0.9282        126       1024: 80% ━━━━━━━━━╸── 90/112 2.7it/s 33.7s<8.1s
[K       8/20         5G     0.8034     0.5525     0.9278        173       1024: 81% ━━━━━━━━━╸── 91/112 2.7it/s 34.0s<7.8s
[K       8/20         5G     0.8041     0.5538     0.9276        333       1024: 82% ━━━━━━━━━╸── 92/112 2.7it/s 34.4s<7.3s
[K       8/20         5G     0.8019     0.5521     0.9262        153       1024: 83% ━━━━━━━━━╸── 93/112 2.7it/s 34.8s<7.2s
[K       8/20         5G     0.8014     0.5512     0.9258        241       1024: 83% ━━━━━━━━━━── 94/112 2.8it/s 35.1s<6.5s
[K       8/20         5G     0.7997     0.5493     0.9245        343       1024: 84% ━━━━━━━━━━── 95/112 2.7it/s 35.5s<6.3s
[K       8/20         5G     0.8015     0.5498     0.9253        129       1024: 85% ━━━━━━━━━━── 96/112 2.7it/s 35.9s<5.9s
[K       8/20         5G     0.8042     0.5505     0.9268        133       1024: 86% ━━━━━━━━━━── 97/112 2.7it/s 36.3s<5.6s
[K       8/20         5G     0.8021     0.5498     0.9263         84       1024: 87% ━━━━━━━━━━── 98/112 2.8it/s 36.6s<5.0s
[K       8/20         5G     0.8005     0.5484     0.9253        375       1024: 88% ━━━━━━━━━━╸─ 99/112 2.7it/s 37.0s<4.9s
[K       8/20         5G     0.7992      0.547     0.9243        311       1024: 89% ━━━━━━━━━━╸─ 100/112 2.8it/s 37.4s<4.3s
[K       8/20         5G     0.7984     0.5471     0.9241         94       1024: 90% ━━━━━━━━━━╸─ 101/112 2.7it/s 37.7s<4.1s
[K       8/20         5G     0.7969     0.5465     0.9238        122       1024: 91% ━━━━━━━━━━╸─ 102/112 2.7it/s 38.1s<3.7s
[K       8/20         5G     0.7986      0.548     0.9242         97       1024: 91% ━━━━━━━━━━━─ 103/112 2.7it/s 38.5s<3.4s
[K       8/20         5G     0.7971     0.5481     0.9242         90       1024: 92% ━━━━━━━━━━━─ 104/112 2.8it/s 38.8s<2.9s
[K       8/20         5G     0.7974     0.5481     0.9252        122       1024: 93% ━━━━━━━━━━━─ 105/112 2.7it/s 39.2s<2.6s
[K       8/20         5G     0.7971     0.5475     0.9243        308       1024: 94% ━━━━━━━━━━━─ 106/112 2.7it/s 39.6s<2.2s
[K       8/20         5G     0.7962     0.5468     0.9238        144       1024: 95% ━━━━━━━━━━━─ 107/112 2.6it/s 40.0s<1.9s
[K       8/20         5G      0.797     0.5468     0.9242        120       1024: 96% ━━━━━━━━━━━╸ 108/112 2.7it/s 40.4s<1.5s
[K       8/20         5G     0.7971      0.549     0.9258         26       1024: 97% ━━━━━━━━━━━╸ 109/112 2.6it/s 40.8s<1.1s
[K       8/20         5G      0.795     0.5475     0.9244        151       1024: 98% ━━━━━━━━━━━╸ 110/112 2.7it/s 41.1s<0.7s
[K       8/20         5G     0.7936     0.5461     0.9234        302       1024: 99% ━━━━━━━━━━━╸ 111/112 2.6it/s 41.5s<0.4s
[K       8/20         5G     0.7936     0.5461     0.9234        302       1024: 100% ━━━━━━━━━━━━ 112/112 2.7it/s 41.5s

[K                 Class     Images  Instances      Box(P          R      mAP50  mAP50-95): 50% ━━━━━━────── 1/2 2.8s/it 0.8s<2.8s
[K                 Class     Images  Instances      Box(P          R      mAP50  mAP50-95): 100% ━━━━━━━━━━━━ 2/2 2.3it/s 0.9s
                   all          9       1052       0.45      0.347      0.306      0.188
[2026-09-28T12:55:27.532824+00:00] TRAIN improved epoch 8/20: optimizer=504/1165, batches=112/112, loss=2.2630

      Epoch    GPU_mem   box_loss   cls_loss   dfl_loss  Instances       Size

[K       9/20      4.95G     0.6358     0.4326     0.8427        200       1024: 0% ──────────── 0/112  0.3s
[K       9/20      4.95G      0.841      0.513     0.8973        103       1024: 0% ──────────── 1/112 1.2s/it 0.7s<2:19
[K       9/20      4.95G     0.7273     0.4692     0.8622        144       1024: 1% ──────────── 2/112 1.3it/s 1.1s<1:26
[K       9/20      4.95G     0.7204     0.4623     0.8742        226       1024: 2% ──────────── 3/112 1.7it/s 1.5s<1:06
[K       9/20      4.95G     0.7042     0.4527     0.8651        308       1024: 3% ──────────── 4/112 2.0it/s 1.9s<54.9s
[K       9/20      4.95G     0.7124     0.4557     0.8649        214       1024: 4% ╸─────────── 5/112 2.1it/s 2.3s<51.8s
[K       9/20      4.95G     0.7079     0.4643       0.88         63       1024: 5% ╸─────────── 6/112 2.4it/s 2.6s<44.8s
[K       9/20      4.95G     0.7284     0.4749      0.902         65       1024: 6% ╸─────────── 7/112 2.4it/s 3.1s<44.2s
[K       9/20      4.95G     0.7261     0.4659     0.8947        209       1024: 7% ╸─────────── 8/112 2.5it/s 3.4s<41.4s
[K       9/20      4.95G     0.7397     0.4779     0.9024        113       1024: 8% ╸─────────── 9/112 2.5it/s 3.8s<40.7s
[K       9/20      4.95G     0.7342     0.4744     0.8957        325       1024: 8% ━─────────── 10/112 2.6it/s 4.2s<39.1s
[K       9/20      4.95G     0.7531     0.4988     0.9247         26       1024: 9% ━─────────── 11/112 2.6it/s 4.5s<38.8s
[K       9/20      4.95G     0.7635     0.5032     0.9302        120       1024: 10% ━─────────── 12/112 2.7it/s 4.9s<36.6s
[K       9/20      4.95G     0.7664     0.4987     0.9294        208       1024: 11% ━─────────── 13/112 2.6it/s 5.3s<38.0s
[K       9/20      4.95G     0.7499     0.4919     0.9258        136       1024: 12% ━─────────── 14/112 2.7it/s 5.6s<35.7s
[K       9/20      4.95G     0.7485     0.4901     0.9219        197       1024: 13% ━╸────────── 15/112 2.7it/s 6.0s<36.3s
[K       9/20      4.95G     0.7427     0.4889     0.9233         93       1024: 14% ━╸────────── 16/112 2.7it/s 6.4s<35.7s
[K       9/20      4.95G     0.7509     0.5231     0.9338         25       1024: 15% ━╸────────── 17/112 2.7it/s 6.8s<35.5s
[K       9/20      4.95G      0.745     0.5166     0.9281        231       1024: 16% ━╸────────── 18/112 2.8it/s 7.1s<34.1s
[K       9/20      4.95G     0.7461     0.5167     0.9291        188       1024: 16% ━━────────── 19/112 2.7it/s 7.5s<34.9s
[K       9/20      4.95G     0.7605     0.5392     0.9533         16       1024: 17% ━━────────── 20/112 2.8it/s 7.9s<33.0s
[K       9/20      4.95G     0.7601     0.5374     0.9496        128       1024: 18% ━━────────── 21/112 2.7it/s 8.2s<33.5s
[K       9/20      4.95G     0.7604     0.5542      0.948        122       1024: 19% ━━────────── 22/112 2.7it/s 8.6s<33.3s
[K       9/20      4.95G     0.7627     0.5532     0.9478        138       1024: 20% ━━────────── 23/112 2.6it/s 9.0s<34.0s
[K       9/20      4.95G     0.7621     0.5503     0.9487         93       1024: 21% ━━╸───────── 24/112 2.6it/s 9.4s<33.4s
[K       9/20      4.95G     0.7703     0.5496     0.9477        138       1024: 22% ━━╸───────── 25/112 2.6it/s 9.8s<33.6s
[K       9/20      4.95G     0.7659     0.5452     0.9446        218       1024: 23% ━━╸───────── 26/112 2.7it/s 10.2s<32.2s
[K       9/20      4.95G     0.7583     0.5386     0.9392        287       1024: 24% ━━╸───────── 27/112 2.6it/s 10.5s<32.1s
[K       9/20      4.95G     0.7568      0.537     0.9375        218       1024: 25% ━━━───────── 28/112 2.7it/s 10.9s<30.8s
[K       9/20      4.95G     0.7691     0.5431     0.9387        143       1024: 25% ━━━───────── 29/112 2.6it/s 11.3s<31.6s
[K       9/20      4.95G     0.7697     0.5417     0.9392        132       1024: 26% ━━━───────── 30/112 2.7it/s 11.6s<29.9s
[K       9/20      4.95G     0.7641     0.5406     0.9376         44       1024: 27% ━━━───────── 31/112 2.7it/s 12.0s<30.0s
[K       9/20      4.95G     0.7643     0.5454      0.939         43       1024: 28% ━━━───────── 32/112 2.7it/s 12.4s<29.2s
[K       9/20      4.95G      0.762     0.5417     0.9357        199       1024: 29% ━━━╸──────── 33/112 2.7it/s 12.8s<29.4s
[K       9/20      4.95G     0.7674     0.5426     0.9363        167       1024: 30% ━━━╸──────── 34/112 2.8it/s 13.1s<28.3s
[K       9/20      4.95G     0.7648      0.541     0.9341        192       1024: 31% ━━━╸──────── 35/112 2.6it/s 13.5s<29.1s
[K       9/20      4.95G     0.7612      0.538     0.9314        174       1024: 32% ━━━╸──────── 36/112 2.8it/s 13.9s<27.6s
[K       9/20      4.95G     0.7589     0.5351     0.9288        221       1024: 33% ━━━╸──────── 37/112 2.7it/s 14.3s<28.0s
[K       9/20      4.95G     0.7576     0.5357     0.9281         92       1024: 33% ━━━━──────── 38/112 2.7it/s 14.6s<27.4s
[K       9/20      4.95G      0.755     0.5335     0.9264        143       1024: 34% ━━━━──────── 39/112 2.6it/s 15.0s<27.6s
[K       9/20      4.95G     0.7531     0.5321      0.925        159       1024: 35% ━━━━──────── 40/112 2.7it/s 15.4s<26.4s
[K       9/20      4.95G     0.7481     0.5285     0.9223        156       1024: 36% ━━━━──────── 41/112 2.7it/s 15.8s<26.6s
[K       9/20      4.95G     0.7511      0.529     0.9216        236       1024: 37% ━━━━──────── 42/112 2.7it/s 16.1s<25.5s
[K       9/20      4.95G     0.7521      0.529     0.9203        168       1024: 38% ━━━━╸─────── 43/112 2.6it/s 16.5s<26.1s
[K       9/20      4.95G     0.7488     0.5259     0.9182        132       1024: 39% ━━━━╸─────── 44/112 2.7it/s 16.9s<25.1s
[K       9/20      4.95G     0.7483     0.5247     0.9175        115       1024: 40% ━━━━╸─────── 45/112 2.7it/s 17.2s<25.0s
[K       9/20      4.95G      0.745      0.522     0.9153        234       1024: 41% ━━━━╸─────── 46/112 2.7it/s 17.6s<24.3s
[K       9/20      4.95G     0.7487     0.5243     0.9172        124       1024: 41% ━━━━━─────── 47/112 2.6it/s 18.0s<24.6s
[K       9/20      4.95G     0.7509     0.5277     0.9186         62       1024: 42% ━━━━━─────── 48/112 2.7it/s 18.4s<23.8s
[K       9/20      4.95G      0.751     0.5267     0.9184        139       1024: 43% ━━━━━─────── 49/112 2.6it/s 18.8s<23.9s
[K       9/20      4.95G     0.7565     0.5295     0.9243         52       1024: 44% ━━━━━─────── 50/112 2.7it/s 19.1s<22.6s
[K       9/20      4.95G     0.7527     0.5269      0.922        325       1024: 45% ━━━━━─────── 51/112 2.7it/s 19.5s<22.8s
[K       9/20      4.95G     0.7574     0.5281     0.9244        124       1024: 46% ━━━━━╸────── 52/112 2.7it/s 19.8s<21.8s
[K       9/20      4.95G      0.756     0.5267     0.9234        325       1024: 47% ━━━━━╸────── 53/112 2.7it/s 20.2s<22.0s
[K       9/20      4.95G     0.7533     0.5247     0.9213        181       1024: 48% ━━━━━╸────── 54/112 2.7it/s 20.6s<21.1s
[K       9/20      4.95G     0.7516     0.5224     0.9201        194       1024: 49% ━━━━━╸────── 55/112 2.7it/s 21.0s<21.4s
[K       9/20      4.95G     0.7536     0.5345     0.9225         21       1024: 50% ━━━━━━────── 56/112 2.8it/s 21.3s<20.2s
[K       9/20      4.95G     0.7539     0.5333     0.9248         99       1024: 50% ━━━━━━────── 57/112 2.6it/s 21.7s<20.8s
[K       9/20      4.95G     0.7513     0.5325     0.9235        169       1024: 51% ━━━━━━────── 58/112 2.7it/s 22.1s<20.0s
[K       9/20      4.95G     0.7497      0.531     0.9233        136       1024: 52% ━━━━━━────── 59/112 2.6it/s 22.5s<20.1s
[K       9/20      4.95G     0.7482     0.5291     0.9215        162       1024: 53% ━━━━━━────── 60/112 2.7it/s 22.9s<19.6s
[K       9/20      4.95G     0.7529     0.5301      0.922        174       1024: 54% ━━━━━━╸───── 61/112 2.6it/s 23.3s<19.5s
[K       9/20      4.95G     0.7498     0.5278     0.9199        256       1024: 55% ━━━━━━╸───── 62/112 2.7it/s 23.6s<18.4s
[K       9/20      4.95G     0.7474     0.5265     0.9189        110       1024: 56% ━━━━━━╸───── 63/112 2.6it/s 24.0s<18.6s
[K       9/20      4.95G     0.7474     0.5258     0.9181        215       1024: 57% ━━━━━━╸───── 64/112 2.7it/s 24.3s<17.6s
[K       9/20      4.95G     0.7468     0.5249     0.9177        237       1024: 58% ━━━━━━╸───── 65/112 2.7it/s 24.7s<17.6s
[K       9/20      4.95G     0.7512      0.526     0.9181        302       1024: 58% ━━━━━━━───── 66/112 2.7it/s 25.1s<17.0s
[K       9/20      4.95G     0.7534     0.5269     0.9188        224       1024: 59% ━━━━━━━───── 67/112 2.7it/s 25.5s<16.9s
[K       9/20      4.95G      0.763     0.5305     0.9189        177       1024: 60% ━━━━━━━───── 68/112 2.7it/s 25.8s<16.2s
[K       9/20      4.95G      0.767     0.5338     0.9205         62       1024: 61% ━━━━━━━───── 69/112 2.7it/s 26.2s<16.2s
[K       9/20      4.95G     0.7706     0.5369     0.9215        235       1024: 62% ━━━━━━━───── 70/112 2.7it/s 26.6s<15.3s
[K       9/20      4.95G     0.7687     0.5365     0.9215         87       1024: 63% ━━━━━━━╸──── 71/112 2.7it/s 27.0s<15.4s
[K       9/20      4.95G     0.7677      0.535     0.9205        230       1024: 64% ━━━━━━━╸──── 72/112 2.7it/s 27.3s<14.7s
[K       9/20      4.95G     0.7675     0.5337      0.921        165       1024: 65% ━━━━━━━╸──── 73/112 2.7it/s 27.7s<14.7s
[K       9/20      4.95G     0.7665     0.5327     0.9211        173       1024: 66% ━━━━━━━╸──── 74/112 2.8it/s 28.1s<13.7s
[K       9/20      4.95G     0.7675     0.5335     0.9212        139       1024: 66% ━━━━━━━━──── 75/112 2.7it/s 28.5s<13.8s
[K       9/20      4.95G     0.7702     0.5347     0.9228         46       1024: 67% ━━━━━━━━──── 76/112 2.7it/s 28.8s<13.3s
[K       9/20      4.95G     0.7685     0.5332     0.9225        141       1024: 68% ━━━━━━━━──── 77/112 2.7it/s 29.2s<13.1s
[K       9/20      4.95G     0.7692      0.534     0.9228        129       1024: 69% ━━━━━━━━──── 78/112 2.8it/s 29.5s<12.3s
[K       9/20      4.95G     0.7719     0.5348     0.9225        224       1024: 70% ━━━━━━━━──── 79/112 2.7it/s 29.9s<12.3s
[K       9/20      4.95G     0.7726     0.5346     0.9224        149       1024: 71% ━━━━━━━━╸─── 80/112 2.7it/s 30.3s<11.7s
[K       9/20      4.95G      0.776     0.5402     0.9247         94       1024: 72% ━━━━━━━━╸─── 81/112 2.7it/s 30.7s<11.6s
[K       9/20      4.95G      0.776     0.5393      0.924        211       1024: 73% ━━━━━━━━╸─── 82/112 2.7it/s 31.0s<11.0s
[K       9/20      4.95G     0.7752     0.5379     0.9234        234       1024: 74% ━━━━━━━━╸─── 83/112 2.7it/s 31.4s<10.9s
[K       9/20      4.95G     0.7761     0.5383     0.9246        160       1024: 75% ━━━━━━━━━─── 84/112 2.7it/s 31.8s<10.3s
[K       9/20      4.95G     0.7763     0.5378     0.9242        290       1024: 75% ━━━━━━━━━─── 85/112 2.7it/s 32.2s<10.1s
[K       9/20      4.95G     0.7786     0.5505     0.9295         11       1024: 76% ━━━━━━━━━─── 86/112 2.8it/s 32.5s<9.4s
[K       9/20      4.95G     0.7803     0.5501     0.9295        167       1024: 77% ━━━━━━━━━─── 87/112 2.7it/s 32.9s<9.3s
[K       9/20      4.95G     0.7796     0.5496     0.9284         90       1024: 78% ━━━━━━━━━─── 88/112 2.7it/s 33.3s<8.8s
[K       9/20      4.95G     0.7831     0.5519     0.9289        128       1024: 79% ━━━━━━━━━╸── 89/112 2.7it/s 33.7s<8.6s
[K       9/20      4.95G     0.7856     0.5516     0.9289        345       1024: 80% ━━━━━━━━━╸── 90/112 2.7it/s 34.0s<8.1s
[K       9/20      4.95G     0.7841     0.5508     0.9282         98       1024: 81% ━━━━━━━━━╸── 91/112 2.7it/s 34.4s<7.9s
[K       9/20      4.95G     0.7825     0.5491     0.9273        179       1024: 82% ━━━━━━━━━╸── 92/112 2.8it/s 34.8s<7.3s
[K       9/20      4.95G     0.7797     0.5472     0.9258        271       1024: 83% ━━━━━━━━━╸── 93/112 2.7it/s 35.2s<7.1s
[K       9/20      4.95G     0.7773     0.5453     0.9244        314       1024: 83% ━━━━━━━━━━── 94/112 2.7it/s 35.5s<6.7s
[K       9/20      4.95G     0.7798     0.5467     0.9244        169       1024: 84% ━━━━━━━━━━── 95/112 2.7it/s 35.9s<6.4s
[K       9/20      4.95G     0.7777     0.5456     0.9237        119       1024: 85% ━━━━━━━━━━── 96/112 2.8it/s 36.2s<5.8s
[K       9/20      4.95G      0.777     0.5448     0.9234        237       1024: 86% ━━━━━━━━━━── 97/112 2.6it/s 36.7s<5.7s
[K       9/20      4.95G     0.7753     0.5437     0.9223        262       1024: 87% ━━━━━━━━━━── 98/112 2.7it/s 37.0s<5.1s
[K       9/20      4.95G     0.7745     0.5426     0.9217        264       1024: 88% ━━━━━━━━━━╸─ 99/112 2.7it/s 37.4s<4.9s
[K       9/20      4.95G     0.7763     0.5428     0.9223        118       1024: 89% ━━━━━━━━━━╸─ 100/112 2.7it/s 37.8s<4.5s
[K       9/20      4.95G     0.7754      0.542     0.9216        135       1024: 90% ━━━━━━━━━━╸─ 101/112 2.6it/s 38.2s<4.2s
[K       9/20      4.95G     0.7774     0.5445     0.9239         52       1024: 91% ━━━━━━━━━━╸─ 102/112 2.7it/s 38.5s<3.7s
[K       9/20      4.95G     0.7764     0.5436     0.9238        166       1024: 91% ━━━━━━━━━━━─ 103/112 2.6it/s 38.9s<3.5s
[K       9/20      4.95G     0.7764     0.5429      0.924        167       1024: 92% ━━━━━━━━━━━─ 104/112 2.7it/s 39.3s<3.0s
[K       9/20      4.95G     0.7749     0.5413     0.9233        270       1024: 93% ━━━━━━━━━━━─ 105/112 2.6it/s 39.7s<2.7s
[K       9/20      4.95G     0.7768     0.5422     0.9237        209       1024: 94% ━━━━━━━━━━━─ 106/112 2.7it/s 40.1s<2.2s
[K       9/20      4.95G     0.7757     0.5413      0.923        374       1024: 95% ━━━━━━━━━━━─ 107/112 2.6it/s 40.5s<1.9s
[K       9/20      4.95G     0.7747     0.5402     0.9225        214       1024: 96% ━━━━━━━━━━━╸ 108/112 2.6it/s 40.8s<1.5s
[K       9/20      4.95G     0.7748      0.541     0.9228        100       1024: 97% ━━━━━━━━━━━╸ 109/112 2.6it/s 41.2s<1.1s
[K       9/20      4.95G     0.7745       0.54     0.9222        268       1024: 98% ━━━━━━━━━━━╸ 110/112 2.7it/s 41.6s<0.7s
[K       9/20      4.95G     0.7769     0.5405     0.9219        192       1024: 99% ━━━━━━━━━━━╸ 111/112 2.6it/s 42.0s<0.4s
[K       9/20      4.95G     0.7769     0.5405     0.9219        192       1024: 100% ━━━━━━━━━━━━ 112/112 2.7it/s 42.0s

[K                 Class     Images  Instances      Box(P          R      mAP50  mAP50-95): 50% ━━━━━━────── 1/2 2.8s/it 0.8s<2.8s
[K                 Class     Images  Instances      Box(P          R      mAP50  mAP50-95): 100% ━━━━━━━━━━━━ 2/2 2.3it/s 0.9s
                   all          9       1052      0.532      0.306      0.306      0.191
[2026-09-28T12:56:10.998103+00:00] TRAIN improved epoch 9/20: optimizer=560/1165, batches=112/112, loss=2.2393

      Epoch    GPU_mem   box_loss   cls_loss   dfl_loss  Instances       Size

[K      10/20      4.99G      1.112     0.6831     0.9489        113       1024: 0% ──────────── 0/112  0.3s
[K      10/20      4.99G     0.8978     0.5803     0.9456        124       1024: 0% ──────────── 1/112 1.3s/it 0.7s<2:19
[K      10/20      4.99G     0.9225     0.5944     0.9381        163       1024: 1% ──────────── 2/112 1.2it/s 1.1s<1:29
[K      10/20      4.99G     0.8375     0.5481      0.915        136       1024: 2% ──────────── 3/112 1.7it/s 1.5s<1:05
[K      10/20      4.99G     0.8711     0.5578     0.9042        150       1024: 3% ──────────── 4/112 2.1it/s 1.9s<52.4s
[K      10/20      4.99G     0.8611     0.5546     0.9097         66       1024: 4% ╸─────────── 5/112 2.2it/s 2.3s<49.4s
[K      10/20      4.99G     0.8751     0.5552     0.9393         67       1024: 5% ╸─────────── 6/112 2.5it/s 2.6s<43.1s
[K      10/20      4.99G     0.8748     0.5499       0.95        118       1024: 6% ╸─────────── 7/112 2.5it/s 3.0s<42.7s
[K      10/20      4.99G     0.8647     0.5403      0.937        341       1024: 7% ╸─────────── 8/112 2.6it/s 3.4s<40.7s
[K      10/20      4.99G      0.868     0.5448     0.9377        136       1024: 8% ╸─────────── 9/112 2.6it/s 3.7s<39.9s
[K      10/20      4.99G     0.8957     0.5701     0.9387        357       1024: 8% ━─────────── 10/112 2.6it/s 4.1s<38.9s
[K      10/20      4.99G      0.899     0.5902     0.9576         32       1024: 9% ━─────────── 11/112 2.6it/s 4.5s<39.2s
[K      10/20      4.99G     0.8831     0.5764     0.9495        240       1024: 10% ━─────────── 12/112 2.7it/s 4.8s<37.2s
[K      10/20      4.99G     0.8893     0.5846     0.9543         68       1024: 11% ━─────────── 13/112 2.6it/s 5.2s<37.5s
[K      10/20      4.99G       0.88     0.5741     0.9459        367       1024: 12% ━─────────── 14/112 2.7it/s 5.6s<36.9s
[K      10/20      4.99G       0.89     0.5749     0.9464        295       1024: 13% ━╸────────── 15/112 2.6it/s 6.0s<37.5s
[K      10/20      4.99G     0.8868     0.5736     0.9469        140       1024: 14% ━╸────────── 16/112 2.7it/s 6.4s<35.8s
[K      10/20      4.99G     0.8783     0.5673     0.9415        221       1024: 15% ━╸────────── 17/112 2.6it/s 6.8s<36.2s
[K      10/20      4.99G      0.879     0.5656     0.9382        138       1024: 16% ━╸────────── 18/112 2.7it/s 7.1s<34.5s
[K      10/20      4.99G     0.8696     0.5593     0.9377        125       1024: 16% ━━────────── 19/112 2.7it/s 7.5s<34.8s
[K      10/20      4.99G     0.8539      0.551     0.9304        195       1024: 17% ━━────────── 20/112 2.7it/s 7.9s<33.9s
[K      10/20      4.99G     0.8411     0.5431     0.9249        160       1024: 18% ━━────────── 21/112 2.7it/s 8.2s<34.3s
[K      10/20      4.99G     0.8324     0.5377     0.9212        158       1024: 19% ━━────────── 22/112 2.7it/s 8.6s<32.9s
[K      10/20      4.99G     0.8357     0.5371     0.9201        160       1024: 20% ━━────────── 23/112 2.7it/s 9.0s<33.3s
[K      10/20      4.99G     0.8404     0.5399     0.9206        187       1024: 21% ━━╸───────── 24/112 2.8it/s 9.3s<31.7s
[K      10/20      4.99G     0.8458     0.5426     0.9197         89       1024: 22% ━━╸───────── 25/112 2.7it/s 9.7s<32.0s
[K      10/20      4.99G     0.8443     0.5496     0.9203         94       1024: 23% ━━╸───────── 26/112 2.7it/s 10.1s<31.4s
[K      10/20      4.99G     0.8354     0.5495     0.9189         60       1024: 24% ━━╸───────── 27/112 2.7it/s 10.5s<31.7s
[K      10/20      4.99G     0.8321     0.5523     0.9185         55       1024: 25% ━━━───────── 28/112 2.8it/s 10.8s<29.8s
[K      10/20      4.99G     0.8307     0.5575     0.9217         31       1024: 25% ━━━───────── 29/112 2.7it/s 11.2s<30.5s
[K      10/20      4.99G     0.8367     0.5579     0.9212        319       1024: 26% ━━━───────── 30/112 2.8it/s 11.5s<29.8s
[K      10/20      4.99G     0.8308     0.5534     0.9182        197       1024: 27% ━━━───────── 31/112 2.7it/s 11.9s<30.2s
[K      10/20      4.99G     0.8321      0.552     0.9199        172       1024: 28% ━━━───────── 32/112 2.8it/s 12.3s<29.0s
[K      10/20      4.99G      0.825     0.5469     0.9169        188       1024: 29% ━━━╸──────── 33/112 2.7it/s 12.7s<29.2s
[K      10/20      4.99G     0.8154      0.544     0.9142         45       1024: 30% ━━━╸──────── 34/112 2.7it/s 13.0s<28.4s
[K      10/20      4.99G      0.814     0.5422     0.9126        299       1024: 31% ━━━╸──────── 35/112 2.7it/s 13.4s<28.9s
[K      10/20      4.99G     0.8112     0.5398     0.9107        174       1024: 32% ━━━╸──────── 36/112 2.8it/s 13.7s<27.3s
[K      10/20      4.99G     0.8072     0.5363     0.9088        224       1024: 33% ━━━╸──────── 37/112 2.7it/s 14.1s<27.7s
[K      10/20      4.99G     0.8067     0.5346     0.9087        186       1024: 33% ━━━━──────── 38/112 2.7it/s 14.5s<27.3s
[K      10/20      4.99G     0.8037     0.5324     0.9079        155       1024: 34% ━━━━──────── 39/112 2.7it/s 14.9s<27.1s
[K      10/20      4.99G     0.8098     0.5383     0.9089        124       1024: 35% ━━━━──────── 40/112 2.8it/s 15.2s<25.9s
[K      10/20      4.99G     0.8066     0.5366     0.9084         80       1024: 36% ━━━━──────── 41/112 2.7it/s 15.6s<26.7s
[K      10/20      4.99G     0.8037      0.534     0.9073        167       1024: 37% ━━━━──────── 42/112 2.8it/s 16.0s<25.3s
[K      10/20      4.99G     0.8009     0.5341     0.9082         85       1024: 38% ━━━━╸─────── 43/112 2.7it/s 16.3s<25.2s
[K      10/20      4.99G     0.8041     0.5343     0.9099        215       1024: 39% ━━━━╸─────── 44/112 2.8it/s 16.7s<24.7s
[K      10/20      4.99G     0.7998     0.5309      0.908        316       1024: 40% ━━━━╸─────── 45/112 2.7it/s 17.1s<24.7s
[K      10/20      4.99G      0.797     0.5282     0.9062        300       1024: 41% ━━━━╸─────── 46/112 2.8it/s 17.4s<23.9s
[K      10/20      4.99G     0.7921     0.5257     0.9049        114       1024: 41% ━━━━━─────── 47/112 2.7it/s 17.8s<24.1s
[K      10/20      4.99G     0.7885     0.5224     0.9027        402       1024: 42% ━━━━━─────── 48/112 2.8it/s 18.2s<23.1s
[K      10/20      4.99G     0.7851     0.5198     0.9014        174       1024: 43% ━━━━━─────── 49/112 2.7it/s 18.6s<23.5s
[K      10/20      4.99G     0.7816     0.5175     0.9007        168       1024: 44% ━━━━━─────── 50/112 2.8it/s 18.9s<22.2s
[K      10/20      4.99G     0.7817     0.5168     0.9006        195       1024: 45% ━━━━━─────── 51/112 2.7it/s 19.3s<22.6s
[K      10/20      4.99G     0.7783     0.5142     0.8994        177       1024: 46% ━━━━━╸────── 52/112 2.7it/s 19.7s<22.2s
[K      10/20      4.99G     0.7761     0.5125     0.8985        282       1024: 47% ━━━━━╸────── 53/112 2.7it/s 20.0s<22.1s
[K      10/20      4.99G     0.7737     0.5104     0.8977        291       1024: 48% ━━━━━╸────── 54/112 2.7it/s 20.4s<21.1s
[K      10/20      4.99G     0.7737     0.5103     0.8978        175       1024: 49% ━━━━━╸────── 55/112 2.7it/s 20.8s<21.5s
[K      10/20      4.99G     0.7703     0.5085     0.8973        155       1024: 50% ━━━━━━────── 56/112 2.8it/s 21.1s<20.2s
[K      10/20      4.99G     0.7676     0.5074     0.8963        113       1024: 50% ━━━━━━────── 57/112 2.7it/s 21.5s<20.3s
[K      10/20      4.99G     0.7691     0.5115     0.8985         65       1024: 51% ━━━━━━────── 58/112 2.7it/s 21.9s<19.8s
[K      10/20      4.99G     0.7657     0.5088      0.897        296       1024: 52% ━━━━━━────── 59/112 2.7it/s 22.3s<19.9s
[K      10/20      4.99G     0.7613     0.5062     0.8957        158       1024: 53% ━━━━━━────── 60/112 2.7it/s 22.6s<18.9s
[K      10/20      4.99G     0.7611     0.5058     0.8964        144       1024: 54% ━━━━━━╸───── 61/112 2.7it/s 23.0s<19.0s
[K      10/20      4.99G     0.7564     0.5028     0.8946        303       1024: 55% ━━━━━━╸───── 62/112 2.7it/s 23.4s<18.7s
[K      10/20      4.99G     0.7568      0.502     0.8939        458       1024: 56% ━━━━━━╸───── 63/112 2.6it/s 23.8s<19.0s
[K      10/20      4.99G     0.7566     0.5034     0.8951         97       1024: 57% ━━━━━━╸───── 64/112 2.7it/s 24.1s<17.6s
[K      10/20      4.99G     0.7533     0.5014     0.8937        171       1024: 58% ━━━━━━╸───── 65/112 2.7it/s 24.5s<17.6s
[K      10/20      4.99G     0.7515        0.5     0.8927        274       1024: 58% ━━━━━━━───── 66/112 2.7it/s 24.9s<17.1s
[K      10/20      4.99G     0.7504     0.4993     0.8927         92       1024: 59% ━━━━━━━───── 67/112 2.7it/s 25.3s<16.9s
[K      10/20      4.99G     0.7515      0.503     0.8944         72       1024: 60% ━━━━━━━───── 68/112 2.8it/s 25.6s<15.9s
[K      10/20      4.99G     0.7541      0.507     0.8947         60       1024: 61% ━━━━━━━───── 69/112 2.7it/s 26.0s<16.0s
[K      10/20      4.99G     0.7549      0.507     0.8944        441       1024: 62% ━━━━━━━───── 70/112 2.7it/s 26.4s<15.4s
[K      10/20      4.99G     0.7551      0.506     0.8941        278       1024: 63% ━━━━━━━╸──── 71/112 2.7it/s 26.8s<15.5s
[K      10/20      4.99G     0.7522     0.5045      0.893        259       1024: 64% ━━━━━━━╸──── 72/112 2.7it/s 27.1s<14.6s
[K      10/20      4.99G     0.7519     0.5032     0.8929        358       1024: 65% ━━━━━━━╸──── 73/112 2.6it/s 27.5s<14.8s
[K      10/20      4.99G     0.7491     0.5013     0.8916        284       1024: 66% ━━━━━━━╸──── 74/112 2.8it/s 27.9s<13.8s
[K      10/20      4.99G     0.7491     0.5017      0.892        100       1024: 66% ━━━━━━━━──── 75/112 2.7it/s 28.2s<13.7s
[K      10/20      4.99G     0.7492     0.5019     0.8914        340       1024: 67% ━━━━━━━━──── 76/112 2.7it/s 28.6s<13.2s
[K      10/20      4.99G      0.749     0.5018     0.8917         61       1024: 68% ━━━━━━━━──── 77/112 2.7it/s 29.0s<13.1s
[K      10/20      4.99G     0.7467     0.5004      0.891        258       1024: 69% ━━━━━━━━──── 78/112 2.8it/s 29.3s<12.3s
[K      10/20      4.99G     0.7471     0.5004     0.8922        121       1024: 70% ━━━━━━━━──── 79/112 2.7it/s 29.7s<12.3s
[K      10/20      4.99G     0.7466     0.5001     0.8927        211       1024: 71% ━━━━━━━━╸─── 80/112 2.8it/s 30.1s<11.6s
[K      10/20      4.99G     0.7439     0.4983     0.8916        185       1024: 72% ━━━━━━━━╸─── 81/112 2.7it/s 30.5s<11.5s
[K      10/20      4.99G      0.746      0.502     0.8958         35       1024: 73% ━━━━━━━━╸─── 82/112 2.8it/s 30.8s<10.9s
[K      10/20      4.99G     0.7523     0.5057     0.9005         51       1024: 74% ━━━━━━━━╸─── 83/112 2.7it/s 31.2s<10.7s
[K      10/20      4.99G     0.7531     0.5062     0.9002        168       1024: 75% ━━━━━━━━━─── 84/112 2.8it/s 31.5s<10.1s
[K      10/20      4.99G       0.75     0.5041     0.8988        175       1024: 75% ━━━━━━━━━─── 85/112 2.7it/s 31.9s<10.1s
[K      10/20      4.99G     0.7475     0.5024     0.8975        176       1024: 76% ━━━━━━━━━─── 86/112 2.8it/s 32.3s<9.3s
[K      10/20      4.99G     0.7496     0.5028     0.8981        129       1024: 77% ━━━━━━━━━─── 87/112 2.7it/s 32.7s<9.2s
[K      10/20      4.99G     0.7475     0.5012     0.8975        215       1024: 78% ━━━━━━━━━─── 88/112 2.8it/s 33.0s<8.7s
[K      10/20      4.99G     0.7472     0.5008     0.8977        103       1024: 79% ━━━━━━━━━╸── 89/112 2.7it/s 33.4s<8.4s
[K      10/20      4.99G     0.7457     0.4996      0.897        146       1024: 80% ━━━━━━━━━╸── 90/112 2.8it/s 33.7s<7.9s
[K      10/20      4.99G     0.7447     0.5001     0.8968         71       1024: 81% ━━━━━━━━━╸── 91/112 2.6it/s 34.2s<8.0s
[K      10/20      4.99G     0.7449        0.5     0.8971        237       1024: 82% ━━━━━━━━━╸── 92/112 2.7it/s 34.5s<7.4s
[K      10/20      4.99G     0.7427     0.4985     0.8967        191       1024: 83% ━━━━━━━━━╸── 93/112 2.7it/s 34.9s<7.1s
[K      10/20      4.99G     0.7444     0.4994     0.8986        147       1024: 83% ━━━━━━━━━━── 94/112 2.7it/s 35.2s<6.6s
[K      10/20      4.99G     0.7457     0.4991     0.8991        161       1024: 84% ━━━━━━━━━━── 95/112 2.7it/s 35.6s<6.2s
[K      10/20      4.99G     0.7439     0.4979     0.8983        237       1024: 85% ━━━━━━━━━━── 96/112 2.8it/s 36.0s<5.8s
[K      10/20      4.99G     0.7434     0.4982     0.8994        113       1024: 86% ━━━━━━━━━━── 97/112 2.6it/s 36.4s<5.7s
[K      10/20      4.99G     0.7428     0.4973     0.8992        215       1024: 87% ━━━━━━━━━━── 98/112 2.7it/s 36.8s<5.2s
[K      10/20      4.99G     0.7428     0.4963     0.8986        269       1024: 88% ━━━━━━━━━━╸─ 99/112 2.6it/s 37.2s<5.0s
[K      10/20      4.99G     0.7406     0.4946     0.8976        289       1024: 89% ━━━━━━━━━━╸─ 100/112 2.7it/s 37.5s<4.5s
[K      10/20      4.99G      0.738     0.4929     0.8963        268       1024: 90% ━━━━━━━━━━╸─ 101/112 2.7it/s 37.9s<4.1s
[K      10/20      4.99G     0.7394     0.4983     0.8989         21       1024: 91% ━━━━━━━━━━╸─ 102/112 2.7it/s 38.2s<3.7s
[K      10/20      4.99G     0.7386     0.4974     0.8985        231       1024: 91% ━━━━━━━━━━━─ 103/112 2.6it/s 38.7s<3.4s
[K      10/20      4.99G     0.7383     0.4968     0.8988        207       1024: 92% ━━━━━━━━━━━─ 104/112 2.7it/s 39.0s<3.0s
[K      10/20      4.99G     0.7398     0.4979        0.9         84       1024: 93% ━━━━━━━━━━━─ 105/112 2.6it/s 39.4s<2.7s
[K      10/20      4.99G     0.7382     0.4967     0.8993        273       1024: 94% ━━━━━━━━━━━─ 106/112 2.7it/s 39.8s<2.2s
[K      10/20      4.99G     0.7386     0.4967      0.899        266       1024: 95% ━━━━━━━━━━━─ 107/112 2.6it/s 40.2s<1.9s
[K      10/20      4.99G     0.7399     0.4969     0.8997        164       1024: 96% ━━━━━━━━━━━╸ 108/112 2.8it/s 40.5s<1.5s
[K      10/20      4.99G     0.7378     0.4954     0.8987        147       1024: 97% ━━━━━━━━━━━╸ 109/112 2.7it/s 40.9s<1.1s
[K      10/20      4.99G      0.739      0.499     0.8998         26       1024: 98% ━━━━━━━━━━━╸ 110/112 2.7it/s 41.3s<0.7s
[K      10/20      4.99G     0.7399     0.4993     0.9003        139       1024: 99% ━━━━━━━━━━━╸ 111/112 2.6it/s 41.7s<0.4s
[K      10/20      4.99G     0.7399     0.4993     0.9003        139       1024: 100% ━━━━━━━━━━━━ 112/112 2.7it/s 41.7s

[K                 Class     Images  Instances      Box(P          R      mAP50  mAP50-95): 50% ━━━━━━────── 1/2 2.8s/it 0.8s<2.8s
[K                 Class     Images  Instances      Box(P          R      mAP50  mAP50-95): 100% ━━━━━━━━━━━━ 2/2 2.3it/s 0.9s
                   all          9       1052      0.547      0.305       0.31      0.195
[2026-09-28T12:56:54.301951+00:00] TRAIN improved epoch 10/20: optimizer=616/1165, batches=112/112, loss=2.1395

      Epoch    GPU_mem   box_loss   cls_loss   dfl_loss  Instances       Size

[K      11/20      5.02G      0.603     0.4137     0.8105        383       1024: 0% ──────────── 0/112  0.3s
[K      11/20      5.02G     0.6202      0.396     0.8209        364       1024: 0% ──────────── 1/112 1.3s/it 0.7s<2:19
[K      11/20      5.02G     0.7966     0.5129     0.8955        111       1024: 1% ──────────── 2/112 1.3it/s 1.1s<1:25
[K      11/20      5.02G     0.7707     0.4955     0.8936        173       1024: 2% ──────────── 3/112 1.7it/s 1.5s<1:03
[K      11/20      5.02G     0.7921     0.5127     0.8963        171       1024: 3% ──────────── 4/112 2.0it/s 1.9s<55.3s
[K      11/20      5.02G     0.7956     0.5172     0.9069        106       1024: 4% ╸─────────── 5/112 2.1it/s 2.3s<51.3s
[K      11/20      5.02G     0.7803      0.505     0.9039        190       1024: 5% ╸─────────── 6/112 2.3it/s 2.6s<45.2s
[K      11/20      5.02G     0.7667     0.4957     0.8996        179       1024: 6% ╸─────────── 7/112 2.3it/s 3.1s<45.4s
[K      11/20      5.02G     0.7556     0.4915     0.9026        130       1024: 7% ╸─────────── 8/112 2.4it/s 3.5s<42.5s
[K      11/20      5.02G     0.7817     0.5059     0.9089        310       1024: 8% ╸─────────── 9/112 2.3it/s 4.0s<44.4s
[K      11/20      5.02G     0.7594      0.492     0.8961        134       1024: 8% ━─────────── 10/112 2.4it/s 4.3s<42.9s
[K      11/20      5.02G     0.7499     0.4866     0.8962        115       1024: 9% ━─────────── 11/112 2.4it/s 4.8s<42.8s
[K      11/20      5.02G     0.7345     0.4803     0.8941         83       1024: 10% ━─────────── 12/112 2.4it/s 5.2s<42.1s
[K      11/20      5.02G     0.7387     0.4805     0.9006         75       1024: 11% ━─────────── 13/112 2.3it/s 5.7s<42.7s
[K      11/20      5.02G     0.7536     0.4906     0.9024        210       1024: 12% ━─────────── 14/112 2.4it/s 6.0s<40.9s
[K      11/20      5.02G     0.7501      0.485     0.9027        276       1024: 13% ━╸────────── 15/112 2.3it/s 6.5s<41.7s
[K      11/20      5.02G     0.7349     0.4761     0.8972        159       1024: 14% ━╸────────── 16/112 2.4it/s 6.9s<39.4s
[K      11/20      5.02G     0.7537     0.4853      0.901        200       1024: 15% ━╸────────── 17/112 2.3it/s 7.4s<40.7s
[K      11/20      5.02G     0.7447     0.4862     0.9044         47       1024: 16% ━╸────────── 18/112 2.4it/s 7.7s<38.7s
[K      11/20      5.02G     0.7515     0.4899     0.9108         62       1024: 16% ━━────────── 19/112 2.3it/s 8.2s<40.5s
[K      11/20      5.02G     0.7573     0.4964     0.9176         63       1024: 17% ━━────────── 20/112 2.4it/s 8.6s<38.2s
[K      11/20      5.02G     0.7566     0.4943     0.9137        269       1024: 18% ━━────────── 21/112 2.3it/s 9.1s<39.4s
[K      11/20      5.02G     0.7538     0.4919     0.9122        133       1024: 19% ━━────────── 22/112 2.4it/s 9.5s<37.4s
[K      11/20      5.02G     0.7517     0.4889     0.9131        213       1024: 20% ━━────────── 23/112 2.4it/s 9.9s<37.8s
[K      11/20      5.02G     0.7477     0.4841     0.9121        145       1024: 21% ━━╸───────── 24/112 2.4it/s 10.3s<37.3s
[K      11/20      5.02G     0.7517     0.4852      0.912        202       1024: 22% ━━╸───────── 25/112 2.4it/s 10.8s<36.9s
[K      11/20      5.02G     0.7624     0.5003     0.9152        211       1024: 23% ━━╸───────── 26/112 2.4it/s 11.2s<36.5s
[K      11/20      5.02G     0.7539      0.495     0.9113        157       1024: 24% ━━╸───────── 27/112 2.3it/s 11.6s<36.4s
[K      11/20      5.02G     0.7474     0.4916     0.9084        149       1024: 25% ━━━───────── 28/112 2.4it/s 12.0s<35.4s
[K      11/20      5.12G     0.7637     0.5011     0.9093        460       1024: 25% ━━━───────── 29/112 2.3it/s 12.5s<35.7s
[K      11/20      5.12G      0.765     0.4997     0.9085        200       1024: 26% ━━━───────── 30/112 2.4it/s 12.8s<33.5s
[K      11/20      5.12G     0.7699     0.5056     0.9159         54       1024: 27% ━━━───────── 31/112 2.3it/s 13.3s<34.7s
[K      11/20      5.12G     0.7654     0.5065     0.9169         90       1024: 28% ━━━───────── 32/112 2.4it/s 13.7s<33.0s
[K      11/20      5.12G     0.7619     0.5042     0.9149        234       1024: 29% ━━━╸──────── 33/112 2.4it/s 14.2s<33.4s
[K      11/20      5.12G     0.7664       0.51     0.9153        246       1024: 30% ━━━╸──────── 34/112 2.5it/s 14.5s<31.7s
[K      11/20      5.12G     0.7767     0.5196     0.9165        183       1024: 31% ━━━╸──────── 35/112 2.4it/s 15.0s<32.3s
[K      11/20      5.12G     0.7777     0.5189     0.9157        243       1024: 32% ━━━╸──────── 36/112 2.5it/s 15.4s<30.7s
[K      11/20      5.12G       0.77     0.5138     0.9122        289       1024: 33% ━━━╸──────── 37/112 2.4it/s 15.8s<30.8s
[K      11/20      5.12G     0.7717     0.5124     0.9119        383       1024: 33% ━━━━──────── 38/112 2.5it/s 16.1s<29.2s
[K      11/20      5.12G      0.774     0.5158     0.9153         66       1024: 34% ━━━━──────── 39/112 2.5it/s 16.6s<29.5s
[K      11/20      5.12G     0.7692     0.5124     0.9139        185       1024: 35% ━━━━──────── 40/112 2.6it/s 16.9s<28.0s
[K      11/20      5.12G     0.7662     0.5103     0.9137         97       1024: 36% ━━━━──────── 41/112 2.5it/s 17.4s<28.4s
[K      11/20      5.12G     0.7628      0.508     0.9131        121       1024: 37% ━━━━──────── 42/112 2.6it/s 17.7s<27.2s
[K      11/20      5.12G     0.7614     0.5077     0.9142         92       1024: 38% ━━━━╸─────── 43/112 2.5it/s 18.2s<28.1s
[K      11/20      5.12G     0.7563     0.5042     0.9123        257       1024: 39% ━━━━╸─────── 44/112 2.6it/s 18.5s<26.6s
[K      11/20      5.12G     0.7578     0.5028      0.914        137       1024: 40% ━━━━╸─────── 45/112 2.5it/s 19.0s<26.8s
[K      11/20      5.12G     0.7506     0.4997     0.9118         89       1024: 41% ━━━━╸─────── 46/112 2.6it/s 19.3s<25.5s
[K      11/20      5.12G     0.7478     0.4994     0.9122         67       1024: 41% ━━━━━─────── 47/112 2.5it/s 19.7s<25.6s
[K      11/20      5.12G     0.7457     0.4973       0.91        227       1024: 42% ━━━━━─────── 48/112 2.6it/s 20.1s<24.3s
[K      11/20      5.12G     0.7405      0.494      0.908        188       1024: 43% ━━━━━─────── 49/112 2.6it/s 20.5s<24.7s
[K      11/20      5.12G      0.737     0.4921     0.9072        117       1024: 44% ━━━━━─────── 50/112 2.6it/s 20.9s<23.7s
[K      11/20      5.12G     0.7343     0.4902     0.9069         89       1024: 45% ━━━━━─────── 51/112 2.6it/s 21.3s<23.8s
[K      11/20      5.12G     0.7284     0.4879     0.9064         47       1024: 46% ━━━━━╸────── 52/112 2.6it/s 21.6s<22.9s
[K      11/20      5.12G      0.723     0.4845     0.9041        203       1024: 47% ━━━━━╸────── 53/112 2.6it/s 22.1s<23.0s
[K      11/20      5.12G     0.7211     0.4826      0.902        276       1024: 48% ━━━━━╸────── 54/112 2.6it/s 22.4s<21.9s
[K      11/20      5.12G     0.7217     0.4826     0.9009        293       1024: 49% ━━━━━╸────── 55/112 2.5it/s 22.8s<22.4s
[K      11/20      5.12G      0.722     0.4827     0.9003        325       1024: 50% ━━━━━━────── 56/112 2.6it/s 23.2s<21.3s
[K      11/20      5.12G     0.7291     0.4913     0.9091         55       1024: 50% ━━━━━━────── 57/112 2.6it/s 23.6s<21.5s
[K      11/20      5.12G     0.7276     0.4903     0.9087         89       1024: 51% ━━━━━━────── 58/112 2.6it/s 24.0s<20.6s
[K      11/20      5.12G     0.7347      0.494     0.9106         59       1024: 52% ━━━━━━────── 59/112 2.5it/s 24.4s<21.2s
[K      11/20      5.12G     0.7328     0.4927     0.9106        146       1024: 53% ━━━━━━────── 60/112 2.6it/s 24.8s<20.2s
[K      11/20      5.12G     0.7351     0.4942     0.9119        107       1024: 54% ━━━━━━╸───── 61/112 2.5it/s 25.2s<20.5s
[K      11/20      5.12G     0.7336     0.4924     0.9109        265       1024: 55% ━━━━━━╸───── 62/112 2.5it/s 25.6s<19.7s
[K      11/20      5.12G     0.7353     0.4929     0.9121        191       1024: 56% ━━━━━━╸───── 63/112 2.4it/s 26.1s<20.1s
[K      11/20      5.12G     0.7323     0.4918     0.9128         91       1024: 57% ━━━━━━╸───── 64/112 2.6it/s 26.4s<18.7s
[K      11/20      5.12G     0.7305     0.4916     0.9127         51       1024: 58% ━━━━━━╸───── 65/112 2.5it/s 26.8s<18.7s
[K      11/20      5.48G     0.7439     0.4963     0.9143        582       1024: 58% ━━━━━━━───── 66/112 2.4it/s 27.3s<18.9s
[K      11/20      5.48G     0.7419     0.4948     0.9133        236       1024: 59% ━━━━━━━───── 67/112 2.4it/s 27.7s<18.8s
[K      11/20      5.48G     0.7422     0.4951     0.9141        102       1024: 60% ━━━━━━━───── 68/112 2.5it/s 28.1s<17.7s
[K      11/20      5.48G     0.7451     0.4955     0.9135        283       1024: 61% ━━━━━━━───── 69/112 2.4it/s 28.5s<17.7s
[K      11/20      5.48G     0.7427     0.4935     0.9119        296       1024: 62% ━━━━━━━───── 70/112 2.5it/s 28.9s<16.6s
[K      11/20      5.48G     0.7435     0.4939     0.9126         66       1024: 63% ━━━━━━━╸──── 71/112 2.4it/s 29.3s<16.8s
[K      11/20      5.48G     0.7429     0.4929     0.9118        319       1024: 64% ━━━━━━━╸──── 72/112 2.5it/s 29.7s<15.7s
[K      11/20      5.48G     0.7468     0.4952     0.9144         74       1024: 65% ━━━━━━━╸──── 73/112 2.5it/s 30.1s<15.8s
[K      11/20      5.48G     0.7479     0.4946     0.9154        122       1024: 66% ━━━━━━━╸──── 74/112 2.5it/s 30.5s<15.2s
[K      11/20      5.48G     0.7519     0.4994     0.9185         51       1024: 66% ━━━━━━━━──── 75/112 2.4it/s 30.9s<15.1s
[K      11/20      5.48G     0.7516     0.5005     0.9199         91       1024: 67% ━━━━━━━━──── 76/112 2.5it/s 31.3s<14.1s
[K      11/20      5.48G     0.7504     0.4999      0.919        173       1024: 68% ━━━━━━━━──── 77/112 2.5it/s 31.7s<14.2s
[K      11/20      5.48G     0.7505     0.4996     0.9192        129       1024: 69% ━━━━━━━━──── 78/112 2.5it/s 32.1s<13.5s
[K      11/20      5.48G     0.7524     0.4995      0.921         68       1024: 70% ━━━━━━━━──── 79/112 2.4it/s 32.6s<13.5s
[K      11/20      5.48G     0.7504     0.4985     0.9211         68       1024: 71% ━━━━━━━━╸─── 80/112 2.5it/s 32.9s<12.6s
[K      11/20      5.48G     0.7497        0.5     0.9218         41       1024: 72% ━━━━━━━━╸─── 81/112 2.5it/s 33.3s<12.4s
[K      11/20      5.48G     0.7527     0.5073     0.9265         17       1024: 73% ━━━━━━━━╸─── 82/112 2.6it/s 33.7s<11.6s
[K      11/20      5.48G     0.7512     0.5059     0.9257        173       1024: 74% ━━━━━━━━╸─── 83/112 2.5it/s 34.1s<11.6s
[K      11/20      5.48G     0.7532     0.5068     0.9265        173       1024: 75% ━━━━━━━━━─── 84/112 2.6it/s 34.5s<10.8s
[K      11/20      5.48G     0.7531     0.5059     0.9265        171       1024: 75% ━━━━━━━━━─── 85/112 2.5it/s 34.9s<10.8s
[K      11/20      5.48G     0.7514     0.5043      0.925        258       1024: 76% ━━━━━━━━━─── 86/112 2.6it/s 35.3s<10.0s
[K      11/20      5.48G     0.7487     0.5031     0.9246         62       1024: 77% ━━━━━━━━━─── 87/112 2.5it/s 35.7s<9.9s
[K      11/20      5.48G     0.7509     0.5037     0.9254        149       1024: 78% ━━━━━━━━━─── 88/112 2.6it/s 36.1s<9.2s
[K      11/20      5.48G     0.7487     0.5025     0.9241        128       1024: 79% ━━━━━━━━━╸── 89/112 2.5it/s 36.5s<9.1s
[K      11/20      5.48G     0.7492     0.5023     0.9235        256       1024: 80% ━━━━━━━━━╸── 90/112 2.6it/s 36.9s<8.5s
[K      11/20      5.48G     0.7491     0.5015     0.9228        177       1024: 81% ━━━━━━━━━╸── 91/112 2.5it/s 37.3s<8.3s
[K      11/20      5.48G      0.747     0.5001     0.9215        154       1024: 82% ━━━━━━━━━╸── 92/112 2.6it/s 37.6s<7.7s
[K      11/20      5.48G      0.749     0.5005      0.921        314       1024: 83% ━━━━━━━━━╸── 93/112 2.5it/s 38.1s<7.6s
[K      11/20      5.48G     0.7477     0.4994     0.9201        224       1024: 83% ━━━━━━━━━━── 94/112 2.6it/s 38.4s<7.0s
[K      11/20      5.48G     0.7452     0.4977     0.9188        193       1024: 84% ━━━━━━━━━━── 95/112 2.5it/s 38.9s<6.9s
[K      11/20      5.48G     0.7451     0.4974     0.9188        171       1024: 85% ━━━━━━━━━━── 96/112 2.5it/s 39.3s<6.3s
[K      11/20      5.48G     0.7466     0.4981     0.9203         78       1024: 86% ━━━━━━━━━━── 97/112 2.5it/s 39.7s<6.1s
[K      11/20      5.48G     0.7468     0.4978      0.921        169       1024: 87% ━━━━━━━━━━── 98/112 2.6it/s 40.1s<5.5s
[K      11/20      5.48G     0.7491      0.499     0.9212        103       1024: 88% ━━━━━━━━━━╸─ 99/112 2.5it/s 40.5s<5.2s
[K      11/20      5.48G     0.7476     0.4979     0.9203        173       1024: 89% ━━━━━━━━━━╸─ 100/112 2.6it/s 40.8s<4.6s
[K      11/20      5.48G     0.7465      0.497     0.9198        100       1024: 90% ━━━━━━━━━━╸─ 101/112 2.5it/s 41.3s<4.4s
[K      11/20      5.48G     0.7461      0.496     0.9193        217       1024: 91% ━━━━━━━━━━╸─ 102/112 2.6it/s 41.6s<3.8s
[K      11/20      5.48G     0.7447     0.4949     0.9186        210       1024: 91% ━━━━━━━━━━━─ 103/112 2.5it/s 42.1s<3.6s
[K      11/20      5.48G      0.745     0.4981     0.9197         30       1024: 92% ━━━━━━━━━━━─ 104/112 2.6it/s 42.4s<3.1s
[K      11/20      5.48G     0.7428     0.4967     0.9186        155       1024: 93% ━━━━━━━━━━━─ 105/112 2.5it/s 42.8s<2.8s
[K      11/20      5.48G     0.7444     0.4974     0.9186        260       1024: 94% ━━━━━━━━━━━─ 106/112 2.6it/s 43.2s<2.3s
[K      11/20      5.48G     0.7434     0.4973     0.9188         59       1024: 95% ━━━━━━━━━━━─ 107/112 2.5it/s 43.6s<2.0s
[K      11/20      5.48G     0.7432     0.4968     0.9185        106       1024: 96% ━━━━━━━━━━━╸ 108/112 2.6it/s 44.0s<1.5s
[K      11/20      5.48G     0.7443     0.4969      0.919        196       1024: 97% ━━━━━━━━━━━╸ 109/112 2.5it/s 44.4s<1.2s
[K      11/20      5.48G     0.7483     0.4985     0.9193         93       1024: 98% ━━━━━━━━━━━╸ 110/112 2.6it/s 44.8s<0.8s
[K      11/20      5.48G     0.7486      0.499     0.9204         78       1024: 99% ━━━━━━━━━━━╸ 111/112 2.5it/s 45.2s<0.4s
[K      11/20      5.48G     0.7486      0.499     0.9204         78       1024: 100% ━━━━━━━━━━━━ 112/112 2.5it/s 45.2s

[K                 Class     Images  Instances      Box(P          R      mAP50  mAP50-95): 50% ━━━━━━────── 1/2 3.9s/it 1.2s<3.9s
[K                 Class     Images  Instances      Box(P          R      mAP50  mAP50-95): 100% ━━━━━━━━━━━━ 2/2 1.7it/s 1.2s
                   all          9       1052      0.512      0.332      0.319        0.2
[2026-09-28T12:57:41.588675+00:00] TRAIN improved epoch 11/20: optimizer=672/1165, batches=112/112, loss=2.1680

      Epoch    GPU_mem   box_loss   cls_loss   dfl_loss  Instances       Size

[K      12/20      4.92G     0.5355     0.3503     0.8086        180       1024: 0% ──────────── 0/112  0.4s
[K      12/20      4.92G      0.776     0.4489     0.8687        203       1024: 0% ──────────── 1/112 1.4s/it 0.8s<2:33
[K      12/20      4.92G     0.8515     0.4937     0.9489         60       1024: 1% ──────────── 2/112 1.3it/s 1.1s<1:22
[K      12/20      4.92G     0.7775     0.4594     0.9175        224       1024: 2% ──────────── 3/112 1.6it/s 1.6s<1:06
[K      12/20      4.92G     0.7451     0.4469     0.9031        189       1024: 3% ──────────── 4/112 2.0it/s 1.9s<54.8s
[K      12/20      4.92G     0.7073     0.4457     0.9021         61       1024: 4% ╸─────────── 5/112 2.1it/s 2.4s<51.6s
[K      12/20      4.92G     0.7079     0.4507      0.915        105       1024: 5% ╸─────────── 6/112 2.3it/s 2.7s<45.5s
[K      12/20      4.92G     0.6828     0.4463       0.91         62       1024: 6% ╸─────────── 7/112 2.3it/s 3.1s<45.1s
[K      12/20      4.92G     0.6815     0.4451     0.9027        129       1024: 7% ╸─────────── 8/112 2.4it/s 3.5s<42.6s
[K      12/20      4.92G     0.6721      0.448      0.897         76       1024: 8% ╸─────────── 9/112 2.4it/s 3.9s<42.3s
[K      12/20      4.92G     0.7057     0.4761     0.9024        352       1024: 8% ━─────────── 10/112 2.6it/s 4.3s<39.8s
[K      12/20      4.92G     0.7137     0.4729     0.9011        166       1024: 9% ━─────────── 11/112 2.5it/s 4.7s<40.4s
[K      12/20      4.92G     0.7174     0.4892     0.9104         31       1024: 10% ━─────────── 12/112 2.6it/s 5.0s<38.3s
[K      12/20      4.92G     0.7068     0.4855     0.9074        199       1024: 11% ━─────────── 13/112 2.6it/s 5.4s<38.7s
[K      12/20      4.92G     0.7049     0.4826     0.9074        159       1024: 12% ━─────────── 14/112 2.6it/s 5.8s<37.3s
[K      12/20      4.92G     0.6921     0.4742     0.9013        159       1024: 13% ━╸────────── 15/112 2.6it/s 6.2s<37.9s
[K      12/20      4.92G     0.6822     0.4663      0.896        285       1024: 14% ━╸────────── 16/112 2.6it/s 6.6s<36.6s
[K      12/20      4.92G     0.7012      0.473     0.8963        258       1024: 15% ━╸────────── 17/112 2.5it/s 7.0s<37.6s
[K      12/20      4.92G     0.6984     0.4709     0.8937        272       1024: 16% ━╸────────── 18/112 2.6it/s 7.4s<35.6s
[K      12/20      4.92G      0.698     0.4736     0.8968        111       1024: 16% ━━────────── 19/112 2.6it/s 7.8s<36.4s
[K      12/20      4.92G     0.7007     0.4755     0.8945        246       1024: 17% ━━────────── 20/112 2.6it/s 8.2s<35.4s
[K      12/20      4.92G     0.6913     0.4694     0.8898        237       1024: 18% ━━────────── 21/112 2.5it/s 8.6s<35.8s
[K      12/20      4.92G     0.6894     0.4673     0.8919         90       1024: 19% ━━────────── 22/112 2.6it/s 8.9s<34.7s
[K      12/20      4.92G     0.6871     0.4644     0.8904        268       1024: 20% ━━────────── 23/112 2.5it/s 9.4s<35.4s
[K      12/20      4.92G     0.6916     0.4647       0.89        236       1024: 21% ━━╸───────── 24/112 2.6it/s 9.7s<34.3s
[K      12/20      4.92G     0.6952      0.465     0.8909        163       1024: 22% ━━╸───────── 25/112 2.5it/s 10.2s<34.8s
[K      12/20      4.92G     0.6846     0.4589      0.887        246       1024: 23% ━━╸───────── 26/112 2.6it/s 10.5s<33.2s
[K      12/20      4.92G     0.6873     0.4579     0.8887        293       1024: 24% ━━╸───────── 27/112 2.5it/s 11.0s<33.9s
[K      12/20      4.92G      0.699     0.4629     0.8922        138       1024: 25% ━━━───────── 28/112 2.6it/s 11.3s<32.3s
[K      12/20      4.92G     0.6925     0.4598      0.889        324       1024: 25% ━━━───────── 29/112 2.5it/s 11.7s<32.9s
[K      12/20      4.92G     0.6861     0.4571     0.8883         75       1024: 26% ━━━───────── 30/112 2.6it/s 12.1s<32.0s
[K      12/20      4.92G     0.6906      0.457     0.8902        222       1024: 27% ━━━───────── 31/112 2.5it/s 12.5s<32.3s
[K      12/20      4.92G     0.6871     0.4541     0.8876        289       1024: 28% ━━━───────── 32/112 2.6it/s 12.9s<30.7s
[K      12/20      4.92G     0.6863     0.4532     0.8892        177       1024: 29% ━━━╸──────── 33/112 2.5it/s 13.3s<31.4s
[K      12/20      4.92G     0.6882     0.4545     0.8884        424       1024: 30% ━━━╸──────── 34/112 2.6it/s 13.7s<30.3s
[K      12/20      4.92G     0.6856     0.4521     0.8869        165       1024: 31% ━━━╸──────── 35/112 2.5it/s 14.1s<31.0s
[K      12/20      4.92G     0.6883     0.4542     0.8876        180       1024: 32% ━━━╸──────── 36/112 2.6it/s 14.5s<29.8s
[K      12/20      4.92G     0.6896     0.4547     0.8902        158       1024: 33% ━━━╸──────── 37/112 2.5it/s 14.9s<30.5s
[K      12/20      4.92G     0.6876     0.4526     0.8883        187       1024: 33% ━━━━──────── 38/112 2.5it/s 15.3s<29.0s
[K      12/20      4.92G     0.6963     0.4581     0.8914        177       1024: 34% ━━━━──────── 39/112 2.5it/s 15.7s<29.5s
[K      12/20      4.92G      0.697     0.4578     0.8902        480       1024: 35% ━━━━──────── 40/112 2.5it/s 16.1s<28.7s
[K      12/20      4.92G     0.6975     0.4579     0.8913         98       1024: 36% ━━━━──────── 41/112 2.4it/s 16.6s<29.0s
[K      12/20      4.92G     0.6919     0.4545      0.889        210       1024: 37% ━━━━──────── 42/112 2.6it/s 16.9s<27.4s
[K      12/20      4.92G      0.694     0.4546     0.8911        130       1024: 38% ━━━━╸─────── 43/112 2.5it/s 17.3s<27.7s
[K      12/20      4.92G     0.6997     0.4572     0.8921        223       1024: 39% ━━━━╸─────── 44/112 2.6it/s 17.7s<26.5s
[K      12/20      4.92G     0.6933     0.4538     0.8898        181       1024: 40% ━━━━╸─────── 45/112 2.5it/s 18.1s<27.0s
[K      12/20      4.92G     0.6969     0.4555     0.8922         92       1024: 41% ━━━━╸─────── 46/112 2.6it/s 18.5s<25.6s
[K      12/20      4.92G     0.6951     0.4536     0.8906        288       1024: 41% ━━━━━─────── 47/112 2.5it/s 18.9s<26.1s
[K      12/20      4.92G      0.692     0.4519     0.8889        277       1024: 42% ━━━━━─────── 48/112 2.6it/s 19.3s<25.0s
[K      12/20      4.92G     0.6935     0.4522     0.8902        174       1024: 43% ━━━━━─────── 49/112 2.5it/s 19.7s<25.5s
[K      12/20      4.92G     0.6943     0.4521     0.8908        162       1024: 44% ━━━━━─────── 50/112 2.6it/s 20.1s<24.3s
[K      12/20      4.92G     0.7025     0.4642     0.8966         16       1024: 45% ━━━━━─────── 51/112 2.5it/s 20.5s<24.6s
[K      12/20      4.92G     0.7068     0.4657     0.8983        129       1024: 46% ━━━━━╸────── 52/112 2.5it/s 20.9s<23.5s
[K      12/20      4.92G     0.7025     0.4639     0.8969        139       1024: 47% ━━━━━╸────── 53/112 2.5it/s 21.3s<23.7s
[K      12/20      4.92G     0.6994     0.4617     0.8955        248       1024: 48% ━━━━━╸────── 54/112 2.5it/s 21.7s<22.8s
[K      12/20      4.92G     0.7049     0.4637     0.8962        207       1024: 49% ━━━━━╸────── 55/112 2.4it/s 22.2s<23.4s
[K      12/20      4.92G     0.7072     0.4644     0.8959        179       1024: 50% ━━━━━━────── 56/112 2.5it/s 22.5s<22.1s
[K      12/20      4.92G     0.7135     0.4686     0.8966        144       1024: 50% ━━━━━━────── 57/112 2.5it/s 23.0s<22.4s
[K      12/20      4.92G     0.7111     0.4678      0.896        123       1024: 51% ━━━━━━────── 58/112 2.5it/s 23.3s<21.2s
[K      12/20      4.92G     0.7117     0.4676     0.8963        178       1024: 52% ━━━━━━────── 59/112 2.5it/s 23.8s<21.2s
[K      12/20      4.92G     0.7115     0.4679     0.8966         93       1024: 53% ━━━━━━────── 60/112 2.6it/s 24.1s<20.1s
[K      12/20      4.92G     0.7107      0.467     0.8969        164       1024: 54% ━━━━━━╸───── 61/112 2.5it/s 24.5s<20.1s
[K      12/20      4.92G     0.7127     0.4677     0.8968        189       1024: 55% ━━━━━━╸───── 62/112 2.6it/s 24.9s<19.2s
[K      12/20      4.92G     0.7101     0.4663     0.8958        216       1024: 56% ━━━━━━╸───── 63/112 2.5it/s 25.3s<19.6s
[K      12/20      4.92G     0.7193     0.4705     0.8966        276       1024: 57% ━━━━━━╸───── 64/112 2.5it/s 25.7s<18.9s
[K      12/20      4.92G     0.7231     0.4729     0.8972         69       1024: 58% ━━━━━━╸───── 65/112 2.5it/s 26.1s<18.9s
[K      12/20      4.92G     0.7247     0.4724     0.8972        115       1024: 58% ━━━━━━━───── 66/112 2.6it/s 26.5s<18.0s
[K      12/20      4.92G     0.7214     0.4704     0.8959        157       1024: 59% ━━━━━━━───── 67/112 2.5it/s 26.9s<18.2s
[K      12/20      4.92G     0.7218     0.4725     0.8969         91       1024: 60% ━━━━━━━───── 68/112 2.6it/s 27.3s<17.1s
[K      12/20      4.92G     0.7194     0.4707     0.8958        178       1024: 61% ━━━━━━━───── 69/112 2.5it/s 27.7s<17.3s
[K      12/20      4.92G     0.7202      0.471      0.897        144       1024: 62% ━━━━━━━───── 70/112 2.6it/s 28.1s<16.4s
[K      12/20      4.92G     0.7173     0.4697     0.8955        165       1024: 63% ━━━━━━━╸──── 71/112 2.5it/s 28.5s<16.4s
[K      12/20      4.92G     0.7157     0.4698     0.8961        103       1024: 64% ━━━━━━━╸──── 72/112 2.6it/s 28.9s<15.6s
[K      12/20      4.92G     0.7178     0.4717     0.8964         85       1024: 65% ━━━━━━━╸──── 73/112 2.5it/s 29.3s<15.6s
[K      12/20      4.92G     0.7152     0.4698     0.8953        255       1024: 66% ━━━━━━━╸──── 74/112 2.6it/s 29.7s<14.9s
[K      12/20      4.92G     0.7178     0.4701     0.8957        149       1024: 66% ━━━━━━━━──── 75/112 2.5it/s 30.1s<15.0s
[K      12/20      4.92G     0.7185     0.4702     0.8953        275       1024: 67% ━━━━━━━━──── 76/112 2.6it/s 30.5s<14.1s
[K      12/20      4.92G     0.7176     0.4701     0.8949        129       1024: 68% ━━━━━━━━──── 77/112 2.5it/s 30.9s<14.1s
[K      12/20      4.92G     0.7146     0.4682     0.8937        179       1024: 69% ━━━━━━━━──── 78/112 2.6it/s 31.3s<13.1s
[K      12/20      4.92G     0.7138     0.4682     0.8936        117       1024: 70% ━━━━━━━━──── 79/112 2.5it/s 31.7s<13.1s
[K      12/20      4.92G     0.7161     0.4685     0.8944        151       1024: 71% ━━━━━━━━╸─── 80/112 2.6it/s 32.1s<12.4s
[K      12/20      4.92G     0.7171     0.4683     0.8948        205       1024: 72% ━━━━━━━━╸─── 81/112 2.5it/s 32.5s<12.3s
[K      12/20      4.92G     0.7175     0.4681     0.8952        124       1024: 73% ━━━━━━━━╸─── 82/112 2.6it/s 32.9s<11.6s
[K      12/20      4.92G     0.7161     0.4675     0.8946        121       1024: 74% ━━━━━━━━╸─── 83/112 2.5it/s 33.3s<11.6s
[K      12/20      4.92G      0.715      0.467     0.8942         96       1024: 75% ━━━━━━━━━─── 84/112 2.6it/s 33.6s<10.8s
[K      12/20      4.92G     0.7132     0.4667     0.8938         80       1024: 75% ━━━━━━━━━─── 85/112 2.5it/s 34.1s<10.7s
[K      12/20      4.92G     0.7152      0.468      0.895         92       1024: 76% ━━━━━━━━━─── 86/112 2.6it/s 34.4s<9.8s
[K      12/20      4.92G     0.7126     0.4666     0.8942        121       1024: 77% ━━━━━━━━━─── 87/112 2.6it/s 34.8s<9.8s
[K      12/20      4.92G     0.7106     0.4653     0.8932        157       1024: 78% ━━━━━━━━━─── 88/112 2.6it/s 35.2s<9.2s
[K      12/20      4.92G     0.7108     0.4667      0.894         46       1024: 79% ━━━━━━━━━╸── 89/112 2.6it/s 35.6s<8.8s
[K      12/20      4.92G     0.7131     0.4675     0.8941        311       1024: 80% ━━━━━━━━━╸── 90/112 2.7it/s 35.9s<8.3s
[K      12/20      4.92G     0.7136      0.467     0.8938        174       1024: 81% ━━━━━━━━━╸── 91/112 2.6it/s 36.4s<8.1s
[K      12/20      4.92G     0.7122      0.467     0.8938         72       1024: 82% ━━━━━━━━━╸── 92/112 2.7it/s 36.7s<7.4s
[K      12/20      4.92G     0.7111     0.4664     0.8936        129       1024: 83% ━━━━━━━━━╸── 93/112 2.6it/s 37.1s<7.2s
[K      12/20      4.92G     0.7121     0.4669     0.8945        119       1024: 83% ━━━━━━━━━━── 94/112 2.7it/s 37.5s<6.7s
[K      12/20      4.92G     0.7094     0.4654     0.8932        150       1024: 84% ━━━━━━━━━━── 95/112 2.6it/s 37.9s<6.5s
[K      12/20      4.92G     0.7131     0.4663     0.8933        323       1024: 85% ━━━━━━━━━━── 96/112 2.7it/s 38.2s<6.0s
[K      12/20      4.92G     0.7104     0.4648     0.8929        147       1024: 86% ━━━━━━━━━━── 97/112 2.6it/s 38.6s<5.7s
[K      12/20      4.92G     0.7078     0.4631     0.8919        188       1024: 87% ━━━━━━━━━━── 98/112 2.7it/s 39.0s<5.3s
[K      12/20      4.92G     0.7089     0.4636     0.8933         58       1024: 88% ━━━━━━━━━━╸─ 99/112 2.6it/s 39.4s<5.0s
[K      12/20      4.92G     0.7104     0.4641     0.8943        132       1024: 89% ━━━━━━━━━━╸─ 100/112 2.7it/s 39.7s<4.4s
[K      12/20      4.92G     0.7081     0.4629      0.894         91       1024: 90% ━━━━━━━━━━╸─ 101/112 2.6it/s 40.1s<4.2s
[K      12/20      4.92G     0.7063      0.462     0.8934        162       1024: 91% ━━━━━━━━━━╸─ 102/112 2.6it/s 40.5s<3.8s
[K      12/20      4.92G     0.7103      0.465      0.895        114       1024: 91% ━━━━━━━━━━━─ 103/112 2.6it/s 40.9s<3.5s
[K      12/20      4.92G     0.7101     0.4651     0.8956         45       1024: 92% ━━━━━━━━━━━─ 104/112 2.7it/s 41.3s<3.0s
[K      12/20      4.92G     0.7085     0.4642     0.8955        129       1024: 93% ━━━━━━━━━━━─ 105/112 2.6it/s 41.7s<2.7s
[K      12/20      4.92G     0.7108     0.4655     0.8959        203       1024: 94% ━━━━━━━━━━━─ 106/112 2.7it/s 42.1s<2.3s
[K      12/20      4.92G     0.7099     0.4665     0.8962         60       1024: 95% ━━━━━━━━━━━─ 107/112 2.6it/s 42.5s<1.9s
[K      12/20      4.92G     0.7095     0.4656     0.8956        238       1024: 96% ━━━━━━━━━━━╸ 108/112 2.6it/s 42.8s<1.5s
[K      12/20      4.92G     0.7121     0.4669      0.897         64       1024: 97% ━━━━━━━━━━━╸ 109/112 2.5it/s 43.3s<1.2s
[K      12/20      4.92G     0.7121     0.4663     0.8971        128       1024: 98% ━━━━━━━━━━━╸ 110/112 2.6it/s 43.6s<0.8s
[K      12/20      4.92G     0.7109     0.4657     0.8965        161       1024: 99% ━━━━━━━━━━━╸ 111/112 2.5it/s 44.0s<0.4s
[K      12/20      4.92G     0.7109     0.4657     0.8965        161       1024: 100% ━━━━━━━━━━━━ 112/112 2.5it/s 44.0s

[K                 Class     Images  Instances      Box(P          R      mAP50  mAP50-95): 50% ━━━━━━────── 1/2 3.8s/it 1.1s<3.8s
[K                 Class     Images  Instances      Box(P          R      mAP50  mAP50-95): 100% ━━━━━━━━━━━━ 2/2 1.7it/s 1.2s
                   all          9       1052      0.548      0.327      0.336      0.205
[2026-09-28T12:58:27.774304+00:00] TRAIN improved epoch 12/20: optimizer=728/1165, batches=112/112, loss=2.0731

      Epoch    GPU_mem   box_loss   cls_loss   dfl_loss  Instances       Size

[K      13/20      4.92G     0.6266     0.3784     0.8364        228       1024: 0% ──────────── 0/112  0.3s
[K      13/20      4.92G     0.6798     0.4291     0.9101        113       1024: 0% ──────────── 1/112 1.3s/it 0.7s<2:23
[K      13/20      4.92G     0.6483     0.4238     0.8977         66       1024: 1% ──────────── 2/112 1.3it/s 1.1s<1:26
[K      13/20      4.92G     0.6848     0.4299      0.894        218       1024: 2% ──────────── 3/112 1.6it/s 1.5s<1:07
[K      13/20      4.92G     0.6638     0.4249     0.8944        209       1024: 3% ──────────── 4/112 2.0it/s 1.9s<53.1s
[K      13/20      4.92G     0.6547     0.4276     0.8948         55       1024: 4% ╸─────────── 5/112 2.1it/s 2.3s<50.3s
[K      13/20      4.92G     0.6486     0.4194     0.8801        313       1024: 5% ╸─────────── 6/112 2.3it/s 2.7s<45.2s
[K      13/20      4.92G     0.6654      0.434     0.8791        210       1024: 6% ╸─────────── 7/112 2.4it/s 3.1s<44.6s
[K      13/20      4.92G      0.685     0.4833     0.9164         16       1024: 7% ╸─────────── 8/112 2.5it/s 3.4s<41.7s
[K      13/20      4.92G     0.6966     0.4826     0.9118        240       1024: 8% ╸─────────── 9/112 2.5it/s 3.8s<41.5s
[K      13/20      4.92G     0.7004     0.4812      0.917        108       1024: 8% ━─────────── 10/112 2.6it/s 4.2s<39.4s
[K      13/20      4.92G     0.6892     0.4765     0.9111        116       1024: 9% ━─────────── 11/112 2.5it/s 4.6s<39.8s
[K      13/20      4.92G     0.6901     0.4794     0.9129         58       1024: 10% ━─────────── 12/112 2.6it/s 5.0s<37.9s
[K      13/20      4.92G     0.6914     0.4791     0.9146        108       1024: 11% ━─────────── 13/112 2.6it/s 5.4s<38.6s
[K      13/20      4.92G     0.6805     0.4695     0.9074        198       1024: 12% ━─────────── 14/112 2.6it/s 5.7s<37.5s
[K      13/20      4.92G     0.6742     0.4629     0.9015        196       1024: 13% ━╸────────── 15/112 2.6it/s 6.1s<37.8s
[K      13/20      4.92G     0.6649     0.4584     0.8981         56       1024: 14% ━╸────────── 16/112 2.7it/s 6.5s<36.0s
[K      13/20      4.92G     0.6639      0.456     0.8974        111       1024: 15% ━╸────────── 17/112 2.6it/s 6.9s<36.5s
[K      13/20      4.92G     0.6584     0.4511     0.8946        114       1024: 16% ━╸────────── 18/112 2.7it/s 7.2s<34.9s
[K      13/20      4.92G      0.664     0.4522     0.8953        200       1024: 16% ━━────────── 19/112 2.6it/s 7.7s<35.7s
[K      13/20      4.92G     0.6568     0.4466     0.8903        198       1024: 17% ━━────────── 20/112 2.7it/s 8.0s<34.3s
[K      13/20      4.92G     0.6578      0.445     0.8882        328       1024: 18% ━━────────── 21/112 2.6it/s 8.4s<35.4s
[K      13/20      4.92G     0.6541     0.4412     0.8855        127       1024: 19% ━━────────── 22/112 2.6it/s 8.8s<34.0s
[K      13/20      4.92G     0.6453      0.436     0.8818        156       1024: 20% ━━────────── 23/112 2.6it/s 9.2s<34.7s
[K      13/20      4.92G     0.6467     0.4346     0.8816        234       1024: 21% ━━╸───────── 24/112 2.6it/s 9.6s<33.8s
[K      13/20      4.92G     0.6623     0.4408     0.8852        126       1024: 22% ━━╸───────── 25/112 2.5it/s 10.0s<34.3s
[K      13/20      4.92G      0.667     0.4431     0.8845        154       1024: 23% ━━╸───────── 26/112 2.6it/s 10.4s<32.5s
[K      13/20      4.92G      0.663     0.4395     0.8814        234       1024: 24% ━━╸───────── 27/112 2.5it/s 10.8s<33.4s
[K      13/20      4.92G     0.6633     0.4385       0.88        364       1024: 25% ━━━───────── 28/112 2.6it/s 11.1s<31.8s
[K      13/20      4.92G     0.6691     0.4416     0.8827        185       1024: 25% ━━━───────── 29/112 2.6it/s 11.6s<32.4s
[K      13/20      4.92G     0.6625     0.4377       0.88        146       1024: 26% ━━━───────── 30/112 2.6it/s 11.9s<31.4s
[K      13/20      4.92G     0.6627     0.4494     0.8844         23       1024: 27% ━━━───────── 31/112 2.6it/s 12.3s<31.8s
[K      13/20      4.92G     0.6842     0.4558     0.8852        110       1024: 28% ━━━───────── 32/112 2.6it/s 12.7s<30.6s
[K      13/20      4.92G     0.6886     0.4563     0.8854        274       1024: 29% ━━━╸──────── 33/112 2.5it/s 13.1s<31.1s
[K      13/20      4.92G     0.6864     0.4537     0.8861        141       1024: 30% ━━━╸──────── 34/112 2.7it/s 13.5s<29.4s
[K      13/20      4.92G     0.6789     0.4499     0.8834        154       1024: 31% ━━━╸──────── 35/112 2.6it/s 13.9s<29.9s
[K      13/20      4.92G     0.6726     0.4458     0.8809        141       1024: 32% ━━━╸──────── 36/112 2.7it/s 14.2s<28.6s
[K      13/20      4.92G     0.6741      0.445     0.8822        124       1024: 33% ━━━╸──────── 37/112 2.6it/s 14.7s<29.2s
[K      13/20      4.92G      0.686     0.4479     0.8889        101       1024: 33% ━━━━──────── 38/112 2.7it/s 15.0s<27.7s
[K      13/20      4.92G     0.6862     0.4464     0.8894        167       1024: 34% ━━━━──────── 39/112 2.6it/s 15.4s<28.3s
[K      13/20      4.92G     0.6847     0.4454     0.8894        117       1024: 35% ━━━━──────── 40/112 2.7it/s 15.8s<27.2s
[K      13/20      4.92G     0.6849      0.444     0.8874        318       1024: 36% ━━━━──────── 41/112 2.6it/s 16.2s<27.8s
[K      13/20      4.92G     0.6856     0.4426     0.8861        333       1024: 37% ━━━━──────── 42/112 2.6it/s 16.6s<26.7s
[K      13/20      4.92G     0.6839     0.4421     0.8861        102       1024: 38% ━━━━╸─────── 43/112 2.5it/s 17.0s<27.3s
[K      13/20      4.92G     0.6878     0.4436      0.888        165       1024: 39% ━━━━╸─────── 44/112 2.6it/s 17.4s<26.4s
[K      13/20      4.92G     0.6861     0.4418     0.8866        139       1024: 40% ━━━━╸─────── 45/112 2.5it/s 17.8s<27.1s
[K      13/20      4.92G     0.6824     0.4395     0.8851        166       1024: 41% ━━━━╸─────── 46/112 2.5it/s 18.2s<26.4s
[K      13/20      4.92G     0.6837     0.4393     0.8857        212       1024: 41% ━━━━━─────── 47/112 2.4it/s 18.7s<26.9s
[K      13/20      4.92G     0.6811     0.4369     0.8843        309       1024: 42% ━━━━━─────── 48/112 2.5it/s 19.0s<25.3s
[K      13/20      4.92G     0.6806     0.4368     0.8833        172       1024: 43% ━━━━━─────── 49/112 2.5it/s 19.5s<25.6s
[K      13/20      4.92G     0.6811     0.4367     0.8826        239       1024: 44% ━━━━━─────── 50/112 2.5it/s 19.8s<24.4s
[K      13/20      4.92G     0.6788     0.4346     0.8816        239       1024: 45% ━━━━━─────── 51/112 2.5it/s 20.3s<24.7s
[K      13/20      4.92G     0.6793     0.4361      0.883         65       1024: 46% ━━━━━╸────── 52/112 2.5it/s 20.6s<23.6s
[K      13/20      4.92G     0.6759     0.4342     0.8818        200       1024: 47% ━━━━━╸────── 53/112 2.5it/s 21.1s<24.0s
[K      13/20      4.92G     0.6715     0.4319     0.8801        154       1024: 48% ━━━━━╸────── 54/112 2.6it/s 21.4s<22.7s
[K      13/20      4.92G     0.6778     0.4348     0.8796        282       1024: 49% ━━━━━╸────── 55/112 2.5it/s 21.9s<23.2s
[K      13/20      4.92G      0.675     0.4329     0.8785        320       1024: 50% ━━━━━━────── 56/112 2.6it/s 22.2s<21.7s
[K      13/20      4.92G      0.673     0.4314     0.8776        160       1024: 50% ━━━━━━────── 57/112 2.5it/s 22.7s<22.0s
[K      13/20      4.92G     0.6685     0.4291     0.8758        147       1024: 51% ━━━━━━────── 58/112 2.6it/s 23.0s<20.9s
[K      13/20      4.92G     0.6664     0.4296     0.8762         66       1024: 52% ━━━━━━────── 59/112 2.5it/s 23.4s<21.0s
[K      13/20      4.92G     0.6675     0.4309     0.8774        119       1024: 53% ━━━━━━────── 60/112 2.6it/s 23.8s<20.1s
[K      13/20      4.92G     0.6636     0.4286     0.8756        172       1024: 54% ━━━━━━╸───── 61/112 2.5it/s 24.2s<20.2s
[K      13/20      4.92G     0.6633     0.4289     0.8766         96       1024: 55% ━━━━━━╸───── 62/112 2.6it/s 24.6s<19.0s
[K      13/20      4.92G     0.6649     0.4296     0.8776        147       1024: 56% ━━━━━━╸───── 63/112 2.6it/s 25.0s<18.9s
[K      13/20      4.92G     0.6625      0.428     0.8766        227       1024: 57% ━━━━━━╸───── 64/112 2.7it/s 25.3s<17.9s
[K      13/20      4.92G     0.6689     0.4331     0.8776        129       1024: 58% ━━━━━━╸───── 65/112 2.6it/s 25.7s<18.3s
[K      13/20      4.92G     0.6693     0.4329     0.8774        245       1024: 58% ━━━━━━━───── 66/112 2.7it/s 26.1s<17.2s
[K      13/20      4.92G     0.6674      0.432     0.8774        156       1024: 59% ━━━━━━━───── 67/112 2.6it/s 26.5s<17.5s
[K      13/20      4.92G     0.6657     0.4312     0.8774         97       1024: 60% ━━━━━━━───── 68/112 2.6it/s 26.9s<16.8s
[K      13/20      4.92G     0.6677     0.4321     0.8773        145       1024: 61% ━━━━━━━───── 69/112 2.5it/s 27.3s<17.0s
[K      13/20      4.92G     0.6667     0.4312     0.8771        196       1024: 62% ━━━━━━━───── 70/112 2.6it/s 27.7s<16.1s
[K      13/20      4.92G      0.671     0.4354     0.8812         38       1024: 63% ━━━━━━━╸──── 71/112 2.5it/s 28.1s<16.2s
[K      13/20      4.92G     0.6714     0.4353     0.8804        112       1024: 64% ━━━━━━━╸──── 72/112 2.6it/s 28.4s<15.1s
[K      13/20      4.92G     0.6703      0.435     0.8797        200       1024: 65% ━━━━━━━╸──── 73/112 2.6it/s 28.9s<15.2s
[K      13/20      4.92G     0.6717      0.436     0.8804         42       1024: 66% ━━━━━━━╸──── 74/112 2.6it/s 29.2s<14.4s
[K      13/20      4.92G     0.6703      0.436     0.8813         73       1024: 66% ━━━━━━━━──── 75/112 2.6it/s 29.6s<14.3s
[K      13/20      4.92G     0.6678     0.4349      0.881        125       1024: 67% ━━━━━━━━──── 76/112 2.7it/s 30.0s<13.6s
[K      13/20      4.92G     0.6711     0.4356      0.881        136       1024: 68% ━━━━━━━━──── 77/112 2.6it/s 30.4s<13.6s
[K      13/20      4.92G     0.6759     0.4375     0.8814        180       1024: 69% ━━━━━━━━──── 78/112 2.6it/s 30.8s<12.9s
[K      13/20      4.92G     0.6746     0.4363     0.8808        164       1024: 70% ━━━━━━━━──── 79/112 2.5it/s 31.2s<13.0s
[K      13/20      4.92G     0.6731     0.4356     0.8809         62       1024: 71% ━━━━━━━━╸─── 80/112 2.6it/s 31.5s<12.1s
[K      13/20      4.92G     0.6725     0.4375     0.8817         21       1024: 72% ━━━━━━━━╸─── 81/112 2.6it/s 32.0s<12.1s
[K      13/20      4.92G     0.6732     0.4374     0.8821        288       1024: 73% ━━━━━━━━╸─── 82/112 2.6it/s 32.3s<11.4s
[K      13/20      4.92G      0.671     0.4363     0.8813        169       1024: 74% ━━━━━━━━╸─── 83/112 2.6it/s 32.7s<11.3s
[K      13/20      4.92G     0.6685     0.4349     0.8802        312       1024: 75% ━━━━━━━━━─── 84/112 2.6it/s 33.1s<10.7s
[K      13/20      4.92G     0.6681     0.4353     0.8814        110       1024: 75% ━━━━━━━━━─── 85/112 2.6it/s 33.5s<10.6s
[K      13/20      4.92G      0.668     0.4349     0.8816        195       1024: 76% ━━━━━━━━━─── 86/112 2.6it/s 33.9s<9.8s
[K      13/20      4.92G     0.6706     0.4367      0.883         62       1024: 77% ━━━━━━━━━─── 87/112 2.6it/s 34.3s<9.8s
[K      13/20      4.92G     0.6723      0.437     0.8828        212       1024: 78% ━━━━━━━━━─── 88/112 2.6it/s 34.6s<9.1s
[K      13/20      4.92G     0.6703     0.4362      0.882        117       1024: 79% ━━━━━━━━━╸── 89/112 2.6it/s 35.1s<8.9s
[K      13/20      4.92G     0.6695     0.4369     0.8811        302       1024: 80% ━━━━━━━━━╸── 90/112 2.7it/s 35.4s<8.2s
[K      13/20      4.92G     0.6696     0.4366     0.8814        103       1024: 81% ━━━━━━━━━╸── 91/112 2.6it/s 35.8s<8.1s
[K      13/20      4.92G     0.6671      0.436     0.8809         82       1024: 82% ━━━━━━━━━╸── 92/112 2.7it/s 36.2s<7.4s
[K      13/20      4.92G      0.667     0.4354     0.8812        154       1024: 83% ━━━━━━━━━╸── 93/112 2.6it/s 36.6s<7.4s
[K      13/20      4.92G     0.6685     0.4365     0.8823        146       1024: 83% ━━━━━━━━━━── 94/112 2.7it/s 36.9s<6.8s
[K      13/20      4.92G     0.6713     0.4434     0.8853         10       1024: 84% ━━━━━━━━━━── 95/112 2.6it/s 37.4s<6.6s
[K      13/20      4.92G     0.6686     0.4417     0.8841        179       1024: 85% ━━━━━━━━━━── 96/112 2.7it/s 37.7s<6.0s
[K      13/20      4.92G     0.6705     0.4424     0.8842        254       1024: 86% ━━━━━━━━━━── 97/112 2.6it/s 38.1s<5.8s
[K      13/20      4.92G     0.6727     0.4429     0.8857        140       1024: 87% ━━━━━━━━━━── 98/112 2.7it/s 38.5s<5.2s
[K      13/20      4.92G     0.6713     0.4418     0.8847        408       1024: 88% ━━━━━━━━━━╸─ 99/112 2.6it/s 38.9s<5.1s
[K      13/20      4.92G     0.6702     0.4409     0.8845        186       1024: 89% ━━━━━━━━━━╸─ 100/112 2.6it/s 39.3s<4.6s
[K      13/20      4.92G     0.6682     0.4399     0.8838        176       1024: 90% ━━━━━━━━━━╸─ 101/112 2.6it/s 39.7s<4.3s
[K      13/20      4.92G     0.6671     0.4387     0.8833        220       1024: 91% ━━━━━━━━━━╸─ 102/112 2.6it/s 40.0s<3.8s
[K      13/20      4.92G     0.6667     0.4381     0.8828        228       1024: 91% ━━━━━━━━━━━─ 103/112 2.6it/s 40.5s<3.5s
[K      13/20      4.92G     0.6695     0.4407      0.884         49       1024: 92% ━━━━━━━━━━━─ 104/112 2.7it/s 40.8s<3.0s
[K      13/20      4.92G     0.6693     0.4405     0.8838        257       1024: 93% ━━━━━━━━━━━─ 105/112 2.6it/s 41.2s<2.7s
[K      13/20      4.92G     0.6692       0.44     0.8842        137       1024: 94% ━━━━━━━━━━━─ 106/112 2.7it/s 41.6s<2.2s
[K      13/20      4.92G     0.6723     0.4419     0.8849        179       1024: 95% ━━━━━━━━━━━─ 107/112 2.6it/s 42.0s<1.9s
[K      13/20      4.92G     0.6713     0.4411     0.8843        234       1024: 96% ━━━━━━━━━━━╸ 108/112 2.7it/s 42.3s<1.5s
[K      13/20      4.92G     0.6697     0.4403      0.884        103       1024: 97% ━━━━━━━━━━━╸ 109/112 2.6it/s 42.8s<1.2s
[K      13/20      4.92G     0.6712     0.4409     0.8851         56       1024: 98% ━━━━━━━━━━━╸ 110/112 2.7it/s 43.1s<0.7s
[K      13/20      4.92G     0.6708     0.4402     0.8847        212       1024: 99% ━━━━━━━━━━━╸ 111/112 2.6it/s 43.5s<0.4s
[K      13/20      4.92G     0.6708     0.4402     0.8847        212       1024: 100% ━━━━━━━━━━━━ 112/112 2.6it/s 43.5s

[K                 Class     Images  Instances      Box(P          R      mAP50  mAP50-95): 50% ━━━━━━────── 1/2 3.4s/it 1.0s<3.4s
[K                 Class     Images  Instances      Box(P          R      mAP50  mAP50-95): 100% ━━━━━━━━━━━━ 2/2 1.9it/s 1.1s
                   all          9       1052      0.547      0.333      0.332      0.201
[2026-09-28T12:59:13.150182+00:00] TRAIN improved epoch 13/20: optimizer=784/1165, batches=112/112, loss=1.9958

      Epoch    GPU_mem   box_loss   cls_loss   dfl_loss  Instances       Size

[K      14/20      4.97G       0.91     0.5183     0.9317        163       1024: 0% ──────────── 0/112  0.3s
[K      14/20      4.97G     0.9649     0.5675     0.9189        154       1024: 0% ──────────── 1/112 1.4s/it 0.8s<2:32
[K      14/20      4.97G     0.9259      0.545     0.9261        125       1024: 1% ──────────── 2/112 1.3it/s 1.1s<1:25
[K      14/20      4.97G      0.895     0.5431     0.9216        103       1024: 2% ──────────── 3/112 1.6it/s 1.5s<1:07
[K      14/20      4.97G     0.8271     0.5102     0.9071        169       1024: 3% ──────────── 4/112 2.0it/s 1.9s<53.6s
[K      14/20      4.97G     0.7892      0.481     0.8942        262       1024: 4% ╸─────────── 5/112 2.1it/s 2.3s<51.4s
[K      14/20      4.97G     0.7886     0.4792     0.9024         68       1024: 5% ╸─────────── 6/112 2.3it/s 2.7s<45.2s
[K      14/20      4.97G     0.7902     0.4896     0.9078        155       1024: 6% ╸─────────── 7/112 2.3it/s 3.1s<44.8s
[K      14/20      4.97G      0.752     0.4697     0.8928        287       1024: 7% ╸─────────── 8/112 2.5it/s 3.5s<42.0s
[K      14/20      4.97G     0.7235     0.4536     0.8813        308       1024: 8% ╸─────────── 9/112 2.5it/s 3.9s<41.4s
[K      14/20      4.97G     0.7166     0.4524     0.8842         99       1024: 8% ━─────────── 10/112 2.6it/s 4.2s<38.6s
[K      14/20      4.97G     0.7107     0.4506     0.8869        106       1024: 9% ━─────────── 11/112 2.6it/s 4.6s<39.2s
[K      14/20      4.97G      0.704     0.4436     0.8883        142       1024: 10% ━─────────── 12/112 2.7it/s 5.0s<37.4s
[K      14/20      4.97G      0.684     0.4328     0.8814        292       1024: 11% ━─────────── 13/112 2.6it/s 5.4s<37.9s
[K      14/20      4.97G     0.6704     0.4255     0.8748        361       1024: 12% ━─────────── 14/112 2.7it/s 5.7s<36.5s
[K      14/20      4.97G      0.667     0.4227     0.8788        101       1024: 13% ━╸────────── 15/112 2.6it/s 6.1s<37.5s
[K      14/20      4.97G     0.6773     0.4231      0.888         97       1024: 14% ━╸────────── 16/112 2.7it/s 6.5s<35.9s
[K      14/20      4.97G     0.6765     0.4223     0.8854        152       1024: 15% ━╸────────── 17/112 2.6it/s 6.9s<36.7s
[K      14/20      4.97G     0.6721     0.4191     0.8829        277       1024: 16% ━╸────────── 18/112 2.6it/s 7.3s<35.6s
[K      14/20      4.97G     0.6568     0.4116     0.8768        197       1024: 16% ━━────────── 19/112 2.6it/s 7.7s<36.4s
[K      14/20      4.97G     0.6706     0.4161     0.8811        195       1024: 17% ━━────────── 20/112 2.6it/s 8.0s<34.8s
[K      14/20      4.97G     0.6703     0.4141     0.8795        223       1024: 18% ━━────────── 21/112 2.6it/s 8.5s<35.4s
[K      14/20      4.97G     0.6591     0.4097      0.878         70       1024: 19% ━━────────── 22/112 2.6it/s 8.8s<34.2s
[K      14/20      4.97G      0.654     0.4083     0.8781         85       1024: 20% ━━────────── 23/112 2.6it/s 9.2s<34.4s
[K      14/20      4.97G     0.6484     0.4048     0.8764        226       1024: 21% ━━╸───────── 24/112 2.7it/s 9.6s<32.5s
[K      14/20      4.97G     0.6396     0.4007     0.8728        224       1024: 22% ━━╸───────── 25/112 2.6it/s 10.0s<33.6s
[K      14/20      4.97G     0.6402     0.4009     0.8743        144       1024: 23% ━━╸───────── 26/112 2.7it/s 10.3s<32.0s
[K      14/20      4.97G     0.6372     0.4017     0.8752         97       1024: 24% ━━╸───────── 27/112 2.6it/s 10.7s<32.5s
[K      14/20      4.97G     0.6363     0.4013     0.8746        115       1024: 25% ━━━───────── 28/112 2.7it/s 11.1s<31.5s
[K      14/20      4.97G     0.6474      0.406     0.8761        305       1024: 25% ━━━───────── 29/112 2.6it/s 11.5s<32.1s
[K      14/20      4.97G     0.6499     0.4074      0.877        119       1024: 26% ━━━───────── 30/112 2.7it/s 11.9s<30.8s
[K      14/20      4.97G     0.6493     0.4058     0.8751        318       1024: 27% ━━━───────── 31/112 2.6it/s 12.3s<31.5s
[K      14/20      4.97G     0.6447     0.4036     0.8739        140       1024: 28% ━━━───────── 32/112 2.7it/s 12.6s<29.9s
[K      14/20      4.97G     0.6423     0.4015     0.8717        276       1024: 29% ━━━╸──────── 33/112 2.6it/s 13.0s<30.5s
[K      14/20      4.97G     0.6496     0.4074     0.8773         34       1024: 30% ━━━╸──────── 34/112 2.7it/s 13.4s<29.1s
[K      14/20      4.97G      0.648     0.4058     0.8763        141       1024: 31% ━━━╸──────── 35/112 2.6it/s 13.8s<29.6s
[K      14/20      4.97G     0.6436     0.4032     0.8735        176       1024: 32% ━━━╸──────── 36/112 2.6it/s 14.2s<28.7s
[K      14/20      4.97G     0.6498     0.4056     0.8778         82       1024: 33% ━━━╸──────── 37/112 2.6it/s 14.6s<29.0s
[K      14/20      4.97G     0.6502     0.4063     0.8787        144       1024: 33% ━━━━──────── 38/112 2.7it/s 14.9s<27.4s
[K      14/20      4.97G     0.6503     0.4086     0.8782        160       1024: 34% ━━━━──────── 39/112 2.6it/s 15.4s<28.4s
[K      14/20      4.97G     0.6444     0.4055     0.8757        189       1024: 35% ━━━━──────── 40/112 2.7it/s 15.7s<27.1s
[K      14/20      4.97G      0.648     0.4067     0.8786        139       1024: 36% ━━━━──────── 41/112 2.6it/s 16.1s<27.7s
[K      14/20      4.97G     0.6514     0.4066      0.881        106       1024: 37% ━━━━──────── 42/112 2.6it/s 16.5s<26.6s
[K      14/20      4.97G     0.6546     0.4076     0.8824        109       1024: 38% ━━━━╸─────── 43/112 2.5it/s 16.9s<27.1s
[K      14/20      4.97G     0.6485     0.4045       0.88        280       1024: 39% ━━━━╸─────── 44/112 2.7it/s 17.3s<25.6s
[K      14/20      4.97G     0.6515     0.4058     0.8795        245       1024: 40% ━━━━╸─────── 45/112 2.5it/s 17.7s<26.4s
[K      14/20      4.97G     0.6503     0.4051     0.8791         80       1024: 41% ━━━━╸─────── 46/112 2.7it/s 18.0s<24.8s
[K      14/20      4.97G     0.6471      0.405     0.8774         67       1024: 41% ━━━━━─────── 47/112 2.6it/s 18.5s<25.0s
[K      14/20      4.97G     0.6497     0.4049     0.8776         86       1024: 42% ━━━━━─────── 48/112 2.7it/s 18.8s<24.1s
[K      14/20      4.97G     0.6526     0.4061     0.8782        128       1024: 43% ━━━━━─────── 49/112 2.6it/s 19.2s<24.2s
[K      14/20      4.97G     0.6523     0.4059     0.8786        207       1024: 44% ━━━━━─────── 50/112 2.7it/s 19.5s<22.8s
[K      14/20      4.97G      0.655     0.4061       0.88        207       1024: 45% ━━━━━─────── 51/112 2.6it/s 20.0s<23.4s
[K      14/20      4.97G     0.6502     0.4036     0.8781        306       1024: 46% ━━━━━╸────── 52/112 2.7it/s 20.3s<22.2s
[K      14/20      4.97G     0.6477     0.4017     0.8772        193       1024: 47% ━━━━━╸────── 53/112 2.6it/s 20.7s<22.7s
[K      14/20      4.97G     0.6471     0.4015      0.877        101       1024: 48% ━━━━━╸────── 54/112 2.7it/s 21.1s<21.8s
[K      14/20      4.97G     0.6461     0.4014     0.8759        339       1024: 49% ━━━━━╸────── 55/112 2.6it/s 21.5s<22.3s
[K      14/20      4.97G     0.6457     0.4003     0.8747        378       1024: 50% ━━━━━━────── 56/112 2.6it/s 21.9s<21.4s
[K      14/20      4.97G     0.6479     0.4024     0.8748        263       1024: 50% ━━━━━━────── 57/112 2.5it/s 22.3s<21.7s
[K      14/20      4.97G     0.6478     0.4017     0.8745        252       1024: 51% ━━━━━━────── 58/112 2.6it/s 22.7s<20.9s
[K      14/20      4.97G     0.6508     0.4041     0.8777         45       1024: 52% ━━━━━━────── 59/112 2.4it/s 23.2s<21.6s
[K      14/20      4.97G     0.6527      0.405     0.8773        391       1024: 53% ━━━━━━────── 60/112 2.5it/s 23.5s<20.8s
[K      14/20      4.97G     0.6508     0.4038     0.8759        281       1024: 54% ━━━━━━╸───── 61/112 2.5it/s 24.0s<20.7s
[K      14/20      4.97G     0.6556     0.4062     0.8769        162       1024: 55% ━━━━━━╸───── 62/112 2.6it/s 24.3s<19.5s
[K      14/20      4.97G     0.6559     0.4063     0.8775        112       1024: 56% ━━━━━━╸───── 63/112 2.5it/s 24.7s<19.5s
[K      14/20      4.97G     0.6573      0.408     0.8795         41       1024: 57% ━━━━━━╸───── 64/112 2.6it/s 25.1s<18.4s
[K      14/20      4.97G     0.6553     0.4069      0.879        163       1024: 58% ━━━━━━╸───── 65/112 2.6it/s 25.5s<18.4s
[K      14/20      4.97G     0.6516     0.4052     0.8777        140       1024: 58% ━━━━━━━───── 66/112 2.7it/s 25.8s<17.3s
[K      14/20      4.97G     0.6545     0.4059     0.8791        107       1024: 59% ━━━━━━━───── 67/112 2.6it/s 26.3s<17.6s
[K      14/20      4.97G     0.6584     0.4071     0.8816        127       1024: 60% ━━━━━━━───── 68/112 2.7it/s 26.6s<16.4s
[K      14/20      4.97G     0.6592      0.407     0.8811        163       1024: 61% ━━━━━━━───── 69/112 2.6it/s 27.0s<16.5s
[K      14/20      4.97G     0.6582     0.4068     0.8813        113       1024: 62% ━━━━━━━───── 70/112 2.7it/s 27.4s<15.7s
[K      14/20      4.97G     0.6585     0.4075     0.8818         68       1024: 63% ━━━━━━━╸──── 71/112 2.6it/s 27.8s<15.9s
[K      14/20      4.97G     0.6571      0.407     0.8816        110       1024: 64% ━━━━━━━╸──── 72/112 2.7it/s 28.1s<15.0s
[K      14/20      4.97G     0.6589     0.4087     0.8833         51       1024: 65% ━━━━━━━╸──── 73/112 2.6it/s 28.6s<15.1s
[K      14/20      4.97G     0.6618     0.4098     0.8845         93       1024: 66% ━━━━━━━╸──── 74/112 2.7it/s 28.9s<14.2s
[K      14/20      4.97G      0.665     0.4114     0.8864         87       1024: 66% ━━━━━━━━──── 75/112 2.6it/s 29.3s<14.3s
[K      14/20      4.97G     0.6656     0.4112      0.887        198       1024: 67% ━━━━━━━━──── 76/112 2.7it/s 29.7s<13.5s
[K      14/20      4.97G     0.6645     0.4104     0.8866        245       1024: 68% ━━━━━━━━──── 77/112 2.6it/s 30.1s<13.5s
[K      14/20      4.97G      0.663     0.4095     0.8855        249       1024: 69% ━━━━━━━━──── 78/112 2.7it/s 30.4s<12.8s
[K      14/20      4.97G     0.6616     0.4087     0.8846        324       1024: 70% ━━━━━━━━──── 79/112 2.6it/s 30.9s<12.8s
[K      14/20      4.97G     0.6626     0.4088     0.8842        275       1024: 71% ━━━━━━━━╸─── 80/112 2.7it/s 31.2s<12.0s
[K      14/20      4.97G     0.6634     0.4088     0.8845        152       1024: 72% ━━━━━━━━╸─── 81/112 2.6it/s 31.6s<12.0s
[K      14/20      4.97G     0.6604     0.4076     0.8833        194       1024: 73% ━━━━━━━━╸─── 82/112 2.7it/s 32.0s<11.3s
[K      14/20      4.97G     0.6621     0.4112     0.8865         31       1024: 74% ━━━━━━━━╸─── 83/112 2.6it/s 32.4s<11.2s
[K      14/20      4.97G     0.6621     0.4114     0.8868        180       1024: 75% ━━━━━━━━━─── 84/112 2.7it/s 32.7s<10.4s
[K      14/20      4.97G     0.6598     0.4104     0.8866         92       1024: 75% ━━━━━━━━━─── 85/112 2.6it/s 33.2s<10.3s
[K      14/20      4.97G     0.6606     0.4102     0.8869        145       1024: 76% ━━━━━━━━━─── 86/112 2.7it/s 33.5s<9.6s
[K      14/20      4.97G     0.6643     0.4122     0.8879        134       1024: 77% ━━━━━━━━━─── 87/112 2.6it/s 33.9s<9.5s
[K      14/20      4.97G     0.6642     0.4123     0.8875        111       1024: 78% ━━━━━━━━━─── 88/112 2.7it/s 34.2s<8.8s
[K      14/20      4.97G     0.6635     0.4121     0.8874        194       1024: 79% ━━━━━━━━━╸── 89/112 2.6it/s 34.7s<8.8s
[K      14/20      4.97G     0.6628     0.4114     0.8868        245       1024: 80% ━━━━━━━━━╸── 90/112 2.7it/s 35.0s<8.1s
[K      14/20      4.97G     0.6627      0.412     0.8867         72       1024: 81% ━━━━━━━━━╸── 91/112 2.6it/s 35.4s<8.0s
[K      14/20      4.97G     0.6622     0.4115     0.8863        125       1024: 82% ━━━━━━━━━╸── 92/112 2.7it/s 35.8s<7.3s
[K      14/20      4.97G     0.6607     0.4104     0.8857        265       1024: 83% ━━━━━━━━━╸── 93/112 2.6it/s 36.2s<7.2s
[K      14/20      5.29G     0.6659     0.4129     0.8858        600       1024: 83% ━━━━━━━━━━── 94/112 2.6it/s 36.6s<7.0s
[K      14/20      5.29G     0.6671     0.4135      0.886        301       1024: 84% ━━━━━━━━━━── 95/112 2.5it/s 37.0s<6.8s
[K      14/20      5.29G     0.6681     0.4136     0.8864         65       1024: 85% ━━━━━━━━━━── 96/112 2.6it/s 37.4s<6.2s
[K      14/20      5.29G     0.6705     0.4149     0.8863        161       1024: 86% ━━━━━━━━━━── 97/112 2.5it/s 37.8s<5.9s
[K      14/20      5.29G     0.6688     0.4139     0.8856        208       1024: 87% ━━━━━━━━━━── 98/112 2.6it/s 38.1s<5.3s
[K      14/20      5.29G     0.6722     0.4156     0.8868        107       1024: 88% ━━━━━━━━━━╸─ 99/112 2.6it/s 38.5s<5.1s
[K      14/20      5.29G     0.6723     0.4159     0.8867        369       1024: 89% ━━━━━━━━━━╸─ 100/112 2.7it/s 38.9s<4.5s
[K      14/20      5.29G     0.6747     0.4179     0.8872        190       1024: 90% ━━━━━━━━━━╸─ 101/112 2.6it/s 39.3s<4.3s
[K      14/20      5.29G     0.6748     0.4186     0.8877         78       1024: 91% ━━━━━━━━━━╸─ 102/112 2.7it/s 39.7s<3.7s
[K      14/20      5.29G     0.6732     0.4177      0.887        244       1024: 91% ━━━━━━━━━━━─ 103/112 2.6it/s 40.1s<3.5s
[K      14/20      5.29G     0.6793     0.4205     0.8874        274       1024: 92% ━━━━━━━━━━━─ 104/112 2.6it/s 40.5s<3.1s
[K      14/20      5.29G     0.6806      0.421     0.8881        127       1024: 93% ━━━━━━━━━━━─ 105/112 2.5it/s 40.9s<2.8s
[K      14/20      5.29G     0.6824     0.4217     0.8877        173       1024: 94% ━━━━━━━━━━━─ 106/112 2.6it/s 41.2s<2.3s
[K      14/20      5.29G     0.6821     0.4214     0.8872        290       1024: 95% ━━━━━━━━━━━─ 107/112 2.5it/s 41.6s<2.0s
[K      14/20      5.29G     0.6837     0.4223     0.8879         62       1024: 96% ━━━━━━━━━━━╸ 108/112 2.7it/s 42.0s<1.5s
[K      14/20      5.29G     0.6852     0.4222     0.8879        156       1024: 97% ━━━━━━━━━━━╸ 109/112 2.6it/s 42.4s<1.2s
[K      14/20      5.29G     0.6835     0.4215     0.8875        130       1024: 98% ━━━━━━━━━━━╸ 110/112 2.7it/s 42.7s<0.7s
[K      14/20      5.29G     0.6834      0.421     0.8872        317       1024: 99% ━━━━━━━━━━━╸ 111/112 2.6it/s 43.2s<0.4s
[K      14/20      5.29G     0.6834      0.421     0.8872        317       1024: 100% ━━━━━━━━━━━━ 112/112 2.6it/s 43.2s

[K                 Class     Images  Instances      Box(P          R      mAP50  mAP50-95): 50% ━━━━━━────── 1/2 3.4s/it 1.0s<3.4s
[K                 Class     Images  Instances      Box(P          R      mAP50  mAP50-95): 100% ━━━━━━━━━━━━ 2/2 1.9it/s 1.0s
                   all          9       1052      0.534      0.373      0.342      0.209
[2026-09-28T12:59:58.288436+00:00] TRAIN improved epoch 14/20: optimizer=840/1165, batches=112/112, loss=1.9915

      Epoch    GPU_mem   box_loss   cls_loss   dfl_loss  Instances       Size

[K      15/20      4.96G      0.806     0.4136      0.978        116       1024: 0% ──────────── 0/112  0.3s
[K      15/20      5.17G      1.024     0.5351     0.9519        411       1024: 0% ──────────── 1/112 1.5s/it 0.8s<2:41
[K      15/20      5.17G     0.8561     0.4815     0.9179        113       1024: 1% ──────────── 2/112 1.3it/s 1.2s<1:28
[K      15/20      5.17G     0.7488      0.446     0.8939         83       1024: 2% ──────────── 3/112 1.6it/s 1.6s<1:07
[K      15/20      5.17G     0.7094     0.4305      0.882        138       1024: 3% ──────────── 4/112 2.0it/s 1.9s<55.1s
[K      15/20      5.17G     0.7106     0.4431     0.8913        104       1024: 4% ╸─────────── 5/112 2.1it/s 2.4s<51.1s
[K      15/20      5.17G     0.6802     0.4246     0.8847        157       1024: 5% ╸─────────── 6/112 2.4it/s 2.7s<44.4s
[K      15/20      5.17G     0.6691     0.4203     0.8751        144       1024: 6% ╸─────────── 7/112 2.4it/s 3.1s<44.2s
[K      15/20      5.17G     0.6708      0.423     0.8738        139       1024: 7% ╸─────────── 8/112 2.5it/s 3.4s<40.8s
[K      15/20      5.17G     0.6627      0.417     0.8666        260       1024: 8% ╸─────────── 9/112 2.5it/s 3.9s<41.3s
[K      15/20      5.17G      0.649      0.407     0.8625        188       1024: 8% ━─────────── 10/112 2.6it/s 4.2s<39.2s
[K      15/20      5.17G     0.6861     0.4443     0.8704        192       1024: 9% ━─────────── 11/112 2.5it/s 4.6s<39.7s
[K      15/20      5.17G     0.6672     0.4324     0.8641        222       1024: 10% ━─────────── 12/112 2.7it/s 5.0s<37.7s
[K      15/20      5.17G     0.6761     0.4354     0.8661        328       1024: 11% ━─────────── 13/112 2.6it/s 5.4s<38.7s
[K      15/20      5.17G     0.6582     0.4281     0.8627         33       1024: 12% ━─────────── 14/112 2.7it/s 5.7s<36.1s
[K      15/20      5.17G     0.6652     0.4314      0.864        116       1024: 13% ━╸────────── 15/112 2.6it/s 6.1s<36.9s
[K      15/20      5.17G     0.6709     0.4286     0.8642        133       1024: 14% ━╸────────── 16/112 2.7it/s 6.5s<35.5s
[K      15/20      5.17G     0.6741     0.4275     0.8683        171       1024: 15% ━╸────────── 17/112 2.6it/s 6.9s<36.2s
[K      15/20      5.17G     0.6626      0.422      0.866        160       1024: 16% ━╸────────── 18/112 2.7it/s 7.2s<35.0s
[K      15/20      5.17G     0.6636     0.4235     0.8634         79       1024: 16% ━━────────── 19/112 2.6it/s 7.7s<35.9s
[K      15/20      5.17G     0.6661     0.4233     0.8666        113       1024: 17% ━━────────── 20/112 2.7it/s 8.0s<34.2s
[K      15/20      5.17G     0.6817     0.4347     0.8732         80       1024: 18% ━━────────── 21/112 2.6it/s 8.4s<35.0s
[K      15/20      5.17G      0.681     0.4321     0.8716        252       1024: 19% ━━────────── 22/112 2.7it/s 8.8s<33.9s
[K      15/20      5.17G     0.6745     0.4293     0.8697        210       1024: 20% ━━────────── 23/112 2.6it/s 9.2s<34.3s
[K      15/20      5.17G     0.6759     0.4307     0.8689        141       1024: 21% ━━╸───────── 24/112 2.7it/s 9.5s<32.6s
[K      15/20      5.17G      0.672     0.4276     0.8696        129       1024: 22% ━━╸───────── 25/112 2.6it/s 9.9s<33.1s
[K      15/20      5.17G     0.6713     0.4253     0.8704        207       1024: 23% ━━╸───────── 26/112 2.7it/s 10.3s<31.8s
[K      15/20      5.17G     0.6716     0.4245     0.8697        204       1024: 24% ━━╸───────── 27/112 2.6it/s 10.7s<32.3s
[K      15/20      5.17G     0.6754     0.4249     0.8677        260       1024: 25% ━━━───────── 28/112 2.7it/s 11.0s<31.0s
[K      15/20      5.17G      0.673     0.4221     0.8678        218       1024: 25% ━━━───────── 29/112 2.6it/s 11.5s<32.0s
[K      15/20      5.17G     0.6716     0.4219     0.8666        173       1024: 26% ━━━───────── 30/112 2.7it/s 11.8s<30.6s
[K      15/20      5.17G     0.6849     0.4349     0.8737         20       1024: 27% ━━━───────── 31/112 2.6it/s 12.2s<31.0s
[K      15/20      5.17G      0.687     0.4354     0.8754         96       1024: 28% ━━━───────── 32/112 2.7it/s 12.6s<30.0s
[K      15/20      5.17G     0.6843      0.434     0.8755         75       1024: 29% ━━━╸──────── 33/112 2.6it/s 13.0s<30.1s
[K      15/20      5.17G     0.6844     0.4345     0.8763         61       1024: 30% ━━━╸──────── 34/112 2.7it/s 13.3s<28.4s
[K      15/20      5.17G     0.6798     0.4323     0.8747        135       1024: 31% ━━━╸──────── 35/112 2.6it/s 13.7s<29.1s
[K      15/20      5.17G     0.6762      0.433     0.8757         97       1024: 32% ━━━╸──────── 36/112 2.7it/s 14.1s<28.0s
[K      15/20      5.17G     0.6757     0.4317     0.8754        163       1024: 33% ━━━╸──────── 37/112 2.7it/s 14.5s<28.3s
[K      15/20      5.17G     0.6713     0.4297     0.8748        113       1024: 33% ━━━━──────── 38/112 2.7it/s 14.8s<26.9s
[K      15/20      5.17G     0.6662     0.4266     0.8738        112       1024: 34% ━━━━──────── 39/112 2.6it/s 15.2s<27.7s
[K      15/20      5.17G     0.6613     0.4236     0.8729        114       1024: 35% ━━━━──────── 40/112 2.7it/s 15.6s<26.5s
[K      15/20      5.17G     0.6562     0.4202     0.8721        148       1024: 36% ━━━━──────── 41/112 2.6it/s 16.0s<26.8s
[K      15/20      5.17G     0.6629     0.4299     0.8786         50       1024: 37% ━━━━──────── 42/112 2.7it/s 16.3s<25.7s
[K      15/20      5.17G     0.6612      0.428     0.8766        426       1024: 38% ━━━━╸─────── 43/112 2.6it/s 16.7s<26.2s
[K      15/20      5.17G     0.6637     0.4284     0.8772         99       1024: 39% ━━━━╸─────── 44/112 2.7it/s 17.1s<25.1s
[K      15/20      5.17G      0.658     0.4254     0.8747        214       1024: 40% ━━━━╸─────── 45/112 2.6it/s 17.5s<25.4s
[K      15/20      5.17G      0.658     0.4242     0.8739        165       1024: 41% ━━━━╸─────── 46/112 2.7it/s 17.8s<24.7s
[K      15/20      5.17G     0.6586     0.4235     0.8735        309       1024: 41% ━━━━━─────── 47/112 2.6it/s 18.3s<25.2s
[K      15/20      5.17G     0.6545     0.4219     0.8731         84       1024: 42% ━━━━━─────── 48/112 2.7it/s 18.6s<24.0s
[K      15/20      5.17G      0.652     0.4197     0.8727        229       1024: 43% ━━━━━─────── 49/112 2.6it/s 19.0s<24.3s
[K      15/20      5.17G     0.6484     0.4171     0.8711        281       1024: 44% ━━━━━─────── 50/112 2.7it/s 19.4s<23.1s
[K      15/20      5.17G     0.6495     0.4179      0.873         56       1024: 45% ━━━━━─────── 51/112 2.6it/s 19.8s<23.4s
[K      15/20      5.17G     0.6514     0.4188     0.8736        124       1024: 46% ━━━━━╸────── 52/112 2.7it/s 20.2s<22.6s
[K      15/20      5.17G     0.6588     0.4263     0.8774         41       1024: 47% ━━━━━╸────── 53/112 2.6it/s 20.6s<22.8s
[K      15/20      5.17G     0.6564     0.4248     0.8766        254       1024: 48% ━━━━━╸────── 54/112 2.7it/s 20.9s<21.7s
[K      15/20      5.17G     0.6538     0.4242      0.876         65       1024: 49% ━━━━━╸────── 55/112 2.6it/s 21.4s<22.3s
[K      15/20      5.17G     0.6547     0.4237      0.876        147       1024: 50% ━━━━━━────── 56/112 2.6it/s 21.7s<21.2s
[K      15/20      5.17G     0.6509     0.4216     0.8745        238       1024: 50% ━━━━━━────── 57/112 2.6it/s 22.1s<21.4s
[K      15/20      5.17G     0.6509     0.4209     0.8743        197       1024: 51% ━━━━━━────── 58/112 2.7it/s 22.5s<20.3s
[K      15/20      5.17G     0.6538     0.4225     0.8741        416       1024: 52% ━━━━━━────── 59/112 2.6it/s 22.9s<20.6s
[K      15/20      5.17G     0.6498     0.4206     0.8734        114       1024: 53% ━━━━━━────── 60/112 2.7it/s 23.2s<19.2s
[K      15/20      5.17G     0.6535     0.4221     0.8744        210       1024: 54% ━━━━━━╸───── 61/112 2.6it/s 23.6s<19.6s
[K      15/20      5.17G      0.651     0.4208     0.8732        140       1024: 55% ━━━━━━╸───── 62/112 2.7it/s 24.0s<18.6s
[K      15/20      5.17G     0.6494     0.4199     0.8736         95       1024: 56% ━━━━━━╸───── 63/112 2.6it/s 24.4s<18.7s
[K      15/20      5.17G     0.6508     0.4205     0.8745         75       1024: 57% ━━━━━━╸───── 64/112 2.7it/s 24.7s<17.8s
[K      15/20      5.17G     0.6542     0.4232     0.8757         93       1024: 58% ━━━━━━╸───── 65/112 2.6it/s 25.2s<18.0s
[K      15/20      5.17G      0.652     0.4215     0.8752        115       1024: 58% ━━━━━━━───── 66/112 2.7it/s 25.5s<16.9s
[K      15/20      5.17G     0.6543     0.4225     0.8763        119       1024: 59% ━━━━━━━───── 67/112 2.6it/s 25.9s<17.2s
[K      15/20      5.17G     0.6507     0.4206     0.8746        141       1024: 60% ━━━━━━━───── 68/112 2.7it/s 26.3s<16.3s
[K      15/20      5.17G     0.6552     0.4219      0.875        305       1024: 61% ━━━━━━━───── 69/112 2.6it/s 26.7s<16.6s
[K      15/20      5.17G     0.6577     0.4227     0.8748         99       1024: 62% ━━━━━━━───── 70/112 2.7it/s 27.0s<15.7s
[K      15/20      5.17G     0.6564     0.4216     0.8739        254       1024: 63% ━━━━━━━╸──── 71/112 2.6it/s 27.5s<15.9s
[K      15/20      5.17G     0.6571     0.4254     0.8763         34       1024: 64% ━━━━━━━╸──── 72/112 2.7it/s 27.8s<14.9s
[K      15/20      5.17G     0.6535     0.4234     0.8756        146       1024: 65% ━━━━━━━╸──── 73/112 2.6it/s 28.2s<14.8s
[K      15/20      5.17G     0.6527     0.4224     0.8751        379       1024: 66% ━━━━━━━╸──── 74/112 2.7it/s 28.6s<14.3s
[K      15/20      5.17G     0.6514     0.4212     0.8751        158       1024: 66% ━━━━━━━━──── 75/112 2.6it/s 29.0s<14.2s
[K      15/20      5.17G     0.6524      0.421     0.8747        136       1024: 67% ━━━━━━━━──── 76/112 2.7it/s 29.3s<13.3s
[K      15/20      5.17G      0.655     0.4214     0.8758        108       1024: 68% ━━━━━━━━──── 77/112 2.6it/s 29.7s<13.5s
[K      15/20      5.17G     0.6542     0.4207     0.8749        339       1024: 69% ━━━━━━━━──── 78/112 2.7it/s 30.1s<12.8s
[K      15/20      5.17G     0.6545     0.4204     0.8745        122       1024: 70% ━━━━━━━━──── 79/112 2.6it/s 30.5s<12.7s
[K      15/20      5.17G     0.6533     0.4194     0.8737        355       1024: 71% ━━━━━━━━╸─── 80/112 2.7it/s 30.8s<11.9s
[K      15/20      5.17G     0.6531     0.4194     0.8749         73       1024: 72% ━━━━━━━━╸─── 81/112 2.6it/s 31.3s<12.0s
[K      15/20      5.17G     0.6518     0.4187     0.8751         68       1024: 73% ━━━━━━━━╸─── 82/112 2.7it/s 31.6s<11.0s
[K      15/20      5.17G     0.6489     0.4171     0.8741        279       1024: 74% ━━━━━━━━╸─── 83/112 2.6it/s 32.0s<11.1s
[K      15/20      5.17G      0.648     0.4163     0.8745        121       1024: 75% ━━━━━━━━━─── 84/112 2.7it/s 32.4s<10.3s
[K      15/20      5.17G     0.6454     0.4153     0.8742        101       1024: 75% ━━━━━━━━━─── 85/112 2.6it/s 32.8s<10.2s
[K      15/20      5.17G     0.6437     0.4142     0.8744         97       1024: 76% ━━━━━━━━━─── 86/112 2.7it/s 33.1s<9.5s
[K      15/20      5.17G     0.6453     0.4151     0.8751         95       1024: 77% ━━━━━━━━━─── 87/112 2.6it/s 33.5s<9.5s
[K      15/20      5.17G     0.6472     0.4157     0.8756        170       1024: 78% ━━━━━━━━━─── 88/112 2.7it/s 33.9s<8.9s
[K      15/20      5.17G     0.6477     0.4157     0.8761         64       1024: 79% ━━━━━━━━━╸── 89/112 2.6it/s 34.3s<8.9s
[K      15/20      5.17G     0.6451     0.4143     0.8761        140       1024: 80% ━━━━━━━━━╸── 90/112 2.7it/s 34.6s<8.0s
[K      15/20      5.17G     0.6459     0.4143     0.8767        113       1024: 81% ━━━━━━━━━╸── 91/112 2.6it/s 35.0s<8.0s
[K      15/20      5.17G     0.6473     0.4147     0.8771        119       1024: 82% ━━━━━━━━━╸── 92/112 2.7it/s 35.4s<7.4s
[K      15/20      5.17G      0.648     0.4142     0.8776        216       1024: 83% ━━━━━━━━━╸── 93/112 2.6it/s 35.8s<7.3s
[K      15/20      5.17G      0.647     0.4132     0.8774        173       1024: 83% ━━━━━━━━━━── 94/112 2.7it/s 36.2s<6.7s
[K      15/20      5.17G     0.6469     0.4129     0.8781        102       1024: 84% ━━━━━━━━━━── 95/112 2.6it/s 36.6s<6.5s
[K      15/20      5.17G     0.6479     0.4137     0.8785        152       1024: 85% ━━━━━━━━━━── 96/112 2.7it/s 36.9s<5.9s
[K      15/20      5.17G     0.6502     0.4142       0.88        119       1024: 86% ━━━━━━━━━━── 97/112 2.6it/s 37.3s<5.7s
[K      15/20      5.17G     0.6508     0.4165      0.881         54       1024: 87% ━━━━━━━━━━── 98/112 2.7it/s 37.7s<5.2s
[K      15/20      5.17G     0.6505     0.4161     0.8805        194       1024: 88% ━━━━━━━━━━╸─ 99/112 2.6it/s 38.1s<5.0s
[K      15/20      5.17G     0.6482     0.4149     0.8802         71       1024: 89% ━━━━━━━━━━╸─ 100/112 2.7it/s 38.4s<4.4s
[K      15/20      5.17G     0.6503     0.4151     0.8802        304       1024: 90% ━━━━━━━━━━╸─ 101/112 2.6it/s 38.9s<4.2s
[K      15/20      5.17G     0.6512     0.4154     0.8804        142       1024: 91% ━━━━━━━━━━╸─ 102/112 2.7it/s 39.2s<3.7s
[K      15/20      5.17G     0.6525     0.4154     0.8806        266       1024: 91% ━━━━━━━━━━━─ 103/112 2.6it/s 39.6s<3.5s
[K      15/20      5.17G     0.6528      0.415     0.8806        188       1024: 92% ━━━━━━━━━━━─ 104/112 2.7it/s 40.0s<3.0s
[K      15/20      5.17G     0.6527     0.4152     0.8805        165       1024: 93% ━━━━━━━━━━━─ 105/112 2.6it/s 40.4s<2.7s
[K      15/20      5.17G     0.6528     0.4154     0.8799        254       1024: 94% ━━━━━━━━━━━─ 106/112 2.7it/s 40.7s<2.2s
[K      15/20      5.17G     0.6548     0.4165     0.8807         98       1024: 95% ━━━━━━━━━━━─ 107/112 2.6it/s 41.1s<1.9s
[K      15/20      5.17G     0.6536     0.4156     0.8805        162       1024: 96% ━━━━━━━━━━━╸ 108/112 2.7it/s 41.5s<1.5s
[K      15/20      5.17G      0.654     0.4153     0.8799        333       1024: 97% ━━━━━━━━━━━╸ 109/112 2.6it/s 41.9s<1.1s
[K      15/20      5.17G     0.6545     0.4152       0.88        207       1024: 98% ━━━━━━━━━━━╸ 110/112 2.7it/s 42.2s<0.7s
[K      15/20      5.17G     0.6539     0.4146     0.8801         92       1024: 99% ━━━━━━━━━━━╸ 111/112 2.6it/s 42.7s<0.4s
[K      15/20      5.17G     0.6539     0.4146     0.8801         92       1024: 100% ━━━━━━━━━━━━ 112/112 2.6it/s 42.7s

[K                 Class     Images  Instances      Box(P          R      mAP50  mAP50-95): 50% ━━━━━━────── 1/2 3.7s/it 1.1s<3.7s
[K                 Class     Images  Instances      Box(P          R      mAP50  mAP50-95): 100% ━━━━━━━━━━━━ 2/2 1.8it/s 1.1s
                   all          9       1052      0.546      0.335      0.324      0.202
[2026-09-28T13:00:42.876075+00:00] TRAIN improved epoch 15/20: optimizer=896/1165, batches=112/112, loss=1.9486

      Epoch    GPU_mem   box_loss   cls_loss   dfl_loss  Instances       Size

[K      16/20      4.92G     0.5051      0.341     0.8045        201       1024: 0% ──────────── 0/112  0.3s
[K      16/20      4.92G     0.5236     0.3853     0.8827         34       1024: 0% ──────────── 1/112 1.3s/it 0.7s<2:29
[K      16/20      4.92G     0.6249     0.4159     0.8875        176       1024: 1% ──────────── 2/112 1.3it/s 1.1s<1:25
[K      16/20      4.92G     0.5661     0.3837     0.8566        144       1024: 2% ──────────── 3/112 1.6it/s 1.5s<1:07
[K      16/20      4.92G     0.5332     0.3624      0.844        169       1024: 3% ──────────── 4/112 2.0it/s 1.9s<53.8s
[K      16/20      4.92G     0.5777      0.405     0.8604         64       1024: 4% ╸─────────── 5/112 2.1it/s 2.3s<50.3s
[K      16/20      4.92G     0.5473     0.3852      0.848        236       1024: 5% ╸─────────── 6/112 2.4it/s 2.7s<44.9s
[K      16/20      4.92G     0.5418     0.3806     0.8478         99       1024: 6% ╸─────────── 7/112 2.4it/s 3.1s<44.2s
[K      16/20      4.92G     0.5575      0.385     0.8586         75       1024: 7% ╸─────────── 8/112 2.5it/s 3.4s<41.3s
[K      16/20      4.92G     0.5803     0.4132     0.8741         34       1024: 8% ╸─────────── 9/112 2.5it/s 3.8s<41.3s
[K      16/20      4.92G     0.5728     0.4067     0.8687        175       1024: 8% ━─────────── 10/112 2.6it/s 4.2s<39.3s
[K      16/20      4.92G     0.5581     0.3978     0.8649         88       1024: 9% ━─────────── 11/112 2.6it/s 4.6s<39.6s
[K      16/20      4.92G     0.5876     0.4099     0.8661        238       1024: 10% ━─────────── 12/112 2.7it/s 4.9s<37.7s
[K      16/20      4.92G      0.615     0.4142     0.8677        233       1024: 11% ━─────────── 13/112 2.6it/s 5.4s<38.8s
[K      16/20      4.92G     0.6114     0.4127     0.8659        175       1024: 12% ━─────────── 14/112 2.6it/s 5.7s<37.0s
[K      16/20      4.92G     0.6343     0.4247     0.8826         30       1024: 13% ━╸────────── 15/112 2.6it/s 6.1s<37.7s
[K      16/20      4.92G     0.6177     0.4147     0.8794        222       1024: 14% ━╸────────── 16/112 2.7it/s 6.5s<35.7s
[K      16/20      4.92G     0.6094     0.4101     0.8792        100       1024: 15% ━╸────────── 17/112 2.6it/s 6.9s<36.5s
[K      16/20      4.92G     0.6187     0.4113     0.8851        122       1024: 16% ━╸────────── 18/112 2.7it/s 7.2s<34.5s
[K      16/20      4.92G     0.6152      0.408     0.8824        221       1024: 16% ━━────────── 19/112 2.6it/s 7.7s<35.7s
[K      16/20      4.92G     0.6165      0.405     0.8801        163       1024: 17% ━━────────── 20/112 2.7it/s 8.0s<34.1s
[K      16/20      4.92G      0.626     0.4068     0.8824         87       1024: 18% ━━────────── 21/112 2.6it/s 8.4s<34.6s
[K      16/20      4.92G     0.6181     0.4027     0.8788        216       1024: 19% ━━────────── 22/112 2.7it/s 8.8s<33.6s
[K      16/20      4.92G     0.6288     0.4054     0.8804        221       1024: 20% ━━────────── 23/112 2.6it/s 9.2s<34.2s
[K      16/20      4.92G     0.6508     0.4136     0.8832         54       1024: 21% ━━╸───────── 24/112 2.7it/s 9.5s<33.0s
[K      16/20      4.92G     0.6542     0.4146     0.8831        169       1024: 22% ━━╸───────── 25/112 2.6it/s 9.9s<33.8s
[K      16/20      4.92G     0.6475     0.4111     0.8802        192       1024: 23% ━━╸───────── 26/112 2.7it/s 10.3s<32.0s
[K      16/20      4.92G     0.6518      0.413     0.8834         41       1024: 24% ━━╸───────── 27/112 2.6it/s 10.7s<32.9s
[K      16/20      4.92G     0.6497     0.4107     0.8813        182       1024: 25% ━━━───────── 28/112 2.7it/s 11.1s<31.6s
[K      16/20      4.92G     0.6407     0.4068     0.8801         88       1024: 25% ━━━───────── 29/112 2.6it/s 11.5s<32.1s
[K      16/20      4.92G     0.6384     0.4043     0.8801        175       1024: 26% ━━━───────── 30/112 2.7it/s 11.8s<30.8s
[K      16/20      4.92G     0.6444     0.4099     0.8803         22       1024: 27% ━━━───────── 31/112 2.6it/s 12.2s<31.0s
[K      16/20      4.92G     0.6373      0.406     0.8771        150       1024: 28% ━━━───────── 32/112 2.7it/s 12.6s<29.7s
[K      16/20      4.92G     0.6337     0.4057     0.8772         33       1024: 29% ━━━╸──────── 33/112 2.6it/s 13.0s<30.3s
[K      16/20      4.92G     0.6381     0.4126     0.8783        131       1024: 30% ━━━╸──────── 34/112 2.7it/s 13.3s<28.9s
[K      16/20      4.92G     0.6333     0.4098     0.8761        219       1024: 31% ━━━╸──────── 35/112 2.6it/s 13.8s<29.6s
[K      16/20      4.92G      0.646     0.4134     0.8775        110       1024: 32% ━━━╸──────── 36/112 2.7it/s 14.1s<28.2s
[K      16/20      4.92G     0.6416     0.4107     0.8771         76       1024: 33% ━━━╸──────── 37/112 2.6it/s 14.5s<28.5s
[K      16/20      4.92G      0.643     0.4129     0.8814         33       1024: 33% ━━━━──────── 38/112 2.7it/s 14.8s<27.3s
[K      16/20      4.92G     0.6427      0.415      0.882         43       1024: 34% ━━━━──────── 39/112 2.6it/s 15.3s<27.9s
[K      16/20      4.92G      0.639     0.4119     0.8805        249       1024: 35% ━━━━──────── 40/112 2.7it/s 15.6s<26.5s
[K      16/20      4.92G     0.6338     0.4086     0.8781        358       1024: 36% ━━━━──────── 41/112 2.6it/s 16.0s<27.1s
[K      16/20      4.92G     0.6295      0.406      0.876         71       1024: 37% ━━━━──────── 42/112 2.7it/s 16.4s<25.8s
[K      16/20      4.92G      0.625     0.4037      0.874        238       1024: 38% ━━━━╸─────── 43/112 2.6it/s 16.8s<26.3s
[K      16/20      4.92G     0.6225     0.4022     0.8729        244       1024: 39% ━━━━╸─────── 44/112 2.6it/s 17.2s<25.9s
[K      16/20      4.92G     0.6241     0.4045     0.8751         42       1024: 40% ━━━━╸─────── 45/112 2.6it/s 17.6s<26.0s
[K      16/20      4.92G     0.6245     0.4041      0.876        125       1024: 41% ━━━━╸─────── 46/112 2.7it/s 17.9s<24.6s
[K      16/20      4.92G     0.6254     0.4038     0.8772         91       1024: 41% ━━━━━─────── 47/112 2.6it/s 18.3s<25.2s
[K      16/20      4.92G     0.6285     0.4063     0.8805         32       1024: 42% ━━━━━─────── 48/112 2.7it/s 18.7s<23.9s
[K      16/20      4.92G     0.6238     0.4037     0.8788        161       1024: 43% ━━━━━─────── 49/112 2.6it/s 19.1s<24.3s
[K      16/20      4.92G     0.6237     0.4034     0.8774        317       1024: 44% ━━━━━─────── 50/112 2.7it/s 19.5s<23.4s
[K      16/20      4.92G     0.6207     0.4018     0.8761        219       1024: 45% ━━━━━─────── 51/112 2.6it/s 19.9s<23.8s
[K      16/20      4.92G     0.6175     0.3997     0.8755        288       1024: 46% ━━━━━╸────── 52/112 2.7it/s 20.2s<22.6s
[K      16/20      4.92G     0.6145     0.3979     0.8738        239       1024: 47% ━━━━━╸────── 53/112 2.6it/s 20.6s<22.9s
[K      16/20      4.92G      0.613     0.3968     0.8736         81       1024: 48% ━━━━━╸────── 54/112 2.7it/s 21.0s<21.5s
[K      16/20      4.92G     0.6145     0.3962     0.8749        195       1024: 49% ━━━━━╸────── 55/112 2.6it/s 21.4s<22.0s
[K      16/20      4.92G     0.6148      0.396     0.8753        114       1024: 50% ━━━━━━────── 56/112 2.7it/s 21.8s<21.0s
[K      16/20      4.92G     0.6158     0.3959     0.8756        128       1024: 50% ━━━━━━────── 57/112 2.6it/s 22.2s<21.4s
[K      16/20      4.92G     0.6131     0.3945     0.8742        174       1024: 51% ━━━━━━────── 58/112 2.6it/s 22.5s<20.5s
[K      16/20      4.92G     0.6082     0.3923     0.8732        120       1024: 52% ━━━━━━────── 59/112 2.6it/s 23.0s<20.5s
[K      16/20      4.92G     0.6109     0.3932     0.8748        205       1024: 53% ━━━━━━────── 60/112 2.7it/s 23.3s<19.6s
[K      16/20      4.92G     0.6076     0.3915     0.8739         64       1024: 54% ━━━━━━╸───── 61/112 2.6it/s 23.7s<19.8s
[K      16/20      4.92G     0.6131     0.3938     0.8744        133       1024: 55% ━━━━━━╸───── 62/112 2.6it/s 24.1s<19.0s
[K      16/20      4.92G     0.6128     0.3933     0.8745        147       1024: 56% ━━━━━━╸───── 63/112 2.6it/s 24.5s<18.9s
[K      16/20      4.92G     0.6116     0.3946     0.8744        212       1024: 57% ━━━━━━╸───── 64/112 2.6it/s 24.8s<18.1s
[K      16/20      4.92G     0.6078     0.3927     0.8735        132       1024: 58% ━━━━━━╸───── 65/112 2.6it/s 25.3s<18.2s
[K      16/20      4.92G     0.6064     0.3914     0.8731        208       1024: 58% ━━━━━━━───── 66/112 2.7it/s 25.6s<16.8s
[K      16/20      4.92G     0.6083     0.3921     0.8728        245       1024: 59% ━━━━━━━───── 67/112 2.6it/s 26.0s<17.3s
[K      16/20      4.92G      0.611     0.3922     0.8731        119       1024: 60% ━━━━━━━───── 68/112 2.7it/s 26.4s<16.4s
[K      16/20      4.92G     0.6123     0.3935     0.8739         90       1024: 61% ━━━━━━━───── 69/112 2.6it/s 26.8s<16.4s
[K      16/20      4.92G     0.6097     0.3922     0.8733        103       1024: 62% ━━━━━━━───── 70/112 2.7it/s 27.1s<15.8s
[K      16/20      4.92G     0.6062     0.3908     0.8727        100       1024: 63% ━━━━━━━╸──── 71/112 2.6it/s 27.5s<15.8s
[K      16/20      4.92G     0.6018     0.3886     0.8718        107       1024: 64% ━━━━━━━╸──── 72/112 2.7it/s 27.9s<14.7s
[K      16/20      4.92G     0.6049     0.3907     0.8731         50       1024: 65% ━━━━━━━╸──── 73/112 2.6it/s 28.3s<15.0s
[K      16/20      4.92G     0.6082     0.3913     0.8747        197       1024: 66% ━━━━━━━╸──── 74/112 2.7it/s 28.6s<14.0s
[K      16/20      4.92G     0.6108     0.3918     0.8754        131       1024: 66% ━━━━━━━━──── 75/112 2.6it/s 29.1s<14.1s
[K      16/20      4.92G     0.6103     0.3931     0.8761         38       1024: 67% ━━━━━━━━──── 76/112 2.7it/s 29.4s<13.4s
[K      16/20      4.92G     0.6111     0.3936      0.877         66       1024: 68% ━━━━━━━━──── 77/112 2.6it/s 29.8s<13.3s
[K      16/20      4.92G     0.6082      0.392     0.8754        265       1024: 69% ━━━━━━━━──── 78/112 2.7it/s 30.2s<12.6s
[K      16/20      4.92G     0.6073     0.3912     0.8749        307       1024: 70% ━━━━━━━━──── 79/112 2.6it/s 30.6s<12.7s
[K      16/20      4.92G     0.6095     0.3925     0.8752        118       1024: 71% ━━━━━━━━╸─── 80/112 2.7it/s 30.9s<11.9s
[K      16/20      4.92G     0.6065     0.3908     0.8739        177       1024: 72% ━━━━━━━━╸─── 81/112 2.6it/s 31.3s<11.9s
[K      16/20      4.92G     0.6049     0.3898     0.8733        195       1024: 73% ━━━━━━━━╸─── 82/112 2.7it/s 31.7s<11.3s
[K      16/20      4.92G     0.6073     0.3902     0.8738        141       1024: 74% ━━━━━━━━╸─── 83/112 2.6it/s 32.1s<11.1s
[K      16/20      4.92G     0.6074     0.3916     0.8738         34       1024: 75% ━━━━━━━━━─── 84/112 2.7it/s 32.4s<10.3s
[K      16/20      4.92G     0.6074     0.3922     0.8732        243       1024: 75% ━━━━━━━━━─── 85/112 2.6it/s 32.9s<10.4s
[K      16/20      5.41G     0.6134     0.3948     0.8735        677       1024: 76% ━━━━━━━━━─── 86/112 2.6it/s 33.3s<10.1s
[K      16/20      5.41G      0.612     0.3945     0.8728         85       1024: 77% ━━━━━━━━━─── 87/112 2.5it/s 33.7s<9.8s
[K      16/20      5.41G     0.6139      0.395     0.8735        114       1024: 78% ━━━━━━━━━─── 88/112 2.6it/s 34.0s<9.2s
[K      16/20      5.41G     0.6123     0.3941     0.8729        115       1024: 79% ━━━━━━━━━╸── 89/112 2.6it/s 34.4s<8.9s
[K      16/20      5.41G     0.6136     0.3941     0.8725        208       1024: 80% ━━━━━━━━━╸── 90/112 2.6it/s 34.8s<8.3s
[K      16/20      5.41G     0.6153     0.3943     0.8729        116       1024: 81% ━━━━━━━━━╸── 91/112 2.6it/s 35.2s<8.1s
[K      16/20      5.41G     0.6177     0.3956      0.873        150       1024: 82% ━━━━━━━━━╸── 92/112 2.7it/s 35.5s<7.4s
[K      16/20      5.41G     0.6198     0.3963     0.8727        170       1024: 83% ━━━━━━━━━╸── 93/112 2.6it/s 36.0s<7.3s
[K      16/20      5.41G     0.6219     0.3968      0.873        114       1024: 83% ━━━━━━━━━━── 94/112 2.7it/s 36.3s<6.6s
[K      16/20      5.41G     0.6252     0.3988     0.8736         60       1024: 84% ━━━━━━━━━━── 95/112 2.7it/s 36.7s<6.4s
[K      16/20      5.41G     0.6259      0.399     0.8738         68       1024: 85% ━━━━━━━━━━── 96/112 2.7it/s 37.0s<5.9s
[K      16/20      5.41G     0.6273     0.3994     0.8733        535       1024: 86% ━━━━━━━━━━── 97/112 2.6it/s 37.5s<5.8s
[K      16/20      5.41G     0.6251     0.3982     0.8724        166       1024: 87% ━━━━━━━━━━── 98/112 2.7it/s 37.8s<5.2s
[K      16/20      5.41G     0.6294     0.3993     0.8728        214       1024: 88% ━━━━━━━━━━╸─ 99/112 2.6it/s 38.2s<5.0s
[K      16/20      5.41G     0.6282     0.3986     0.8722        147       1024: 89% ━━━━━━━━━━╸─ 100/112 2.7it/s 38.6s<4.4s
[K      16/20      5.41G     0.6287     0.3984     0.8718        292       1024: 90% ━━━━━━━━━━╸─ 101/112 2.6it/s 39.0s<4.2s
[K      16/20      5.41G     0.6297     0.4001     0.8723         97       1024: 91% ━━━━━━━━━━╸─ 102/112 2.7it/s 39.3s<3.7s
[K      16/20      5.41G     0.6286     0.3995      0.872        163       1024: 91% ━━━━━━━━━━━─ 103/112 2.6it/s 39.7s<3.4s
[K      16/20      5.41G     0.6285     0.3997     0.8727        103       1024: 92% ━━━━━━━━━━━─ 104/112 2.7it/s 40.1s<3.0s
[K      16/20      5.41G     0.6266     0.3988     0.8722        125       1024: 93% ━━━━━━━━━━━─ 105/112 2.6it/s 40.5s<2.7s
[K      16/20      5.41G     0.6267      0.399      0.872        237       1024: 94% ━━━━━━━━━━━─ 106/112 2.6it/s 40.9s<2.3s
[K      16/20      5.41G     0.6279     0.3988     0.8732        116       1024: 95% ━━━━━━━━━━━─ 107/112 2.6it/s 41.3s<1.9s
[K      16/20      5.41G      0.627      0.398     0.8727        355       1024: 96% ━━━━━━━━━━━╸ 108/112 2.7it/s 41.6s<1.5s
[K      16/20      5.41G     0.6244     0.3969     0.8719         83       1024: 97% ━━━━━━━━━━━╸ 109/112 2.6it/s 42.0s<1.1s
[K      16/20      5.41G     0.6258     0.3979     0.8724        235       1024: 98% ━━━━━━━━━━━╸ 110/112 2.7it/s 42.4s<0.7s
[K      16/20      5.41G     0.6236     0.3972     0.8722         67       1024: 99% ━━━━━━━━━━━╸ 111/112 2.6it/s 42.8s<0.4s
[K      16/20      5.41G     0.6236     0.3972     0.8722         67       1024: 100% ━━━━━━━━━━━━ 112/112 2.6it/s 42.8s

[K                 Class     Images  Instances      Box(P          R      mAP50  mAP50-95): 50% ━━━━━━────── 1/2 3.4s/it 1.0s<3.4s
[K                 Class     Images  Instances      Box(P          R      mAP50  mAP50-95): 100% ━━━━━━━━━━━━ 2/2 1.9it/s 1.0s
                   all          9       1052      0.533      0.357      0.344      0.219
[2026-09-28T13:01:27.695028+00:00] TRAIN improved epoch 16/20: optimizer=952/1165, batches=112/112, loss=1.8930

      Epoch    GPU_mem   box_loss   cls_loss   dfl_loss  Instances       Size

[K      17/20      4.96G      0.563     0.3422     0.8528        192       1024: 0% ──────────── 0/112  0.3s
[K      17/20      4.96G     0.5081     0.3384     0.8365         99       1024: 0% ──────────── 1/112 1.3s/it 0.7s<2:20
[K      17/20      4.96G     0.4794     0.3206     0.8268        168       1024: 1% ──────────── 2/112 1.3it/s 1.1s<1:23
[K      17/20      4.96G     0.5334     0.3579     0.8606         36       1024: 2% ──────────── 3/112 1.7it/s 1.5s<1:04
[K      17/20      4.96G     0.5425     0.3577     0.8541        147       1024: 3% ──────────── 4/112 2.1it/s 1.8s<51.5s
[K      17/20      4.96G     0.5249     0.3448     0.8416        386       1024: 4% ╸─────────── 5/112 2.1it/s 2.3s<50.1s
[K      17/20      4.96G     0.4999     0.3343       0.84        131       1024: 5% ╸─────────── 6/112 2.4it/s 2.6s<43.8s
[K      17/20      4.96G     0.5229     0.3542     0.8498         48       1024: 6% ╸─────────── 7/112 2.5it/s 3.0s<42.7s
[K      17/20      4.96G     0.5082     0.3452     0.8413        151       1024: 7% ╸─────────── 8/112 2.5it/s 3.4s<41.4s
[K      17/20      4.96G     0.5148     0.3471     0.8381        336       1024: 8% ╸─────────── 9/112 2.5it/s 3.8s<40.9s
[K      17/20      4.96G     0.5279     0.3608     0.8557         32       1024: 8% ━─────────── 10/112 2.6it/s 4.1s<38.9s
[K      17/20      4.96G     0.5298     0.3585     0.8512        486       1024: 9% ━─────────── 11/112 2.5it/s 4.6s<40.3s
[K      17/20      4.96G     0.5229     0.3521     0.8467        204       1024: 10% ━─────────── 12/112 2.6it/s 4.9s<38.0s
[K      17/20      4.96G     0.5524     0.3629     0.8486        209       1024: 11% ━─────────── 13/112 2.6it/s 5.3s<38.6s
[K      17/20      4.96G      0.555     0.3638     0.8469        242       1024: 12% ━─────────── 14/112 2.6it/s 5.7s<37.5s
[K      17/20      4.96G     0.5691     0.3668     0.8499        159       1024: 13% ━╸────────── 15/112 2.5it/s 6.1s<38.1s
[K      17/20      4.96G     0.5677     0.3682     0.8505        100       1024: 14% ━╸────────── 16/112 2.6it/s 6.5s<36.7s
[K      17/20      4.96G     0.5842     0.3754     0.8526        231       1024: 15% ━╸────────── 17/112 2.5it/s 6.9s<37.8s
[K      17/20      4.96G     0.5923     0.3759     0.8592        125       1024: 16% ━╸────────── 18/112 2.6it/s 7.2s<35.6s
[K      17/20      4.96G     0.5813     0.3699     0.8553        256       1024: 16% ━━────────── 19/112 2.5it/s 7.7s<36.6s
[K      17/20      4.96G     0.5875     0.3753     0.8584         64       1024: 17% ━━────────── 20/112 2.6it/s 8.0s<34.9s
[K      17/20      4.96G     0.5997     0.3785     0.8594        421       1024: 18% ━━────────── 21/112 2.6it/s 8.5s<35.6s
[K      17/20      4.96G     0.6063     0.3797      0.861        156       1024: 19% ━━────────── 22/112 2.7it/s 8.8s<33.9s
[K      17/20      4.96G     0.6038     0.3781     0.8599         93       1024: 20% ━━────────── 23/112 2.6it/s 9.2s<34.4s
[K      17/20      4.96G     0.6054     0.3775     0.8591        382       1024: 21% ━━╸───────── 24/112 2.7it/s 9.6s<33.2s
[K      17/20      4.96G     0.6074     0.3778     0.8599        127       1024: 22% ━━╸───────── 25/112 2.6it/s 10.0s<33.4s
[K      17/20      4.96G     0.6061     0.3761     0.8596        196       1024: 23% ━━╸───────── 26/112 2.7it/s 10.3s<31.7s
[K      17/20      4.96G     0.6009      0.373      0.857        280       1024: 24% ━━╸───────── 27/112 2.6it/s 10.7s<32.5s
[K      17/20      4.96G     0.5996     0.3733     0.8597         87       1024: 25% ━━━───────── 28/112 2.8it/s 11.0s<30.4s
[K      17/20      4.96G     0.6061     0.3771     0.8611        125       1024: 25% ━━━───────── 29/112 2.7it/s 11.4s<30.9s
[K      17/20      4.96G      0.607     0.3796     0.8632         27       1024: 26% ━━━───────── 30/112 2.8it/s 11.8s<29.8s
[K      17/20      4.96G     0.6058     0.3779     0.8626        194       1024: 27% ━━━───────── 31/112 2.7it/s 12.2s<30.2s
[K      17/20      4.96G     0.5989     0.3744     0.8602        193       1024: 28% ━━━───────── 32/112 2.7it/s 12.5s<29.2s
[K      17/20      4.96G     0.6071     0.3766     0.8605        129       1024: 29% ━━━╸──────── 33/112 2.7it/s 12.9s<29.7s
[K      17/20      4.96G     0.6026     0.3738     0.8586        163       1024: 30% ━━━╸──────── 34/112 2.7it/s 13.3s<28.4s
[K      17/20      4.96G     0.6036     0.3739     0.8583         80       1024: 31% ━━━╸──────── 35/112 2.7it/s 13.7s<28.8s
[K      17/20      4.96G     0.6014     0.3721     0.8583        227       1024: 32% ━━━╸──────── 36/112 2.7it/s 14.0s<27.9s
[K      17/20      4.96G     0.6036     0.3768     0.8625         29       1024: 33% ━━━╸──────── 37/112 2.6it/s 14.4s<28.4s
[K      17/20      4.96G     0.6152     0.4034     0.8739          9       1024: 33% ━━━━──────── 38/112 2.7it/s 14.8s<26.9s
[K      17/20      4.96G     0.6156     0.4044     0.8743         45       1024: 34% ━━━━──────── 39/112 2.7it/s 15.2s<27.4s
[K      17/20      4.96G     0.6116     0.4018      0.874        101       1024: 35% ━━━━──────── 40/112 2.7it/s 15.5s<26.2s
[K      17/20      4.96G     0.6086     0.3997     0.8733        136       1024: 36% ━━━━──────── 41/112 2.7it/s 15.9s<26.7s
[K      17/20      4.96G     0.6022     0.3965     0.8709         46       1024: 37% ━━━━──────── 42/112 2.7it/s 16.3s<25.6s
[K      17/20      4.96G     0.6015     0.3955     0.8699        139       1024: 38% ━━━━╸─────── 43/112 2.6it/s 16.7s<26.3s
[K      17/20      4.96G      0.598     0.3932     0.8686        146       1024: 39% ━━━━╸─────── 44/112 2.7it/s 17.0s<25.1s
[K      17/20      4.96G     0.6002     0.3939     0.8697         80       1024: 40% ━━━━╸─────── 45/112 2.6it/s 17.5s<25.9s
[K      17/20      4.96G     0.5965     0.3927      0.869         57       1024: 41% ━━━━╸─────── 46/112 2.7it/s 17.8s<24.4s
[K      17/20      4.96G      0.592     0.3899     0.8668        267       1024: 41% ━━━━━─────── 47/112 2.6it/s 18.2s<24.8s
[K      17/20      4.96G     0.5893     0.3875     0.8657        252       1024: 42% ━━━━━─────── 48/112 2.6it/s 18.6s<24.2s
[K      17/20      4.96G     0.5909     0.3878     0.8652        357       1024: 43% ━━━━━─────── 49/112 2.6it/s 19.0s<24.4s
[K      17/20      4.96G     0.5923     0.3883     0.8665         61       1024: 44% ━━━━━─────── 50/112 2.7it/s 19.3s<23.3s
[K      17/20      4.96G     0.5903     0.3868     0.8651        149       1024: 45% ━━━━━─────── 51/112 2.6it/s 19.8s<23.7s
[K      17/20      4.96G     0.5931     0.3896     0.8673         31       1024: 46% ━━━━━╸────── 52/112 2.7it/s 20.1s<22.5s
[K      17/20      4.96G     0.5892     0.3872     0.8653        205       1024: 47% ━━━━━╸────── 53/112 2.6it/s 20.5s<22.9s
[K      17/20      4.96G      0.595     0.3895     0.8676        111       1024: 48% ━━━━━╸────── 54/112 2.6it/s 20.9s<22.0s
[K      17/20      4.96G     0.5987     0.3905     0.8674        167       1024: 49% ━━━━━╸────── 55/112 2.5it/s 21.3s<22.4s
[K      17/20      4.96G     0.6003     0.3916     0.8669        282       1024: 50% ━━━━━━────── 56/112 2.6it/s 21.7s<21.2s
[K      17/20      4.96G     0.6014     0.3914     0.8673        167       1024: 50% ━━━━━━────── 57/112 2.6it/s 22.1s<21.3s
[K      17/20      4.96G     0.6012     0.3916     0.8678         71       1024: 51% ━━━━━━────── 58/112 2.7it/s 22.4s<20.1s
[K      17/20      4.96G     0.5986     0.3903     0.8669        164       1024: 52% ━━━━━━────── 59/112 2.6it/s 22.9s<20.5s
[K      17/20      4.96G     0.5995     0.3896     0.8681         71       1024: 53% ━━━━━━────── 60/112 2.7it/s 23.2s<19.3s
[K      17/20      4.96G     0.5978     0.3891     0.8687        125       1024: 54% ━━━━━━╸───── 61/112 2.6it/s 23.6s<19.6s
[K      17/20      4.96G     0.5959     0.3875     0.8677        211       1024: 55% ━━━━━━╸───── 62/112 2.7it/s 24.0s<18.7s
[K      17/20      4.96G     0.5948     0.3869      0.867        250       1024: 56% ━━━━━━╸───── 63/112 2.6it/s 24.4s<18.7s
[K      17/20      4.96G     0.5925     0.3857     0.8658        121       1024: 57% ━━━━━━╸───── 64/112 2.7it/s 24.7s<17.8s
[K      17/20      4.96G     0.5924     0.3853     0.8656        218       1024: 58% ━━━━━━╸───── 65/112 2.6it/s 25.1s<17.9s
[K      17/20      4.96G     0.5947     0.3854     0.8668        164       1024: 58% ━━━━━━━───── 66/112 2.7it/s 25.5s<17.0s
[K      17/20      4.96G     0.5912     0.3839     0.8663         95       1024: 59% ━━━━━━━───── 67/112 2.7it/s 25.9s<17.0s
[K      17/20      4.96G     0.5935     0.3844     0.8675        102       1024: 60% ━━━━━━━───── 68/112 2.7it/s 26.2s<16.2s
[K      17/20      4.96G     0.5931     0.3839     0.8676         84       1024: 61% ━━━━━━━───── 69/112 2.6it/s 26.6s<16.3s
[K      17/20      4.96G     0.5926     0.3838     0.8671        211       1024: 62% ━━━━━━━───── 70/112 2.7it/s 27.0s<15.5s
[K      17/20      4.96G     0.5909     0.3831     0.8666        153       1024: 63% ━━━━━━━╸──── 71/112 2.6it/s 27.4s<15.6s
[K      17/20      4.96G     0.5883     0.3817     0.8657        162       1024: 64% ━━━━━━━╸──── 72/112 2.7it/s 27.7s<14.9s
[K      17/20      4.96G     0.5911      0.382     0.8659        282       1024: 65% ━━━━━━━╸──── 73/112 2.6it/s 28.1s<14.9s
[K      17/20      4.96G     0.5909     0.3815     0.8658        181       1024: 66% ━━━━━━━╸──── 74/112 2.7it/s 28.5s<14.0s
[K      17/20      4.96G      0.592     0.3817     0.8659        145       1024: 66% ━━━━━━━━──── 75/112 2.6it/s 28.9s<14.1s
[K      17/20      4.96G     0.5931     0.3821     0.8662        123       1024: 67% ━━━━━━━━──── 76/112 2.7it/s 29.2s<13.4s
[K      17/20      4.96G     0.5919     0.3815     0.8656        139       1024: 68% ━━━━━━━━──── 77/112 2.6it/s 29.7s<13.5s
[K      17/20      4.96G     0.5913     0.3808     0.8654        194       1024: 69% ━━━━━━━━──── 78/112 2.7it/s 30.0s<12.6s
[K      17/20      4.96G     0.5881     0.3791     0.8642        213       1024: 70% ━━━━━━━━──── 79/112 2.6it/s 30.4s<12.7s
[K      17/20      4.96G     0.5852     0.3774     0.8631        226       1024: 71% ━━━━━━━━╸─── 80/112 2.7it/s 30.8s<12.0s
[K      17/20      4.96G      0.587     0.3775     0.8631        128       1024: 72% ━━━━━━━━╸─── 81/112 2.6it/s 31.2s<11.9s
[K      17/20      4.96G     0.5887     0.3779     0.8645        101       1024: 73% ━━━━━━━━╸─── 82/112 2.7it/s 31.5s<11.2s
[K      17/20      4.96G     0.5905     0.3781     0.8654        214       1024: 74% ━━━━━━━━╸─── 83/112 2.6it/s 32.0s<11.2s
[K      17/20      4.96G     0.5921     0.3784     0.8659        152       1024: 75% ━━━━━━━━━─── 84/112 2.7it/s 32.3s<10.4s
[K      17/20      4.96G      0.592     0.3783     0.8664        137       1024: 75% ━━━━━━━━━─── 85/112 2.6it/s 32.7s<10.3s
[K      17/20      4.96G     0.5917     0.3778      0.866        279       1024: 76% ━━━━━━━━━─── 86/112 2.6it/s 33.1s<9.9s
[K      17/20      4.96G     0.5928      0.378     0.8667         79       1024: 77% ━━━━━━━━━─── 87/112 2.5it/s 33.5s<9.8s
[K      17/20      4.96G     0.5923     0.3776     0.8669        206       1024: 78% ━━━━━━━━━─── 88/112 2.6it/s 33.9s<9.1s
[K      17/20      4.96G       0.59     0.3767     0.8667         78       1024: 79% ━━━━━━━━━╸── 89/112 2.5it/s 34.3s<9.1s
[K      17/20      4.96G     0.5888     0.3763     0.8663         78       1024: 80% ━━━━━━━━━╸── 90/112 2.6it/s 34.7s<8.4s
[K      17/20      4.96G     0.5925     0.3776     0.8666        245       1024: 81% ━━━━━━━━━╸── 91/112 2.5it/s 35.1s<8.3s
[K      17/20      4.96G     0.5926     0.3773     0.8665        117       1024: 82% ━━━━━━━━━╸── 92/112 2.6it/s 35.4s<7.6s
[K      17/20      4.96G     0.5934     0.3773     0.8664        208       1024: 83% ━━━━━━━━━╸── 93/112 2.6it/s 35.9s<7.4s
[K      17/20      4.96G     0.5926     0.3767     0.8658        391       1024: 83% ━━━━━━━━━━── 94/112 2.6it/s 36.2s<6.9s
[K      17/20      4.96G     0.5899     0.3753     0.8649        215       1024: 84% ━━━━━━━━━━── 95/112 2.6it/s 36.6s<6.7s
[K      17/20      4.96G     0.5921     0.3756     0.8651         98       1024: 85% ━━━━━━━━━━── 96/112 2.6it/s 37.0s<6.1s
[K      17/20      4.96G     0.5906     0.3747     0.8643        172       1024: 86% ━━━━━━━━━━── 97/112 2.5it/s 37.4s<5.9s
[K      17/20      4.96G     0.5915     0.3747     0.8646        171       1024: 87% ━━━━━━━━━━── 98/112 2.7it/s 37.8s<5.2s
[K      17/20      4.96G     0.5905     0.3748     0.8648         54       1024: 88% ━━━━━━━━━━╸─ 99/112 2.6it/s 38.2s<5.0s
[K      17/20      4.96G     0.5887     0.3737     0.8642        223       1024: 89% ━━━━━━━━━━╸─ 100/112 2.7it/s 38.5s<4.5s
[K      17/20      4.96G     0.5908     0.3739     0.8642         93       1024: 90% ━━━━━━━━━━╸─ 101/112 2.6it/s 38.9s<4.2s
[K      17/20      4.96G     0.5895     0.3732     0.8641        119       1024: 91% ━━━━━━━━━━╸─ 102/112 2.7it/s 39.3s<3.7s
[K      17/20      4.96G     0.5897     0.3734     0.8649         73       1024: 91% ━━━━━━━━━━━─ 103/112 2.6it/s 39.7s<3.5s
[K      17/20      4.96G     0.5871     0.3721     0.8638        137       1024: 92% ━━━━━━━━━━━─ 104/112 2.6it/s 40.1s<3.0s
[K      17/20      4.96G      0.588     0.3725     0.8636        140       1024: 93% ━━━━━━━━━━━─ 105/112 2.6it/s 40.5s<2.7s
[K      17/20      4.96G     0.5853     0.3712      0.863        125       1024: 94% ━━━━━━━━━━━─ 106/112 2.7it/s 40.8s<2.2s
[K      17/20      4.96G     0.5872     0.3717     0.8632        213       1024: 95% ━━━━━━━━━━━─ 107/112 2.6it/s 41.3s<1.9s
[K      17/20      4.96G     0.5886     0.3717     0.8632        177       1024: 96% ━━━━━━━━━━━╸ 108/112 2.6it/s 41.6s<1.5s
[K      17/20      4.96G     0.5863     0.3707     0.8624        171       1024: 97% ━━━━━━━━━━━╸ 109/112 2.6it/s 42.0s<1.2s
[K      17/20      4.96G     0.5914     0.3725     0.8628        102       1024: 98% ━━━━━━━━━━━╸ 110/112 2.7it/s 42.4s<0.8s
[K      17/20      4.96G     0.5921     0.3726     0.8625        270       1024: 99% ━━━━━━━━━━━╸ 111/112 2.6it/s 42.8s<0.4s
[K      17/20      4.96G     0.5921     0.3726     0.8625        270       1024: 100% ━━━━━━━━━━━━ 112/112 2.6it/s 42.8s

[K                 Class     Images  Instances      Box(P          R      mAP50  mAP50-95): 50% ━━━━━━────── 1/2 3.5s/it 1.0s<3.5s
[K                 Class     Images  Instances      Box(P          R      mAP50  mAP50-95): 100% ━━━━━━━━━━━━ 2/2 1.9it/s 1.1s
                   all          9       1052      0.521       0.35      0.341      0.212
[2026-09-28T13:02:12.346618+00:00] TRAIN improved epoch 17/20: optimizer=1008/1165, batches=112/112, loss=1.8272

      Epoch    GPU_mem   box_loss   cls_loss   dfl_loss  Instances       Size

[K      18/20      4.96G     0.7265     0.4203     0.9995         72       1024: 0% ──────────── 0/112  0.3s
[K      18/20      4.96G     0.7495     0.4197     0.9549        113       1024: 0% ──────────── 1/112 1.3s/it 0.7s<2:28
[K      18/20      4.96G     0.7117     0.4062     0.9276        182       1024: 1% ──────────── 2/112 1.3it/s 1.1s<1:24
[K      18/20      4.96G     0.6113      0.362     0.8842        159       1024: 2% ──────────── 3/112 1.6it/s 1.5s<1:06
[K      18/20      4.96G     0.6731     0.4062     0.8883        179       1024: 3% ──────────── 4/112 2.0it/s 1.9s<54.3s
[K      18/20      4.96G     0.7088     0.4114     0.9128         77       1024: 4% ╸─────────── 5/112 2.1it/s 2.3s<51.1s
[K      18/20      4.96G      0.655     0.3849     0.8924        205       1024: 5% ╸─────────── 6/112 2.3it/s 2.7s<45.1s
[K      18/20      4.96G     0.6656     0.3905     0.8907        144       1024: 6% ╸─────────── 7/112 2.4it/s 3.1s<44.4s
[K      18/20      4.96G     0.6528     0.3815     0.8869        179       1024: 7% ╸─────────── 8/112 2.5it/s 3.4s<40.9s
[K      18/20      4.96G     0.6687     0.3934     0.8955         80       1024: 8% ╸─────────── 9/112 2.5it/s 3.8s<40.9s
[K      18/20      4.96G     0.7009     0.4086     0.9003         73       1024: 8% ━─────────── 10/112 2.7it/s 4.2s<38.5s
[K      18/20      4.96G     0.6981     0.4069     0.9036         63       1024: 9% ━─────────── 11/112 2.6it/s 4.6s<39.2s
[K      18/20      4.96G     0.6895     0.4008      0.899        226       1024: 10% ━─────────── 12/112 2.6it/s 4.9s<38.2s
[K      18/20      4.96G     0.6635     0.3879     0.8903        225       1024: 11% ━─────────── 13/112 2.6it/s 5.4s<38.6s
[K      18/20      4.96G     0.6507     0.3825     0.8895        132       1024: 12% ━─────────── 14/112 2.7it/s 5.7s<36.5s
[K      18/20      4.96G     0.6307     0.3723     0.8812        293       1024: 13% ━╸────────── 15/112 2.6it/s 6.1s<37.5s
[K      18/20      4.96G     0.6313     0.3715     0.8829        197       1024: 14% ━╸────────── 16/112 2.7it/s 6.5s<35.7s
[K      18/20      4.96G     0.6388     0.3764     0.8818        272       1024: 15% ━╸────────── 17/112 2.6it/s 6.9s<36.3s
[K      18/20      4.96G     0.6448     0.3801     0.8821        442       1024: 16% ━╸────────── 18/112 2.7it/s 7.2s<35.2s
[K      18/20      4.96G     0.6557     0.3852      0.884        145       1024: 16% ━━────────── 19/112 2.6it/s 7.6s<36.0s
[K      18/20      4.96G     0.6441       0.38     0.8799        142       1024: 17% ━━────────── 20/112 2.7it/s 8.0s<34.3s
[K      18/20      4.96G      0.661     0.3906     0.8818        173       1024: 18% ━━────────── 21/112 2.6it/s 8.4s<35.4s
[K      18/20      4.96G     0.6465      0.384     0.8768        213       1024: 19% ━━────────── 22/112 2.7it/s 8.8s<33.5s
[K      18/20      4.96G     0.6525     0.3898     0.8819         14       1024: 20% ━━────────── 23/112 2.6it/s 9.2s<34.1s
[K      18/20      4.96G     0.6521     0.3892     0.8813        181       1024: 21% ━━╸───────── 24/112 2.7it/s 9.5s<32.6s
[K      18/20      4.96G     0.6573     0.3924     0.8837         82       1024: 22% ━━╸───────── 25/112 2.6it/s 9.9s<33.4s
[K      18/20      4.96G     0.6467      0.388     0.8803         99       1024: 23% ━━╸───────── 26/112 2.7it/s 10.3s<31.8s
[K      18/20      4.96G     0.6419     0.3853     0.8783        162       1024: 24% ━━╸───────── 27/112 2.6it/s 10.7s<32.5s
[K      18/20      4.96G     0.6404     0.3839     0.8771        237       1024: 25% ━━━───────── 28/112 2.7it/s 11.0s<31.1s
[K      18/20      4.96G     0.6374     0.3826     0.8746        365       1024: 25% ━━━───────── 29/112 2.6it/s 11.5s<32.1s
[K      18/20      4.96G     0.6312     0.3791     0.8718        338       1024: 26% ━━━───────── 30/112 2.7it/s 11.8s<30.6s
[K      18/20      4.96G     0.6277     0.3778     0.8726        135       1024: 27% ━━━───────── 31/112 2.6it/s 12.2s<31.0s
[K      18/20      4.96G     0.6314     0.3792     0.8738         85       1024: 28% ━━━───────── 32/112 2.7it/s 12.6s<29.5s
[K      18/20      4.96G     0.6264     0.3771     0.8719         97       1024: 29% ━━━╸──────── 33/112 2.6it/s 13.0s<30.2s
[K      18/20      4.96G     0.6205     0.3742     0.8693        336       1024: 30% ━━━╸──────── 34/112 2.7it/s 13.3s<28.9s
[K      18/20      4.96G     0.6173     0.3718     0.8672        211       1024: 31% ━━━╸──────── 35/112 2.6it/s 13.7s<29.3s
[K      18/20      4.96G     0.6155     0.3708     0.8655        197       1024: 32% ━━━╸──────── 36/112 2.7it/s 14.1s<28.1s
[K      18/20      4.96G      0.613     0.3691      0.866        165       1024: 33% ━━━╸──────── 37/112 2.6it/s 14.5s<28.6s
[K      18/20      4.96G     0.6062     0.3668     0.8638         52       1024: 33% ━━━━──────── 38/112 2.7it/s 14.8s<27.3s
[K      18/20      4.96G     0.5992     0.3637     0.8634         91       1024: 34% ━━━━──────── 39/112 2.6it/s 15.2s<27.6s
[K      18/20      4.96G     0.5955     0.3615     0.8614        334       1024: 35% ━━━━──────── 40/112 2.7it/s 15.6s<26.7s
[K      18/20      4.96G     0.5911     0.3594     0.8602        155       1024: 36% ━━━━──────── 41/112 2.6it/s 16.0s<27.3s
[K      18/20      4.96G     0.5953       0.36      0.863        103       1024: 37% ━━━━──────── 42/112 2.7it/s 16.3s<25.9s
[K      18/20      4.96G     0.5921     0.3579     0.8621        218       1024: 38% ━━━━╸─────── 43/112 2.6it/s 16.8s<26.5s
[K      18/20      4.96G     0.5893     0.3572     0.8612         83       1024: 39% ━━━━╸─────── 44/112 2.7it/s 17.1s<25.3s
[K      18/20      4.96G     0.5831     0.3543     0.8592        205       1024: 40% ━━━━╸─────── 45/112 2.6it/s 17.5s<25.7s
[K      18/20      4.96G     0.5867     0.3558     0.8606        171       1024: 41% ━━━━╸─────── 46/112 2.7it/s 17.9s<24.7s
[K      18/20      4.96G     0.5843     0.3547      0.859        342       1024: 41% ━━━━━─────── 47/112 2.6it/s 18.3s<25.1s
[K      18/20      4.96G     0.5865     0.3552     0.8596         98       1024: 42% ━━━━━─────── 48/112 2.7it/s 18.6s<23.8s
[K      18/20      4.96G     0.5813      0.353     0.8582        161       1024: 43% ━━━━━─────── 49/112 2.6it/s 19.1s<24.3s
[K      18/20      4.96G     0.5806     0.3522     0.8574        275       1024: 44% ━━━━━─────── 50/112 2.7it/s 19.4s<23.2s
[K      18/20      4.96G     0.5798     0.3521     0.8571        142       1024: 45% ━━━━━─────── 51/112 2.6it/s 19.8s<23.6s
[K      18/20      4.96G     0.5779      0.351     0.8566        179       1024: 46% ━━━━━╸────── 52/112 2.7it/s 20.2s<22.2s
[K      18/20      4.96G     0.5773     0.3503     0.8554        315       1024: 47% ━━━━━╸────── 53/112 2.6it/s 20.6s<22.7s
[K      18/20      4.96G     0.5788     0.3503     0.8551        502       1024: 48% ━━━━━╸────── 54/112 2.7it/s 20.9s<21.8s
[K      18/20      4.96G     0.5737      0.348     0.8547        132       1024: 49% ━━━━━╸────── 55/112 2.6it/s 21.4s<21.9s
[K      18/20      4.96G      0.572     0.3471     0.8536        216       1024: 50% ━━━━━━────── 56/112 2.7it/s 21.7s<21.1s
[K      18/20      4.96G     0.5765     0.3487     0.8542        151       1024: 50% ━━━━━━────── 57/112 2.6it/s 22.1s<21.3s
[K      18/20      4.96G     0.5717     0.3466     0.8535        136       1024: 51% ━━━━━━────── 58/112 2.7it/s 22.5s<20.0s
[K      18/20      4.96G      0.569     0.3454     0.8526        195       1024: 52% ━━━━━━────── 59/112 2.6it/s 22.9s<20.4s
[K      18/20      4.96G     0.5707     0.3462     0.8538        103       1024: 53% ━━━━━━────── 60/112 2.7it/s 23.2s<19.2s
[K      18/20      4.96G     0.5724     0.3467     0.8543        126       1024: 54% ━━━━━━╸───── 61/112 2.6it/s 23.6s<19.5s
[K      18/20      4.96G     0.5746      0.348      0.856         78       1024: 55% ━━━━━━╸───── 62/112 2.7it/s 24.0s<18.5s
[K      18/20      4.96G     0.5741     0.3473     0.8556        330       1024: 56% ━━━━━━╸───── 63/112 2.6it/s 24.4s<18.8s
[K      18/20      4.96G     0.5709     0.3458      0.855        143       1024: 57% ━━━━━━╸───── 64/112 2.7it/s 24.7s<17.6s
[K      18/20      4.96G     0.5661     0.3437     0.8535        312       1024: 58% ━━━━━━╸───── 65/112 2.6it/s 25.1s<17.8s
[K      18/20      4.96G     0.5639     0.3425     0.8523        188       1024: 58% ━━━━━━━───── 66/112 2.7it/s 25.5s<16.9s
[K      18/20      4.96G     0.5641     0.3427     0.8527         76       1024: 59% ━━━━━━━───── 67/112 2.6it/s 25.9s<17.1s
[K      18/20      4.96G     0.5652     0.3424      0.853        159       1024: 60% ━━━━━━━───── 68/112 2.7it/s 26.2s<16.0s
[K      18/20      4.96G      0.573     0.3449     0.8534        170       1024: 61% ━━━━━━━───── 69/112 2.6it/s 26.7s<16.3s
[K      18/20      4.96G     0.5728     0.3449     0.8537        131       1024: 62% ━━━━━━━───── 70/112 2.7it/s 27.0s<15.5s
[K      18/20      4.96G     0.5737     0.3449     0.8542        263       1024: 63% ━━━━━━━╸──── 71/112 2.6it/s 27.4s<15.7s
[K      18/20      4.96G     0.5721     0.3443     0.8538         90       1024: 64% ━━━━━━━╸──── 72/112 2.7it/s 27.8s<14.8s
[K      18/20      4.96G     0.5698     0.3436     0.8544        101       1024: 65% ━━━━━━━╸──── 73/112 2.6it/s 28.2s<14.8s
[K      18/20      4.96G     0.5678     0.3427     0.8537        115       1024: 66% ━━━━━━━╸──── 74/112 2.7it/s 28.5s<14.2s
[K      18/20      4.96G     0.5645     0.3415     0.8526        223       1024: 66% ━━━━━━━━──── 75/112 2.6it/s 28.9s<14.2s
[K      18/20      4.96G     0.5625     0.3407     0.8521         94       1024: 67% ━━━━━━━━──── 76/112 2.7it/s 29.3s<13.3s
[K      18/20      4.96G     0.5589     0.3392     0.8511        154       1024: 68% ━━━━━━━━──── 77/112 2.6it/s 29.7s<13.4s
[K      18/20      4.96G     0.5576     0.3386     0.8506        154       1024: 69% ━━━━━━━━──── 78/112 2.7it/s 30.1s<12.7s
[K      18/20      4.96G     0.5594     0.3407     0.8511        114       1024: 70% ━━━━━━━━──── 79/112 2.6it/s 30.5s<12.8s
[K      18/20      4.96G     0.5575     0.3398      0.851         67       1024: 71% ━━━━━━━━╸─── 80/112 2.6it/s 30.8s<12.2s
[K      18/20      4.96G     0.5543     0.3385     0.8504         91       1024: 72% ━━━━━━━━╸─── 81/112 2.6it/s 31.3s<12.1s
[K      18/20      4.96G     0.5546     0.3387     0.8499        260       1024: 73% ━━━━━━━━╸─── 82/112 2.6it/s 31.6s<11.5s
[K      18/20      4.96G     0.5543     0.3385     0.8496        142       1024: 74% ━━━━━━━━╸─── 83/112 2.6it/s 32.0s<11.3s
[K      18/20      4.96G      0.555     0.3388     0.8498        157       1024: 75% ━━━━━━━━━─── 84/112 2.7it/s 32.4s<10.5s
[K      18/20      4.96G     0.5622     0.3427     0.8561         27       1024: 75% ━━━━━━━━━─── 85/112 2.6it/s 32.8s<10.5s
[K      18/20      4.96G     0.5605     0.3418     0.8553        149       1024: 76% ━━━━━━━━━─── 86/112 2.7it/s 33.1s<9.7s
[K      18/20      4.96G     0.5589      0.341     0.8547        189       1024: 77% ━━━━━━━━━─── 87/112 2.6it/s 33.6s<9.6s
[K      18/20      4.96G     0.5565     0.3399     0.8539        374       1024: 78% ━━━━━━━━━─── 88/112 2.6it/s 33.9s<9.1s
[K      18/20      4.96G     0.5581     0.3403     0.8548         86       1024: 79% ━━━━━━━━━╸── 89/112 2.6it/s 34.3s<8.9s
[K      18/20      4.96G     0.5574     0.3398     0.8542        317       1024: 80% ━━━━━━━━━╸── 90/112 2.6it/s 34.7s<8.4s
[K      18/20      4.96G     0.5575     0.3399     0.8539        306       1024: 81% ━━━━━━━━━╸── 91/112 2.5it/s 35.1s<8.3s
[K      18/20      4.96G     0.5588     0.3411     0.8546         33       1024: 82% ━━━━━━━━━╸── 92/112 2.7it/s 35.5s<7.5s
[K      18/20      4.96G     0.5568       0.34     0.8544        157       1024: 83% ━━━━━━━━━╸── 93/112 2.6it/s 35.9s<7.3s
[K      18/20      4.96G     0.5569     0.3398     0.8542        228       1024: 83% ━━━━━━━━━━── 94/112 2.7it/s 36.2s<6.7s
[K      18/20      4.96G     0.5545     0.3388     0.8538        187       1024: 84% ━━━━━━━━━━── 95/112 2.6it/s 36.6s<6.4s
[K      18/20      4.96G     0.5564     0.3403     0.8551         39       1024: 85% ━━━━━━━━━━── 96/112 2.7it/s 37.0s<5.8s
[K      18/20      4.96G     0.5578     0.3406     0.8561        113       1024: 86% ━━━━━━━━━━── 97/112 2.7it/s 37.4s<5.6s
[K      18/20      4.96G     0.5598     0.3413     0.8562        227       1024: 87% ━━━━━━━━━━── 98/112 2.7it/s 37.7s<5.1s
[K      18/20      4.96G     0.5583     0.3407     0.8562         66       1024: 88% ━━━━━━━━━━╸─ 99/112 2.7it/s 38.1s<4.9s
[K      18/20      4.96G     0.5595     0.3415     0.8561        131       1024: 89% ━━━━━━━━━━╸─ 100/112 2.7it/s 38.5s<4.4s
[K      18/20      4.96G     0.5594     0.3413     0.8558        204       1024: 90% ━━━━━━━━━━╸─ 101/112 2.6it/s 38.9s<4.2s
[K      18/20      4.96G     0.5585     0.3406     0.8554        297       1024: 91% ━━━━━━━━━━╸─ 102/112 2.7it/s 39.2s<3.7s
[K      18/20      5.08G     0.5672     0.3446     0.8561        390       1024: 91% ━━━━━━━━━━━─ 103/112 2.6it/s 39.7s<3.5s
[K      18/20      5.08G     0.5669     0.3447     0.8558        271       1024: 92% ━━━━━━━━━━━─ 104/112 2.7it/s 40.0s<3.0s
[K      18/20      5.08G     0.5696     0.3455     0.8566        193       1024: 93% ━━━━━━━━━━━─ 105/112 2.6it/s 40.4s<2.7s
[K      18/20      5.08G     0.5673     0.3445     0.8561        134       1024: 94% ━━━━━━━━━━━─ 106/112 2.7it/s 40.8s<2.3s
[K      18/20      5.08G     0.5675     0.3446     0.8561        173       1024: 95% ━━━━━━━━━━━─ 107/112 2.6it/s 41.2s<1.9s
[K      18/20      5.08G     0.5654     0.3438     0.8555        125       1024: 96% ━━━━━━━━━━━╸ 108/112 2.7it/s 41.5s<1.5s
[K      18/20      5.08G     0.5666     0.3443     0.8567         88       1024: 97% ━━━━━━━━━━━╸ 109/112 2.6it/s 41.9s<1.1s
[K      18/20      5.08G     0.5668     0.3443     0.8566        137       1024: 98% ━━━━━━━━━━━╸ 110/112 2.7it/s 42.3s<0.7s
[K      18/20      5.08G     0.5658     0.3438     0.8561        206       1024: 99% ━━━━━━━━━━━╸ 111/112 2.6it/s 42.7s<0.4s
[K      18/20      5.08G     0.5658     0.3438     0.8561        206       1024: 100% ━━━━━━━━━━━━ 112/112 2.6it/s 42.7s

[K                 Class     Images  Instances      Box(P          R      mAP50  mAP50-95): 50% ━━━━━━────── 1/2 3.3s/it 1.0s<3.3s
[K                 Class     Images  Instances      Box(P          R      mAP50  mAP50-95): 100% ━━━━━━━━━━━━ 2/2 1.9it/s 1.0s
                   all          9       1052      0.531      0.338      0.337      0.215
[2026-09-28T13:02:56.967533+00:00] TRAIN improved epoch 18/20: optimizer=1064/1165, batches=112/112, loss=1.7658

      Epoch    GPU_mem   box_loss   cls_loss   dfl_loss  Instances       Size

[K      19/20      4.92G     0.3187     0.2386     0.7752        208       1024: 0% ──────────── 0/112  0.3s
[K      19/20      4.92G     0.4486     0.2911     0.8292         85       1024: 0% ──────────── 1/112 1.3s/it 0.7s<2:22
[K      19/20      4.92G     0.4513     0.2928     0.8148        226       1024: 1% ──────────── 2/112 1.3it/s 1.1s<1:25
[K      19/20      4.92G     0.4554     0.2929     0.8259        167       1024: 2% ──────────── 3/112 1.7it/s 1.5s<1:05
[K      19/20      4.92G     0.4521     0.2912     0.8415        127       1024: 3% ──────────── 4/112 2.1it/s 1.8s<51.9s
[K      19/20      4.92G     0.4611     0.2944     0.8381        162       1024: 4% ╸─────────── 5/112 2.2it/s 2.3s<49.6s
[K      19/20      4.92G     0.4955     0.3165     0.8502        105       1024: 5% ╸─────────── 6/112 2.4it/s 2.6s<43.9s
[K      19/20      4.92G     0.5095       0.32     0.8481        249       1024: 6% ╸─────────── 7/112 2.4it/s 3.0s<43.8s
[K      19/20      4.92G     0.5058     0.3181     0.8403        235       1024: 7% ╸─────────── 8/112 2.5it/s 3.4s<41.0s
[K      19/20      4.92G     0.5033     0.3181     0.8412         82       1024: 8% ╸─────────── 9/112 2.5it/s 3.8s<40.7s
[K      19/20      4.92G     0.5014     0.3186     0.8407         65       1024: 8% ━─────────── 10/112 2.6it/s 4.1s<38.7s
[K      19/20      4.92G     0.5399     0.3328     0.8445        352       1024: 9% ━─────────── 11/112 2.5it/s 4.5s<39.7s
[K      19/20      4.92G     0.5588     0.3445     0.8585         48       1024: 10% ━─────────── 12/112 2.7it/s 4.9s<37.7s
[K      19/20      4.92G     0.5486     0.3372     0.8541        260       1024: 11% ━─────────── 13/112 2.6it/s 5.3s<38.6s
[K      19/20      4.92G     0.5373     0.3314     0.8507         95       1024: 12% ━─────────── 14/112 2.7it/s 5.6s<36.1s
[K      19/20      4.92G     0.5381      0.331     0.8506        266       1024: 13% ━╸────────── 15/112 2.7it/s 6.0s<36.4s
[K      19/20      4.92G     0.5369      0.331     0.8486         53       1024: 14% ━╸────────── 16/112 2.7it/s 6.4s<35.3s
[K      19/20      4.92G     0.5296     0.3281     0.8455        159       1024: 15% ━╸────────── 17/112 2.7it/s 6.8s<35.7s
[K      19/20      4.92G     0.5299     0.3282     0.8479        126       1024: 16% ━╸────────── 18/112 2.8it/s 7.1s<34.1s
[K      19/20      4.92G     0.5209      0.324      0.844        207       1024: 16% ━━────────── 19/112 2.7it/s 7.5s<35.0s
[K      19/20      4.92G     0.5167     0.3218     0.8433        213       1024: 17% ━━────────── 20/112 2.8it/s 7.9s<33.3s
[K      19/20      4.92G     0.5168     0.3212     0.8425        150       1024: 18% ━━────────── 21/112 2.7it/s 8.3s<34.2s
[K      19/20      4.92G     0.5336     0.3265     0.8438        371       1024: 19% ━━────────── 22/112 2.7it/s 8.6s<33.0s
[K      19/20      4.92G     0.5438     0.3289     0.8452        283       1024: 20% ━━────────── 23/112 2.6it/s 9.0s<33.8s
[K      19/20      4.92G     0.5344     0.3254     0.8417         56       1024: 21% ━━╸───────── 24/112 2.7it/s 9.4s<32.3s
[K      19/20      4.92G     0.5262     0.3217     0.8396        214       1024: 22% ━━╸───────── 25/112 2.6it/s 9.8s<33.8s
[K      19/20      4.92G     0.5427     0.3283     0.8442         37       1024: 23% ━━╸───────── 26/112 2.6it/s 10.2s<32.8s
[K      19/20      4.92G     0.5409     0.3271     0.8426        297       1024: 24% ━━╸───────── 27/112 2.6it/s 10.6s<33.0s
[K      19/20      4.92G     0.5417     0.3273     0.8438        101       1024: 25% ━━━───────── 28/112 2.7it/s 10.9s<31.4s
[K      19/20      4.92G     0.5475     0.3306     0.8474         64       1024: 25% ━━━───────── 29/112 2.6it/s 11.4s<32.0s
[K      19/20      4.92G     0.5402     0.3268     0.8456        304       1024: 26% ━━━───────── 30/112 2.7it/s 11.7s<30.3s
[K      19/20      4.92G     0.5344     0.3239     0.8433        240       1024: 27% ━━━───────── 31/112 2.6it/s 12.1s<30.8s
[K      19/20      4.92G     0.5318     0.3237     0.8441         84       1024: 28% ━━━───────── 32/112 2.7it/s 12.4s<29.4s
[K      19/20      4.92G     0.5257     0.3216     0.8422         90       1024: 29% ━━━╸──────── 33/112 2.7it/s 12.8s<29.7s
[K      19/20      4.92G     0.5294     0.3237     0.8429         45       1024: 30% ━━━╸──────── 34/112 2.7it/s 13.2s<28.4s
[K      19/20      4.92G     0.5297      0.324     0.8424        233       1024: 31% ━━━╸──────── 35/112 2.6it/s 13.6s<29.6s
[K      19/20      4.92G     0.5283     0.3235     0.8442        110       1024: 32% ━━━╸──────── 36/112 2.7it/s 14.0s<28.0s
[K      19/20      4.92G     0.5259     0.3225     0.8428        113       1024: 33% ━━━╸──────── 37/112 2.6it/s 14.4s<28.6s
[K      19/20      4.92G     0.5228     0.3208     0.8417        225       1024: 33% ━━━━──────── 38/112 2.7it/s 14.7s<27.5s
[K      19/20      4.92G     0.5196     0.3188      0.841        177       1024: 34% ━━━━──────── 39/112 2.6it/s 15.1s<27.9s
[K      19/20      4.92G     0.5182     0.3193     0.8416         60       1024: 35% ━━━━──────── 40/112 2.7it/s 15.5s<26.9s
[K      19/20      4.92G     0.5116     0.3164     0.8408        115       1024: 36% ━━━━──────── 41/112 2.6it/s 15.9s<27.2s
[K      19/20      4.92G     0.5113     0.3159     0.8405        245       1024: 37% ━━━━──────── 42/112 2.7it/s 16.2s<25.7s
[K      19/20      4.92G     0.5205     0.3207     0.8424        167       1024: 38% ━━━━╸─────── 43/112 2.6it/s 16.6s<26.3s
[K      19/20      4.92G     0.5252     0.3218     0.8434        174       1024: 39% ━━━━╸─────── 44/112 2.7it/s 17.0s<24.9s
[K      19/20      4.92G     0.5196     0.3203     0.8427         36       1024: 40% ━━━━╸─────── 45/112 2.7it/s 17.4s<25.0s
[K      19/20      4.92G     0.5261      0.323     0.8432        424       1024: 41% ━━━━╸─────── 46/112 2.7it/s 17.7s<24.4s
[K      19/20      4.92G      0.523     0.3215     0.8438        140       1024: 41% ━━━━━─────── 47/112 2.7it/s 18.1s<24.4s
[K      19/20      4.92G     0.5218     0.3208     0.8431        181       1024: 42% ━━━━━─────── 48/112 2.8it/s 18.5s<23.2s
[K      19/20      4.92G     0.5268     0.3219     0.8441        225       1024: 43% ━━━━━─────── 49/112 2.6it/s 18.9s<23.8s
[K      19/20      4.92G     0.5242     0.3216     0.8435         70       1024: 44% ━━━━━─────── 50/112 2.8it/s 19.2s<22.4s
[K      19/20      4.92G     0.5213     0.3206     0.8431        137       1024: 45% ━━━━━─────── 51/112 2.7it/s 19.6s<22.7s
[K      19/20      4.92G      0.526     0.3224     0.8435        300       1024: 46% ━━━━━╸────── 52/112 2.7it/s 20.0s<22.1s
[K      19/20      4.92G      0.524     0.3215     0.8426        222       1024: 47% ━━━━━╸────── 53/112 2.6it/s 20.4s<22.4s
[K      19/20      4.92G     0.5304     0.3246     0.8477         66       1024: 48% ━━━━━╸────── 54/112 2.7it/s 20.7s<21.2s
[K      19/20      4.92G     0.5362      0.327     0.8482         68       1024: 49% ━━━━━╸────── 55/112 2.6it/s 21.1s<21.8s
[K      19/20      4.92G     0.5326     0.3252     0.8468        182       1024: 50% ━━━━━━────── 56/112 2.7it/s 21.5s<20.8s
[K      19/20      4.92G     0.5353     0.3264     0.8462        350       1024: 50% ━━━━━━────── 57/112 2.6it/s 21.9s<21.3s
[K      19/20      4.92G     0.5422     0.3305      0.851         48       1024: 51% ━━━━━━────── 58/112 2.7it/s 22.3s<20.2s
[K      19/20      4.92G     0.5423     0.3303      0.851        142       1024: 52% ━━━━━━────── 59/112 2.5it/s 22.7s<20.8s
[K      19/20      4.92G     0.5424     0.3305     0.8515         50       1024: 53% ━━━━━━────── 60/112 2.6it/s 23.1s<19.9s
[K      19/20      4.92G     0.5385     0.3286     0.8506        159       1024: 54% ━━━━━━╸───── 61/112 2.6it/s 23.5s<19.9s
[K      19/20      4.92G     0.5345     0.3266     0.8491        217       1024: 55% ━━━━━━╸───── 62/112 2.7it/s 23.8s<18.7s
[K      19/20      4.92G     0.5309     0.3249     0.8481        249       1024: 56% ━━━━━━╸───── 63/112 2.6it/s 24.2s<19.1s
[K      19/20      4.92G     0.5327     0.3255     0.8492        150       1024: 57% ━━━━━━╸───── 64/112 2.7it/s 24.6s<17.9s
[K      19/20      4.92G     0.5345     0.3264     0.8492        229       1024: 58% ━━━━━━╸───── 65/112 2.6it/s 25.0s<18.3s
[K      19/20      4.92G     0.5316      0.326     0.8491         42       1024: 58% ━━━━━━━───── 66/112 2.6it/s 25.4s<17.5s
[K      19/20      4.92G     0.5289     0.3248     0.8479        221       1024: 59% ━━━━━━━───── 67/112 2.6it/s 25.8s<17.6s
[K      19/20      4.92G     0.5291     0.3274     0.8488         36       1024: 60% ━━━━━━━───── 68/112 2.7it/s 26.1s<16.5s
[K      19/20      4.92G     0.5282     0.3272     0.8487        158       1024: 61% ━━━━━━━───── 69/112 2.6it/s 26.6s<16.7s
[K      19/20      4.92G     0.5294     0.3276     0.8487         88       1024: 62% ━━━━━━━───── 70/112 2.7it/s 26.9s<15.8s
[K      19/20      4.92G      0.529     0.3277      0.848        204       1024: 63% ━━━━━━━╸──── 71/112 2.6it/s 27.3s<16.0s
[K      19/20      4.92G     0.5318     0.3288     0.8483        266       1024: 64% ━━━━━━━╸──── 72/112 2.6it/s 27.7s<15.1s
[K      19/20      4.92G     0.5307      0.328     0.8481        254       1024: 65% ━━━━━━━╸──── 73/112 2.6it/s 28.1s<15.2s
[K      19/20      4.92G     0.5284     0.3272      0.848        108       1024: 66% ━━━━━━━╸──── 74/112 2.7it/s 28.5s<14.2s
[K      19/20      4.92G     0.5273     0.3268     0.8472        115       1024: 66% ━━━━━━━━──── 75/112 2.6it/s 28.9s<14.3s
[K      19/20      4.92G     0.5273     0.3269     0.8471        206       1024: 67% ━━━━━━━━──── 76/112 2.7it/s 29.2s<13.5s
[K      19/20      4.92G     0.5259     0.3274      0.847         48       1024: 68% ━━━━━━━━──── 77/112 2.5it/s 29.7s<13.8s
[K      19/20      4.92G     0.5288     0.3282     0.8482        115       1024: 69% ━━━━━━━━──── 78/112 2.5it/s 30.1s<13.5s
[K      19/20      4.92G     0.5306     0.3291     0.8483        121       1024: 70% ━━━━━━━━──── 79/112 2.5it/s 30.5s<13.3s
[K      19/20      4.92G     0.5291     0.3286     0.8484        108       1024: 71% ━━━━━━━━╸─── 80/112 2.6it/s 30.8s<12.3s
[K      19/20      4.92G     0.5264     0.3275     0.8474        210       1024: 72% ━━━━━━━━╸─── 81/112 2.5it/s 31.3s<12.2s
[K      19/20      4.92G     0.5255     0.3269     0.8469        349       1024: 73% ━━━━━━━━╸─── 82/112 2.6it/s 31.6s<11.4s
[K      19/20      4.92G     0.5233     0.3266     0.8466         52       1024: 74% ━━━━━━━━╸─── 83/112 2.6it/s 32.0s<11.3s
[K      19/20      4.92G     0.5218     0.3258     0.8462        196       1024: 75% ━━━━━━━━━─── 84/112 2.7it/s 32.4s<10.5s
[K      19/20      4.92G     0.5221     0.3262      0.846         66       1024: 75% ━━━━━━━━━─── 85/112 2.6it/s 32.8s<10.5s
[K      19/20      4.92G     0.5221     0.3257     0.8458        266       1024: 76% ━━━━━━━━━─── 86/112 2.7it/s 33.1s<9.7s
[K      19/20      4.92G     0.5263     0.3274     0.8481         74       1024: 77% ━━━━━━━━━─── 87/112 2.6it/s 33.5s<9.6s
[K      19/20      4.92G     0.5291     0.3286     0.8497         44       1024: 78% ━━━━━━━━━─── 88/112 2.7it/s 33.9s<8.9s
[K      19/20      4.92G     0.5299     0.3292     0.8506         40       1024: 79% ━━━━━━━━━╸── 89/112 2.6it/s 34.3s<8.8s
[K      19/20      4.92G     0.5316     0.3305     0.8516         51       1024: 80% ━━━━━━━━━╸── 90/112 2.7it/s 34.6s<8.1s
[K      19/20      4.92G     0.5335     0.3313     0.8522         94       1024: 81% ━━━━━━━━━╸── 91/112 2.6it/s 35.1s<8.0s
[K      19/20      4.92G     0.5327     0.3308     0.8516        233       1024: 82% ━━━━━━━━━╸── 92/112 2.7it/s 35.4s<7.4s
[K      19/20      4.92G      0.532     0.3304     0.8511        216       1024: 83% ━━━━━━━━━╸── 93/112 2.6it/s 35.8s<7.3s
[K      19/20      4.92G     0.5325     0.3307     0.8513         80       1024: 83% ━━━━━━━━━━── 94/112 2.7it/s 36.2s<6.7s
[K      19/20      4.92G      0.533     0.3303     0.8512        113       1024: 84% ━━━━━━━━━━── 95/112 2.6it/s 36.6s<6.5s
[K      19/20      4.92G     0.5362     0.3327     0.8518        122       1024: 85% ━━━━━━━━━━── 96/112 2.7it/s 36.9s<5.9s
[K      19/20      4.92G     0.5365     0.3329     0.8517        237       1024: 86% ━━━━━━━━━━── 97/112 2.6it/s 37.3s<5.8s
[K      19/20      4.92G     0.5386     0.3343     0.8518        247       1024: 87% ━━━━━━━━━━── 98/112 2.7it/s 37.7s<5.2s
[K      19/20      5.13G     0.5411     0.3352     0.8514        473       1024: 88% ━━━━━━━━━━╸─ 99/112 2.6it/s 38.1s<5.1s
[K      19/20      5.13G     0.5396     0.3343     0.8511        152       1024: 89% ━━━━━━━━━━╸─ 100/112 2.6it/s 38.5s<4.6s
[K      19/20      5.13G     0.5414     0.3353     0.8513        164       1024: 90% ━━━━━━━━━━╸─ 101/112 2.5it/s 38.9s<4.4s
[K      19/20      5.13G     0.5387     0.3339     0.8506        215       1024: 91% ━━━━━━━━━━╸─ 102/112 2.6it/s 39.3s<3.8s
[K      19/20      5.13G     0.5364     0.3327     0.8498        259       1024: 91% ━━━━━━━━━━━─ 103/112 2.6it/s 39.7s<3.5s
[K      19/20      5.13G      0.538     0.3334     0.8502        167       1024: 92% ━━━━━━━━━━━─ 104/112 2.7it/s 40.0s<3.0s
[K      19/20      5.13G     0.5396     0.3363     0.8526         16       1024: 93% ━━━━━━━━━━━─ 105/112 2.6it/s 40.5s<2.7s
[K      19/20      5.13G     0.5381     0.3356      0.852        172       1024: 94% ━━━━━━━━━━━─ 106/112 2.5it/s 40.9s<2.4s
[K      19/20      5.13G     0.5408     0.3369     0.8526        211       1024: 95% ━━━━━━━━━━━─ 107/112 2.5it/s 41.3s<2.0s
[K      19/20      5.13G     0.5423      0.337     0.8525        139       1024: 96% ━━━━━━━━━━━╸ 108/112 2.5it/s 41.7s<1.6s
[K      19/20      5.13G       0.54      0.336     0.8518        191       1024: 97% ━━━━━━━━━━━╸ 109/112 2.5it/s 42.1s<1.2s
[K      19/20      5.13G     0.5407     0.3361     0.8526        102       1024: 98% ━━━━━━━━━━━╸ 110/112 2.6it/s 42.5s<0.8s
[K      19/20      5.13G     0.5382     0.3349     0.8519        176       1024: 99% ━━━━━━━━━━━╸ 111/112 2.5it/s 42.9s<0.4s
[K      19/20      5.13G     0.5382     0.3349     0.8519        176       1024: 100% ━━━━━━━━━━━━ 112/112 2.6it/s 42.9s

[K                 Class     Images  Instances      Box(P          R      mAP50  mAP50-95): 50% ━━━━━━────── 1/2 3.8s/it 1.1s<3.8s
[K                 Class     Images  Instances      Box(P          R      mAP50  mAP50-95): 100% ━━━━━━━━━━━━ 2/2 1.7it/s 1.2s
                   all          9       1052      0.547      0.323      0.344      0.221
[2026-09-28T13:03:41.943848+00:00] TRAIN improved epoch 19/20: optimizer=1120/1165, batches=112/112, loss=1.7251

      Epoch    GPU_mem   box_loss   cls_loss   dfl_loss  Instances       Size

[K      20/20      4.94G     0.3044     0.2356     0.8005        110       1024: 0% ──────────── 0/112  0.3s
[K      20/20      4.94G      0.648     0.4324     0.8522        225       1024: 0% ──────────── 1/112 1.3s/it 0.7s<2:28
[K      20/20      4.94G     0.6286     0.4166     0.8486        177       1024: 1% ──────────── 2/112 1.3it/s 1.1s<1:26
[K      20/20      4.94G     0.6698     0.4169     0.8843         80       1024: 2% ──────────── 3/112 1.6it/s 1.5s<1:06
[K      20/20      4.94G     0.6623     0.4158     0.8881         49       1024: 3% ──────────── 4/112 2.0it/s 1.9s<53.5s
[K      20/20      4.94G     0.5967     0.3804     0.8673        258       1024: 4% ╸─────────── 5/112 2.1it/s 2.3s<50.9s
[K      20/20      4.94G     0.5734     0.3735     0.8634         82       1024: 5% ╸─────────── 6/112 2.4it/s 2.6s<44.8s
[K      20/20      4.94G     0.5422     0.3555     0.8523        151       1024: 6% ╸─────────── 7/112 2.4it/s 3.1s<44.2s
[K      20/20      4.94G     0.5797     0.3686     0.8567        223       1024: 7% ╸─────────── 8/112 2.5it/s 3.4s<41.7s
[K      20/20      4.94G     0.5645     0.3632     0.8548         62       1024: 8% ╸─────────── 9/112 2.5it/s 3.8s<41.3s
[K      20/20      4.94G     0.5641      0.364     0.8568         88       1024: 8% ━─────────── 10/112 2.6it/s 4.2s<39.0s
[K      20/20      4.94G     0.5565     0.3585     0.8559        125       1024: 9% ━─────────── 11/112 2.5it/s 4.6s<39.8s
[K      20/20      4.94G     0.5901     0.3686     0.8603        257       1024: 10% ━─────────── 12/112 2.6it/s 5.0s<38.3s
[K      20/20      4.94G     0.5969     0.3707     0.8639        260       1024: 11% ━─────────── 13/112 2.6it/s 5.4s<38.8s
[K      20/20      4.94G     0.5814     0.3632     0.8606        163       1024: 12% ━─────────── 14/112 2.6it/s 5.7s<37.1s
[K      20/20      4.94G     0.5716     0.3595     0.8631         80       1024: 13% ━╸────────── 15/112 2.6it/s 6.1s<37.9s
[K      20/20      4.94G     0.5936     0.3667     0.8815         38       1024: 14% ━╸────────── 16/112 2.7it/s 6.5s<35.8s
[K      20/20      4.94G     0.5822     0.3592     0.8792        233       1024: 15% ━╸────────── 17/112 2.6it/s 6.9s<36.3s
[K      20/20      4.94G     0.5902     0.3632     0.8787        197       1024: 16% ━╸────────── 18/112 2.7it/s 7.2s<35.2s
[K      20/20      4.94G     0.5737     0.3553     0.8723        138       1024: 16% ━━────────── 19/112 2.6it/s 7.7s<35.7s
[K      20/20      4.94G     0.5626     0.3505     0.8687        151       1024: 17% ━━────────── 20/112 2.7it/s 8.0s<34.6s
[K      20/20      4.94G     0.5702     0.3545     0.8734        112       1024: 18% ━━────────── 21/112 2.6it/s 8.4s<34.9s
[K      20/20      4.94G      0.574      0.355     0.8752         95       1024: 19% ━━────────── 22/112 2.7it/s 8.8s<33.7s
[K      20/20      4.94G     0.5913     0.3811     0.8948         13       1024: 20% ━━────────── 23/112 2.6it/s 9.2s<34.7s
[K      20/20      4.94G     0.5898     0.3792     0.8948         73       1024: 21% ━━╸───────── 24/112 2.7it/s 9.5s<33.0s
[K      20/20      4.94G     0.5916     0.3791     0.8926        134       1024: 22% ━━╸───────── 25/112 2.6it/s 10.0s<33.7s
[K      20/20      4.94G     0.5794     0.3727      0.888        149       1024: 23% ━━╸───────── 26/112 2.7it/s 10.3s<32.4s
[K      20/20      4.94G     0.5841     0.3748     0.8911         92       1024: 24% ━━╸───────── 27/112 2.6it/s 10.7s<33.0s
[K      20/20      4.94G     0.5764     0.3715     0.8883         74       1024: 25% ━━━───────── 28/112 2.7it/s 11.1s<31.5s
[K      20/20      4.94G      0.568     0.3669     0.8861        156       1024: 25% ━━━───────── 29/112 2.6it/s 11.5s<31.6s
[K      20/20      4.94G     0.5705     0.3663     0.8842        199       1024: 26% ━━━───────── 30/112 2.7it/s 11.8s<30.3s
[K      20/20      4.94G     0.5646     0.3628     0.8812        268       1024: 27% ━━━───────── 31/112 2.6it/s 12.2s<30.7s
[K      20/20      4.94G     0.5678     0.3626     0.8807        154       1024: 28% ━━━───────── 32/112 2.7it/s 12.6s<29.5s
[K      20/20      4.94G     0.5662     0.3613     0.8786        371       1024: 29% ━━━╸──────── 33/112 2.6it/s 13.0s<30.3s
[K      20/20      4.94G     0.5607     0.3585     0.8757        242       1024: 30% ━━━╸──────── 34/112 2.7it/s 13.4s<29.3s
[K      20/20      4.94G     0.5529     0.3549     0.8746         91       1024: 31% ━━━╸──────── 35/112 2.6it/s 13.8s<29.7s
[K      20/20      4.94G     0.5534     0.3546     0.8732        243       1024: 32% ━━━╸──────── 36/112 2.7it/s 14.1s<28.6s
[K      20/20      4.94G     0.5585     0.3559     0.8733        154       1024: 33% ━━━╸──────── 37/112 2.6it/s 14.5s<29.0s
[K      20/20      4.94G     0.5498     0.3516     0.8713        154       1024: 33% ━━━━──────── 38/112 2.6it/s 14.9s<28.3s
[K      20/20      4.94G     0.5601     0.3573     0.8731        188       1024: 34% ━━━━──────── 39/112 2.5it/s 15.4s<29.4s
[K      20/20      4.94G     0.5656     0.3592     0.8741        145       1024: 35% ━━━━──────── 40/112 2.6it/s 15.7s<27.7s
[K      20/20      4.94G     0.5627     0.3585     0.8735         73       1024: 36% ━━━━──────── 41/112 2.5it/s 16.2s<28.3s
[K      20/20      4.94G     0.5657     0.3591      0.874         55       1024: 37% ━━━━──────── 42/112 2.6it/s 16.5s<26.7s
[K      20/20      4.94G     0.5681     0.3598     0.8752        102       1024: 38% ━━━━╸─────── 43/112 2.6it/s 16.9s<26.8s
[K      20/20      4.94G     0.5642     0.3577     0.8736        267       1024: 39% ━━━━╸─────── 44/112 2.6it/s 17.3s<25.7s
[K      20/20      4.94G     0.5635     0.3574     0.8734         72       1024: 40% ━━━━╸─────── 45/112 2.6it/s 17.7s<25.8s
[K      20/20      4.94G     0.5628     0.3565     0.8715        242       1024: 41% ━━━━╸─────── 46/112 2.7it/s 18.0s<24.5s
[K      20/20      4.94G     0.5606     0.3551      0.871        138       1024: 41% ━━━━━─────── 47/112 2.6it/s 18.4s<24.9s
[K      20/20      4.94G     0.5623     0.3549     0.8718        114       1024: 42% ━━━━━─────── 48/112 2.7it/s 18.8s<23.6s
[K      20/20      4.94G     0.5652     0.3551     0.8728         57       1024: 43% ━━━━━─────── 49/112 2.6it/s 19.2s<24.0s
[K      20/20      4.94G     0.5633     0.3537     0.8716        366       1024: 44% ━━━━━─────── 50/112 2.7it/s 19.5s<23.0s
[K      20/20      4.94G     0.5651      0.354     0.8727        121       1024: 45% ━━━━━─────── 51/112 2.6it/s 19.9s<23.2s
[K      20/20      4.94G     0.5589     0.3509     0.8707        192       1024: 46% ━━━━━╸────── 52/112 2.7it/s 20.3s<22.2s
[K      20/20      4.94G     0.5617     0.3517     0.8714        234       1024: 47% ━━━━━╸────── 53/112 2.6it/s 20.7s<22.6s
[K      20/20      4.94G     0.5619     0.3516     0.8714        137       1024: 48% ━━━━━╸────── 54/112 2.7it/s 21.0s<21.4s
[K      20/20      4.94G     0.5606     0.3505     0.8698        167       1024: 49% ━━━━━╸────── 55/112 2.6it/s 21.5s<22.0s
[K      20/20      4.94G     0.5575      0.349     0.8683        121       1024: 50% ━━━━━━────── 56/112 2.7it/s 21.8s<20.9s
[K      20/20      4.94G     0.5549     0.3476     0.8678        123       1024: 50% ━━━━━━────── 57/112 2.6it/s 22.2s<21.4s
[K      20/20      4.94G     0.5528     0.3464     0.8664        205       1024: 51% ━━━━━━────── 58/112 2.6it/s 22.6s<20.5s
[K      20/20      4.94G     0.5506     0.3446      0.866        188       1024: 52% ━━━━━━────── 59/112 2.6it/s 23.0s<20.6s
[K      20/20      4.94G     0.5484     0.3434     0.8659        114       1024: 53% ━━━━━━────── 60/112 2.7it/s 23.4s<19.5s
[K      20/20      4.94G     0.5523     0.3452      0.867        100       1024: 54% ━━━━━━╸───── 61/112 2.5it/s 23.8s<20.0s
[K      20/20      4.94G     0.5486     0.3434     0.8658        123       1024: 55% ━━━━━━╸───── 62/112 2.7it/s 24.1s<18.7s
[K      20/20      4.94G     0.5458     0.3418     0.8645        191       1024: 56% ━━━━━━╸───── 63/112 2.6it/s 24.6s<19.0s
[K      20/20      4.94G     0.5417     0.3397      0.863        333       1024: 57% ━━━━━━╸───── 64/112 2.7it/s 24.9s<18.0s
[K      20/20      4.94G     0.5401     0.3386     0.8621        203       1024: 58% ━━━━━━╸───── 65/112 2.6it/s 25.3s<18.2s
[K      20/20      4.94G     0.5394     0.3381      0.862        195       1024: 58% ━━━━━━━───── 66/112 2.7it/s 25.7s<17.2s
[K      20/20      4.94G     0.5362     0.3368     0.8611         76       1024: 59% ━━━━━━━───── 67/112 2.6it/s 26.1s<17.5s
[K      20/20      4.94G      0.536     0.3364     0.8602        143       1024: 60% ━━━━━━━───── 68/112 2.6it/s 26.5s<17.0s
[K      20/20      4.94G     0.5359     0.3368     0.8603         68       1024: 61% ━━━━━━━───── 69/112 2.5it/s 26.9s<17.1s
[K      20/20      4.94G     0.5348     0.3361     0.8595        197       1024: 62% ━━━━━━━───── 70/112 2.6it/s 27.3s<16.2s
[K      20/20      4.94G     0.5319     0.3346     0.8587        254       1024: 63% ━━━━━━━╸──── 71/112 2.5it/s 27.7s<16.1s
[K      20/20      4.94G      0.528     0.3327     0.8573        276       1024: 64% ━━━━━━━╸──── 72/112 2.6it/s 28.0s<15.1s
[K      20/20      4.94G     0.5283     0.3325     0.8575         97       1024: 65% ━━━━━━━╸──── 73/112 2.6it/s 28.5s<15.2s
[K      20/20      4.94G     0.5269     0.3315      0.857         98       1024: 66% ━━━━━━━╸──── 74/112 2.7it/s 28.8s<14.2s
[K      20/20      4.94G     0.5244     0.3302     0.8558        376       1024: 66% ━━━━━━━━──── 75/112 2.6it/s 29.2s<14.4s
[K      20/20      4.94G     0.5248     0.3307     0.8555        205       1024: 67% ━━━━━━━━──── 76/112 2.7it/s 29.6s<13.4s
[K      20/20      4.94G     0.5252     0.3307     0.8551        187       1024: 68% ━━━━━━━━──── 77/112 2.6it/s 30.0s<13.5s
[K      20/20      4.94G     0.5253     0.3304     0.8548        227       1024: 69% ━━━━━━━━──── 78/112 2.7it/s 30.3s<12.8s
[K      20/20      4.94G     0.5219     0.3288     0.8535        141       1024: 70% ━━━━━━━━──── 79/112 2.6it/s 30.8s<12.7s
[K      20/20      4.94G     0.5281      0.336     0.8611         12       1024: 71% ━━━━━━━━╸─── 80/112 2.7it/s 31.1s<11.8s
[K      20/20      4.94G     0.5253     0.3345     0.8603        251       1024: 72% ━━━━━━━━╸─── 81/112 2.6it/s 31.5s<11.8s
[K      20/20      4.94G     0.5238     0.3339     0.8606         75       1024: 73% ━━━━━━━━╸─── 82/112 2.7it/s 31.9s<11.2s
[K      20/20      4.94G      0.527     0.3362     0.8608        212       1024: 74% ━━━━━━━━╸─── 83/112 2.6it/s 32.3s<11.1s
[K      20/20      4.94G     0.5264     0.3355     0.8603        296       1024: 75% ━━━━━━━━━─── 84/112 2.7it/s 32.6s<10.4s
[K      20/20      4.94G     0.5233      0.334     0.8593        156       1024: 75% ━━━━━━━━━─── 85/112 2.6it/s 33.0s<10.4s
[K      20/20      4.94G     0.5236     0.3337      0.859        200       1024: 76% ━━━━━━━━━─── 86/112 2.7it/s 33.4s<9.7s
[K      20/20      4.94G     0.5234     0.3332     0.8586        100       1024: 77% ━━━━━━━━━─── 87/112 2.6it/s 33.8s<9.5s
[K      20/20      4.94G     0.5263     0.3343     0.8582        265       1024: 78% ━━━━━━━━━─── 88/112 2.6it/s 34.2s<9.1s
[K      20/20      4.94G     0.5266     0.3342     0.8583        170       1024: 79% ━━━━━━━━━╸── 89/112 2.6it/s 34.6s<9.0s
[K      20/20      4.94G     0.5266     0.3342     0.8583        170       1024: 79% ━━━━━━━━━╸── 89/112 2.6it/s 34.6s<9.0s

[K                 Class     Images  Instances      Box(P          R      mAP50  mAP50-95): 50% ━━━━━━────── 1/2 3.5s/it 1.1s<3.5s
[K                 Class     Images  Instances      Box(P          R      mAP50  mAP50-95): 100% ━━━━━━━━━━━━ 2/2 1.8it/s 1.1s
                   all          9       1052      0.581      0.303      0.329      0.212
[2026-09-28T13:04:18.548487+00:00] TRAIN improved epoch 20/20: optimizer=1165/1165, batches=90/112, loss=1.7190

20 epochs completed in 0.246 hours.
Optimizer stripped from C:\Users\hkjun\Documents\Codex\2026-09-27\new-chat\work\r04\training_logs\improved\weights\last.pt, 19.2MB
Optimizer stripped from C:\Users\hkjun\Documents\Codex\2026-09-27\new-chat\work\r04\training_logs\improved\weights\best.pt, 19.2MB

Validating C:\Users\hkjun\Documents\Codex\2026-09-27\new-chat\work\r04\training_logs\improved\weights\best.pt...
Ultralytics 8.4.120  Python-3.11.9 torch-2.12.1+cu130 CUDA:0 (NVIDIA GeForce RTX 5060 Laptop GPU, 8151MiB)
YOLO11s summary (fused): 101 layers, 9,414,348 parameters, 0 gradients, 21.4 GFLOPs

[K                 Class     Images  Instances      Box(P          R      mAP50  mAP50-95): 50% ━━━━━━────── 1/2 3.1s/it 0.9s<3.1s
[K                 Class     Images  Instances      Box(P          R      mAP50  mAP50-95): 100% ━━━━━━━━━━━━ 2/2 2.1it/s 1.0s
                   all          9       1052      0.549      0.322      0.344       0.22
Speed: 0.7ms preprocess, 16.9ms inference, 0.0ms loss, 1.5ms postprocess per image
[2026-09-28T13:04:20.471491+00:00] TRAIN improved COMPLETE: 1165 directly observed optimizer calls; 10 candidates ready for native validation
