New https://pypi.org/project/ultralytics/8.4.164 available  Update with 'pip install -U ultralytics'
Ultralytics 8.4.120  Python-3.11.9 torch-2.12.1+cu130 CUDA:0 (NVIDIA GeForce RTX 5060 Laptop GPU, 8151MiB)
[34m[1mengine\trainer: [0magnostic_nms=False, amp=False, angle=1.0, augment=False, auto_augment=randaugment, batch=4, bgr=0.0, box=7.5, cache=False, cfg=None, channels_last=False, classes=None, close_mosaic=10, cls=0.5, cls_pw=0.0, cls_remap=True, compile=False, conf=0.001, copy_paste=0.0, copy_paste_mode=flip, cos_lr=False, cutmix=0.0, data=C:\Users\hkjun\Documents\Codex\2026-09-27\new-chat\work\wafer_r01\data\data.yaml, degrees=0.0, deterministic=True, device=0, dfl=1.5, dgrad=0.5, dis=6.0, distill_model=None, dlam=1.0, dlog=1.0, dnn=False, dropout=0.0, dynamic=False, embed=None, end2end=None, epochs=10, erasing=0.4, exist_ok=False, fliplr=0.5, flipud=0.5, format=torchscript, fraction=1.0, freeze=None, hsv_h=0.0, hsv_s=0.0, hsv_v=0.15, imgsz=1024, iou=0.7, keras=False, kobj=1.0, line_width=None, lr0=0.001, lrf=0.01, mask_ratio=4, max_det=300, mixup=0.0, mode=train, model=C:\Users\hkjun\Documents\Codex\2026-09-27\new-chat\work\r03\models\yolo11n.pt, momentum=0.937, mosaic=0.0, multi_scale=0.0, name=yolo11n_10ep, nbs=8, nms=False, opset=None, optimize=False, optimizer=AdamW, overlap_mask=True, patience=20, perspective=0.0, plots=True, pose=12.0, pretrained=True, profile=False, project=C:\Users\hkjun\Documents\Codex\2026-09-27\new-chat\work\wafer_r01\runs, quantize=None, rect=False, resume=False, retina_masks=False, rle=1.0, save=True, save_conf=False, save_crop=False, save_dir=C:\Users\hkjun\Documents\Codex\2026-09-27\new-chat\work\wafer_r01\runs\yolo11n_10ep, save_frames=False, save_json=False, save_period=5, save_txt=False, scale=0.0, seed=42, shear=0.0, show=False, show_boxes=True, show_conf=True, show_labels=True, simplify=True, single_cls=False, source=None, split=val, stream_buffer=False, task=detect, time=None, tracker=tracktrack.yaml, translate=0.0, val=True, verbose=True, vid_stride=1, visualize=False, warmup_bias_lr=0.0, warmup_epochs=1, warmup_momentum=0.8, weight_decay=0.0005, workers=0, workspace=None
Overriding model.yaml nc=80 with nc=6

                   from  n    params  module                                       arguments                     
  0                  -1  1       464  ultralytics.nn.modules.conv.Conv             [3, 16, 3, 2]                 
  1                  -1  1      4672  ultralytics.nn.modules.conv.Conv             [16, 32, 3, 2]                
  2                  -1  1      6640  ultralytics.nn.modules.block.C3k2            [32, 64, 1, False, 0.25]      
  3                  -1  1     36992  ultralytics.nn.modules.conv.Conv             [64, 64, 3, 2]                
  4                  -1  1     26080  ultralytics.nn.modules.block.C3k2            [64, 128, 1, False, 0.25]     
  5                  -1  1    147712  ultralytics.nn.modules.conv.Conv             [128, 128, 3, 2]              
  6                  -1  1     87040  ultralytics.nn.modules.block.C3k2            [128, 128, 1, True]           
  7                  -1  1    295424  ultralytics.nn.modules.conv.Conv             [128, 256, 3, 2]              
  8                  -1  1    346112  ultralytics.nn.modules.block.C3k2            [256, 256, 1, True]           
  9                  -1  1    164608  ultralytics.nn.modules.block.SPPF            [256, 256, 5]                 
 10                  -1  1    249728  ultralytics.nn.modules.block.C2PSA           [256, 256, 1]                 
 11                  -1  1         0  torch.nn.modules.upsampling.Upsample         [None, 2, 'nearest']          
 12             [-1, 6]  1         0  ultralytics.nn.modules.conv.Concat           [1]                           
 13                  -1  1    111296  ultralytics.nn.modules.block.C3k2            [384, 128, 1, False]          
 14                  -1  1         0  torch.nn.modules.upsampling.Upsample         [None, 2, 'nearest']          
 15             [-1, 4]  1         0  ultralytics.nn.modules.conv.Concat           [1]                           
 16                  -1  1     32096  ultralytics.nn.modules.block.C3k2            [256, 64, 1, False]           
 17                  -1  1     36992  ultralytics.nn.modules.conv.Conv             [64, 64, 3, 2]                
 18            [-1, 13]  1         0  ultralytics.nn.modules.conv.Concat           [1]                           
 19                  -1  1     86720  ultralytics.nn.modules.block.C3k2            [192, 128, 1, False]          
 20                  -1  1    147712  ultralytics.nn.modules.conv.Conv             [128, 128, 3, 2]              
 21            [-1, 10]  1         0  ultralytics.nn.modules.conv.Concat           [1]                           
 22                  -1  1    378880  ultralytics.nn.modules.block.C3k2            [384, 256, 1, True]           
 23        [16, 19, 22]  1    431842  ultralytics.nn.modules.head.Detect           [6, 16, None, [64, 128, 256]] 
YOLO11n summary: 182 layers, 2,591,010 parameters, 2,590,994 gradients, 6.5 GFLOPs

Transferred 448/499 items from pretrained weights
Freezing layer 'model.23.dfl.conv.weight'
[34m[1mtrain: [0mFast image access  (ping: 0.00.0 ms, read: 867.3271.9 MB/s, size: 121.0 KB)

[K[34m[1mtrain: [0mScanning C:\Users\hkjun\Documents\Codex\2026-09-27\new-chat\work\wafer_r01\data\labels\train... 224 images, 0 backgrounds, 0 corrupt: 15% ━╸────────── 224/1472 662.6it/s 0.1s<1.9s
[K[34m[1mtrain: [0mScanning C:\Users\hkjun\Documents\Codex\2026-09-27\new-chat\work\wafer_r01\data\labels\train... 444 images, 0 backgrounds, 0 corrupt: 30% ━━━╸──────── 444/1472 1.1Kit/s 0.2s<0.9s
[K[34m[1mtrain: [0mScanning C:\Users\hkjun\Documents\Codex\2026-09-27\new-chat\work\wafer_r01\data\labels\train... 663 images, 0 backgrounds, 0 corrupt: 45% ━━━━━─────── 663/1472 1.4Kit/s 0.3s<0.6s
[K[34m[1mtrain: [0mScanning C:\Users\hkjun\Documents\Codex\2026-09-27\new-chat\work\wafer_r01\data\labels\train... 886 images, 0 backgrounds, 0 corrupt: 60% ━━━━━━━───── 886/1472 1.7Kit/s 0.4s<0.4s
[K[34m[1mtrain: [0mScanning C:\Users\hkjun\Documents\Codex\2026-09-27\new-chat\work\wafer_r01\data\labels\train... 1109 images, 0 backgrounds, 0 corrupt: 75% ━━━━━━━━━─── 1109/1472 1.8Kit/s 0.5s<0.2s
[K[34m[1mtrain: [0mScanning C:\Users\hkjun\Documents\Codex\2026-09-27\new-chat\work\wafer_r01\data\labels\train... 1324 images, 0 backgrounds, 0 corrupt: 89% ━━━━━━━━━━╸─ 1324/1472 1.9Kit/s 0.6s<0.1s
[K[34m[1mtrain: [0mScanning C:\Users\hkjun\Documents\Codex\2026-09-27\new-chat\work\wafer_r01\data\labels\train... 1472 images, 0 backgrounds, 0 corrupt: 100% ━━━━━━━━━━━━ 1472/1472 2.2Kit/s 0.7s
[34m[1mtrain: [0mNew cache created: C:\Users\hkjun\Documents\Codex\2026-09-27\new-chat\work\wafer_r01\data\labels\train.cache
[34m[1mval: [0mFast image access  (ping: 0.00.0 ms, read: 1145.6371.0 MB/s, size: 142.5 KB)

[K[34m[1mval: [0mScanning C:\Users\hkjun\Documents\Codex\2026-09-27\new-chat\work\wafer_r01\data\labels\val... 216 images, 0 backgrounds, 0 corrupt: 78% ━━━━━━━━━─── 216/275 643.0it/s 0.1s<0.1s
[K[34m[1mval: [0mScanning C:\Users\hkjun\Documents\Codex\2026-09-27\new-chat\work\wafer_r01\data\labels\val... 275 images, 0 backgrounds, 0 corrupt: 100% ━━━━━━━━━━━━ 275/275 2.2Kit/s 0.1s
[34m[1mval: [0mNew cache created: C:\Users\hkjun\Documents\Codex\2026-09-27\new-chat\work\wafer_r01\data\labels\val.cache
[34m[1moptimizer:[0m AdamW(lr=0.001, momentum=0.937) with parameter groups 81 weight(decay=0.0), 88 weight(decay=0.0005), 87 bias(decay=0.0)
Plotting labels to C:\Users\hkjun\Documents\Codex\2026-09-27\new-chat\work\wafer_r01\runs\yolo11n_10ep\labels.jpg... 
WAFER_TRAIN_STARTED 10 epochs FP32 batch4
Image sizes 1024 train, 1024 val
Using 0 dataloader workers
Logging results to [1mC:\Users\hkjun\Documents\Codex\2026-09-27\new-chat\work\wafer_r01\runs\yolo11n_10ep[0m
Starting training for 10 epochs...
Closing dataloader mosaic

      Epoch    GPU_mem   box_loss   cls_loss   dfl_loss  Instances       Size

[K       1/10      2.74G       4.22       14.4      2.786          6       1024: 0% ──────────── 0/368  1.9s
[K       1/10      2.76G      4.048      13.51      2.957          7       1024: 0% ──────────── 1/368 1.0s/it 2.2s<6:19
[K       1/10      2.76G      3.913      13.65      2.932          5       1024: 0% ──────────── 2/368 1.7it/s 2.5s<3:39
[K       1/10      2.76G      3.887       12.5      3.076          9       1024: 0% ──────────── 3/368 2.2it/s 2.8s<2:49
[K       1/10      2.76G      3.827       12.8      2.844          5       1024: 1% ──────────── 4/368 2.7it/s 3.1s<2:17
[K       1/10      2.76G      3.941      14.03      3.048          5       1024: 1% ──────────── 5/368 3.0it/s 3.4s<2:02
[K       1/10      2.76G      3.867      13.58      3.045          6       1024: 1% ──────────── 6/368 3.2it/s 3.6s<1:54
[K       1/10      2.76G      3.952      13.85      3.057          8       1024: 1% ──────────── 7/368 3.3it/s 3.9s<1:48
[K       1/10      2.76G      3.954       13.8      3.085          6       1024: 2% ──────────── 8/368 3.5it/s 4.2s<1:44
[K       1/10      2.76G       3.98      14.69      3.084          4       1024: 2% ──────────── 9/368 3.6it/s 4.4s<1:40
[K       1/10      2.76G       4.03      14.95      3.017          9       1024: 2% ──────────── 10/368 3.7it/s 4.7s<1:38
[K       1/10      2.76G      4.101      15.47      3.057          6       1024: 2% ──────────── 11/368 3.6it/s 5.0s<1:38
[K       1/10      2.76G      3.901      14.95      2.949          5       1024: 3% ──────────── 12/368 3.7it/s 5.2s<1:36
[K       1/10      2.76G      3.883      14.59       2.92          9       1024: 3% ──────────── 13/368 3.7it/s 5.5s<1:35
[K       1/10      2.76G      3.811      14.09      2.918          8       1024: 3% ──────────── 14/368 3.8it/s 5.8s<1:33
[K       1/10      2.76G      3.834      14.18      2.917          6       1024: 4% ──────────── 15/368 3.8it/s 6.0s<1:33
[K       1/10      2.76G       3.78      13.81      2.875          8       1024: 4% ╸─────────── 16/368 3.8it/s 6.3s<1:33
[K       1/10      2.76G      3.748      13.76      2.834          8       1024: 4% ╸─────────── 17/368 3.8it/s 6.5s<1:32
[K       1/10      2.76G      3.769      13.54      2.853         11       1024: 4% ╸─────────── 18/368 3.9it/s 6.8s<1:30
[K       1/10      2.76G      3.743      13.19      2.848         15       1024: 5% ╸─────────── 19/368 3.9it/s 7.0s<1:30
[K       1/10      2.76G      3.721      13.17      2.818          6       1024: 5% ╸─────────── 20/368 3.8it/s 7.3s<1:32
[K       1/10      2.76G      3.685       13.1      2.794          5       1024: 5% ╸─────────── 21/368 3.9it/s 7.6s<1:30
[K       1/10      2.76G      3.669      13.01      2.787          6       1024: 5% ╸─────────── 22/368 3.8it/s 7.8s<1:32
[K       1/10      2.76G      3.627      12.92      2.764          5       1024: 6% ╸─────────── 23/368 3.8it/s 8.1s<1:31
[K       1/10      2.76G      3.624      12.71      2.765         12       1024: 6% ╸─────────── 24/368 3.8it/s 8.4s<1:31
[K       1/10      2.76G      3.617      12.95      2.734          4       1024: 6% ╸─────────── 25/368 3.7it/s 8.7s<1:32
[K       1/10      2.76G      3.597      12.85      2.714          7       1024: 7% ╸─────────── 26/368 3.8it/s 8.9s<1:31
[K       1/10      2.76G      3.592      13.12      2.705          4       1024: 7% ╸─────────── 27/368 3.8it/s 9.2s<1:30
[K       1/10      2.76G      3.575      13.11      2.693          5       1024: 7% ╸─────────── 28/368 3.9it/s 9.4s<1:28
[K       1/10      2.76G      3.541      12.97      2.658          7       1024: 7% ╸─────────── 29/368 3.9it/s 9.7s<1:28
[K       1/10      2.76G      3.529      12.94      2.655          4       1024: 8% ╸─────────── 30/368 3.9it/s 9.9s<1:27
[K       1/10      2.76G      3.505      12.84      2.635          6       1024: 8% ━─────────── 31/368 4.0it/s 10.2s<1:25
[K       1/10      2.76G      3.486      12.66      2.627         12       1024: 8% ━─────────── 32/368 3.9it/s 10.4s<1:25
[K       1/10      2.76G      3.469      12.52      2.602          8       1024: 8% ━─────────── 33/368 3.9it/s 10.7s<1:25
[K       1/10      2.76G      3.466      12.48      2.582          7       1024: 9% ━─────────── 34/368 3.9it/s 11.0s<1:26
[K       1/10      2.76G       3.43      12.38      2.565          4       1024: 9% ━─────────── 35/368 3.9it/s 11.2s<1:25
[K       1/10      2.76G        3.4      12.36      2.538          4       1024: 9% ━─────────── 36/368 3.9it/s 11.5s<1:25
[K       1/10      2.76G      3.389      12.25      2.521          8       1024: 10% ━─────────── 37/368 3.9it/s 11.7s<1:25
[K       1/10      2.76G      3.357      12.12      2.495          7       1024: 10% ━─────────── 38/368 3.9it/s 12.0s<1:24
[K       1/10      2.76G      3.329      12.01      2.487          5       1024: 10% ━─────────── 39/368 3.9it/s 12.2s<1:24
[K       1/10      2.76G      3.304       11.9      2.469          7       1024: 10% ━─────────── 40/368 3.9it/s 12.5s<1:25
[K       1/10      2.76G      3.292      11.83      2.453          6       1024: 11% ━─────────── 41/368 3.9it/s 12.8s<1:25
[K       1/10      2.76G      3.281      11.75      2.433          8       1024: 11% ━─────────── 42/368 3.9it/s 13.0s<1:24
[K       1/10      2.76G       3.27      11.67      2.421          7       1024: 11% ━─────────── 43/368 3.9it/s 13.3s<1:23
[K       1/10      2.76G      3.241      11.63      2.403          4       1024: 11% ━─────────── 44/368 3.9it/s 13.5s<1:24
[K       1/10      2.76G      3.229      11.52      2.401         13       1024: 12% ━─────────── 45/368 3.9it/s 13.8s<1:24
[K       1/10      2.76G      3.221      11.44      2.389          8       1024: 12% ━─────────── 46/368 3.9it/s 14.0s<1:23
[K       1/10      2.76G      3.196      11.35      2.374          7       1024: 12% ━╸────────── 47/368 3.8it/s 14.3s<1:25
[K       1/10      2.76G      3.185       11.3      2.363          5       1024: 13% ━╸────────── 48/368 3.8it/s 14.6s<1:24
[K       1/10      2.76G      3.166      11.22      2.349          6       1024: 13% ━╸────────── 49/368 3.8it/s 14.8s<1:24
[K       1/10      2.76G      3.148      11.11       2.34         12       1024: 13% ━╸────────── 50/368 3.8it/s 15.1s<1:24
[K       1/10      2.76G      3.127      11.04      2.327          6       1024: 13% ━╸────────── 51/368 3.8it/s 15.4s<1:24
[K       1/10      2.76G      3.107      10.93      2.317         12       1024: 14% ━╸────────── 52/368 3.8it/s 15.6s<1:23
[K       1/10      2.76G      3.091      10.86      2.313          9       1024: 14% ━╸────────── 53/368 3.7it/s 15.9s<1:24
[K       1/10      2.76G       3.08      10.79      2.298          6       1024: 14% ━╸────────── 54/368 3.8it/s 16.2s<1:23
[K       1/10      2.76G      3.063      10.74      2.286          5       1024: 14% ━╸────────── 55/368 3.8it/s 16.4s<1:22
[K       1/10      2.76G      3.049      10.65      2.288          9       1024: 15% ━╸────────── 56/368 3.8it/s 16.7s<1:21
[K       1/10      2.76G      3.032      10.59      2.271          7       1024: 15% ━╸────────── 57/368 3.9it/s 16.9s<1:20
[K       1/10      2.76G       3.03      10.56       2.27          5       1024: 15% ━╸────────── 58/368 3.9it/s 17.2s<1:19
[K       1/10      2.76G      3.021      10.52      2.268          5       1024: 16% ━╸────────── 59/368 3.9it/s 17.4s<1:19
[K       1/10      2.76G      3.009      10.44      2.258         15       1024: 16% ━╸────────── 60/368 3.8it/s 17.7s<1:20
[K       1/10      2.76G      2.991      10.42      2.253          4       1024: 16% ━╸────────── 61/368 3.9it/s 18.0s<1:18
[K       1/10      2.76G       2.98      10.43       2.24          4       1024: 16% ━━────────── 62/368 4.0it/s 18.2s<1:16
[K       1/10      2.76G      2.979      10.41      2.235          5       1024: 17% ━━────────── 63/368 4.1it/s 18.4s<1:15
[K       1/10      2.76G      2.968      10.35      2.235          4       1024: 17% ━━────────── 64/368 4.0it/s 18.7s<1:16
[K       1/10      2.76G      2.958      10.31       2.23          4       1024: 17% ━━────────── 65/368 4.1it/s 18.9s<1:15
[K       1/10      2.76G      2.948      10.31      2.219          5       1024: 17% ━━────────── 66/368 4.1it/s 19.2s<1:14
[K       1/10      2.76G      2.941      10.26      2.212          8       1024: 18% ━━────────── 67/368 4.1it/s 19.4s<1:13
[K       1/10      2.76G      2.934       10.2      2.211          6       1024: 18% ━━────────── 68/368 4.0it/s 19.7s<1:15
[K       1/10      2.76G      2.927      10.18      2.203          5       1024: 18% ━━────────── 69/368 4.0it/s 19.9s<1:15
[K       1/10      2.76G      2.924      10.12      2.199         10       1024: 19% ━━────────── 70/368 3.9it/s 20.2s<1:16
[K       1/10      2.76G      2.921      10.08      2.197          6       1024: 19% ━━────────── 71/368 3.9it/s 20.5s<1:16
[K       1/10      2.76G      2.907      10.05      2.189          4       1024: 19% ━━────────── 72/368 3.9it/s 20.7s<1:16
[K       1/10      2.76G      2.896      10.02      2.176          6       1024: 19% ━━────────── 73/368 3.9it/s 21.0s<1:15
[K       1/10      2.76G      2.889      9.987      2.167          6       1024: 20% ━━────────── 74/368 3.8it/s 21.2s<1:17
[K       1/10      2.76G      2.882       9.95      2.166          5       1024: 20% ━━────────── 75/368 3.9it/s 21.5s<1:16
[K       1/10      2.76G      2.876      9.962       2.16          4       1024: 20% ━━────────── 76/368 3.8it/s 21.8s<1:17
[K       1/10      2.76G      2.879      9.955       2.16          4       1024: 20% ━━╸───────── 77/368 3.8it/s 22.0s<1:17
[K       1/10      2.76G      2.873      9.943       2.16          5       1024: 21% ━━╸───────── 78/368 3.8it/s 22.3s<1:17
[K       1/10      2.76G      2.868      9.891      2.157         10       1024: 21% ━━╸───────── 79/368 3.8it/s 22.6s<1:17
[K       1/10      2.76G      2.859      9.848       2.15          6       1024: 21% ━━╸───────── 80/368 3.9it/s 22.8s<1:14
[K       1/10      2.76G      2.849      9.822      2.144          4       1024: 22% ━━╸───────── 81/368 3.9it/s 23.1s<1:14
[K       1/10      2.76G      2.844      9.771      2.139          8       1024: 22% ━━╸───────── 82/368 3.9it/s 23.3s<1:14
[K       1/10      2.76G      2.843      9.742      2.141          7       1024: 22% ━━╸───────── 83/368 3.9it/s 23.6s<1:13
[K       1/10      2.76G      2.842      9.708      2.146          8       1024: 22% ━━╸───────── 84/368 3.9it/s 23.9s<1:14
[K       1/10      2.76G      2.839      9.679      2.141          6       1024: 23% ━━╸───────── 85/368 3.9it/s 24.1s<1:13
[K       1/10      2.76G      2.829       9.63      2.134          6       1024: 23% ━━╸───────── 86/368 3.8it/s 24.4s<1:14
[K       1/10      2.76G      2.819       9.61      2.132          5       1024: 23% ━━╸───────── 87/368 3.8it/s 24.6s<1:13
[K       1/10      2.76G      2.819      9.586      2.127          7       1024: 23% ━━╸───────── 88/368 3.9it/s 24.9s<1:13
[K       1/10      2.76G      2.815      9.578      2.121          6       1024: 24% ━━╸───────── 89/368 3.9it/s 25.1s<1:12
[K       1/10      2.76G      2.815      9.543      2.124          6       1024: 24% ━━╸───────── 90/368 3.8it/s 25.4s<1:13
[K       1/10      2.76G      2.813      9.505      2.121          7       1024: 24% ━━╸───────── 91/368 3.8it/s 25.7s<1:13
[K       1/10      2.76G      2.807      9.474      2.119          5       1024: 25% ━━━───────── 92/368 3.9it/s 25.9s<1:11
[K       1/10      2.76G      2.806      9.453       2.12          6       1024: 25% ━━━───────── 93/368 3.9it/s 26.2s<1:10
[K       1/10      2.76G      2.806      9.416      2.121         11       1024: 25% ━━━───────── 94/368 4.0it/s 26.4s<1:09
[K       1/10      2.76G      2.804      9.435      2.117          4       1024: 25% ━━━───────── 95/368 3.9it/s 26.7s<1:10
[K       1/10      2.76G      2.799      9.422      2.111          5       1024: 26% ━━━───────── 96/368 3.9it/s 26.9s<1:09
[K       1/10      2.76G      2.795       9.39      2.108          8       1024: 26% ━━━───────── 97/368 4.0it/s 27.2s<1:08
[K       1/10      2.76G      2.788      9.364      2.109          5       1024: 26% ━━━───────── 98/368 3.9it/s 27.4s<1:09
[K       1/10      2.76G      2.782      9.317      2.109         10       1024: 26% ━━━───────── 99/368 3.9it/s 27.7s<1:10
[K       1/10      2.76G      2.776      9.281      2.106          6       1024: 27% ━━━───────── 100/368 4.0it/s 28.0s<1:08
[K       1/10      2.76G      2.774      9.251      2.106          9       1024: 27% ━━━───────── 101/368 4.0it/s 28.2s<1:07
[K       1/10      2.76G      2.771      9.208      2.105         12       1024: 27% ━━━───────── 102/368 3.9it/s 28.5s<1:08
[K       1/10      2.76G      2.764      9.177      2.097          8       1024: 27% ━━━───────── 103/368 3.9it/s 28.7s<1:08
[K       1/10      2.76G      2.761      9.139      2.097         11       1024: 28% ━━━───────── 104/368 3.9it/s 29.0s<1:07
[K       1/10      2.76G      2.754      9.103      2.092          6       1024: 28% ━━━───────── 105/368 3.9it/s 29.2s<1:07
[K       1/10      2.76G      2.751      9.073      2.086          7       1024: 28% ━━━───────── 106/368 3.9it/s 29.5s<1:07
[K       1/10      2.76G      2.745      9.043      2.083          8       1024: 29% ━━━───────── 107/368 3.9it/s 29.7s<1:07
[K       1/10      2.76G      2.735      9.018      2.077          5       1024: 29% ━━━╸──────── 108/368 3.9it/s 30.0s<1:06
[K       1/10      2.76G      2.732      8.988      2.078          7       1024: 29% ━━━╸──────── 109/368 3.9it/s 30.3s<1:06
[K       1/10      2.76G      2.725      8.974      2.071          5       1024: 29% ━━━╸──────── 110/368 3.9it/s 30.5s<1:06
[K       1/10      2.76G      2.725      8.951      2.069          6       1024: 30% ━━━╸──────── 111/368 4.0it/s 30.8s<1:05
[K       1/10      2.76G      2.721      8.923      2.066          6       1024: 30% ━━━╸──────── 112/368 4.0it/s 31.0s<1:04
[K       1/10      2.76G      2.722      8.902      2.063          8       1024: 30% ━━━╸──────── 113/368 4.0it/s 31.3s<1:05
[K       1/10      2.76G      2.718      8.875      2.061          6       1024: 30% ━━━╸──────── 114/368 3.9it/s 31.5s<1:05
[K       1/10      2.76G      2.712       8.85      2.058          6       1024: 31% ━━━╸──────── 115/368 3.9it/s 31.8s<1:04
[K       1/10      2.76G      2.703      8.824      2.054          5       1024: 31% ━━━╸──────── 116/368 3.8it/s 32.1s<1:06
[K       1/10      2.76G      2.699      8.819      2.051          5       1024: 31% ━━━╸──────── 117/368 3.8it/s 32.3s<1:07
[K       1/10      2.76G      2.693      8.809      2.049          4       1024: 32% ━━━╸──────── 118/368 3.8it/s 32.6s<1:06
[K       1/10      2.76G       2.69      8.804      2.046          4       1024: 32% ━━━╸──────── 119/368 3.8it/s 32.9s<1:06
[K       1/10      2.76G      2.686      8.802      2.043          4       1024: 32% ━━━╸──────── 120/368 3.8it/s 33.1s<1:05
[K       1/10      2.76G      2.686       8.79      2.052          6       1024: 32% ━━━╸──────── 121/368 3.9it/s 33.4s<1:03
[K       1/10      2.76G      2.687      8.766       2.05          9       1024: 33% ━━━╸──────── 122/368 3.9it/s 33.6s<1:03
[K       1/10      2.76G      2.683      8.734      2.049         11       1024: 33% ━━━━──────── 123/368 3.8it/s 33.9s<1:04
[K       1/10      2.76G      2.677       8.71      2.044          8       1024: 33% ━━━━──────── 124/368 3.8it/s 34.2s<1:04
[K       1/10      2.76G      2.671      8.675      2.041          5       1024: 33% ━━━━──────── 125/368 3.8it/s 34.4s<1:04
[K       1/10      2.76G       2.67      8.653      2.043          5       1024: 34% ━━━━──────── 126/368 3.8it/s 34.7s<1:04
[K       1/10      2.76G      2.669      8.646      2.039          6       1024: 34% ━━━━──────── 127/368 3.8it/s 34.9s<1:03
[K       1/10      2.76G      2.668      8.632       2.04          7       1024: 34% ━━━━──────── 128/368 3.8it/s 35.2s<1:03
[K       1/10      2.76G      2.665       8.63      2.037          4       1024: 35% ━━━━──────── 129/368 3.8it/s 35.5s<1:03
[K       1/10      2.76G      2.662      8.605      2.035          5       1024: 35% ━━━━──────── 130/368 3.8it/s 35.7s<1:02
[K       1/10      2.76G       2.66      8.576      2.035         10       1024: 35% ━━━━──────── 131/368 3.9it/s 36.0s<1:01
[K       1/10      2.76G      2.658      8.577      2.036          5       1024: 35% ━━━━──────── 132/368 3.9it/s 36.2s<1:01
[K       1/10      2.76G      2.655      8.564      2.035          5       1024: 36% ━━━━──────── 133/368 3.9it/s 36.5s<1:01
[K       1/10      2.76G      2.654      8.556      2.034          5       1024: 36% ━━━━──────── 134/368 4.0it/s 36.7s<58.9s
[K       1/10      2.76G       2.65      8.537      2.032          6       1024: 36% ━━━━──────── 135/368 4.0it/s 37.0s<58.7s
[K       1/10      2.76G      2.648      8.514      2.033          8       1024: 36% ━━━━──────── 136/368 4.0it/s 37.2s<58.7s
[K       1/10      2.76G      2.645      8.494      2.032          7       1024: 37% ━━━━──────── 137/368 3.9it/s 37.5s<59.5s
[K       1/10      2.76G      2.643      8.476       2.03          7       1024: 37% ━━━━──────── 138/368 3.9it/s 37.8s<58.9s
[K       1/10      2.76G      2.641      8.452      2.028          7       1024: 37% ━━━━╸─────── 139/368 3.9it/s 38.0s<59.0s
[K       1/10      2.76G      2.641      8.438      2.029          5       1024: 38% ━━━━╸─────── 140/368 3.8it/s 38.3s<59.6s
[K       1/10      2.76G      2.647       8.44      2.033          4       1024: 38% ━━━━╸─────── 141/368 3.9it/s 38.5s<58.3s
[K       1/10      2.76G      2.649      8.419      2.035          8       1024: 38% ━━━━╸─────── 142/368 3.9it/s 38.8s<57.8s
[K       1/10      2.76G      2.647      8.395      2.031          8       1024: 38% ━━━━╸─────── 143/368 3.8it/s 39.1s<58.9s
[K       1/10      2.76G      2.645      8.368      2.032          7       1024: 39% ━━━━╸─────── 144/368 3.8it/s 39.3s<58.7s
[K       1/10      2.76G      2.642      8.352      2.031          5       1024: 39% ━━━━╸─────── 145/368 3.8it/s 39.6s<58.6s
[K       1/10      2.76G      2.636      8.328      2.026          8       1024: 39% ━━━━╸─────── 146/368 3.8it/s 39.9s<59.1s
[K       1/10      2.76G      2.632      8.313      2.024          4       1024: 39% ━━━━╸─────── 147/368 3.7it/s 40.1s<59.1s
[K       1/10      2.76G      2.627      8.289      2.018          6       1024: 40% ━━━━╸─────── 148/368 3.8it/s 40.4s<58.5s
[K       1/10      2.76G      2.628      8.267      2.021          9       1024: 40% ━━━━╸─────── 149/368 3.8it/s 40.7s<58.0s
[K       1/10      2.76G      2.622      8.249      2.017          5       1024: 40% ━━━━╸─────── 150/368 3.8it/s 40.9s<57.7s
[K       1/10      2.76G       2.62      8.223      2.016         11       1024: 41% ━━━━╸─────── 151/368 3.8it/s 41.2s<56.6s
[K       1/10      2.76G      2.617      8.201      2.016          8       1024: 41% ━━━━╸─────── 152/368 3.8it/s 41.4s<56.2s
[K       1/10      2.76G      2.613      8.179      2.011          6       1024: 41% ━━━━╸─────── 153/368 3.8it/s 41.7s<57.0s
[K       1/10      2.76G      2.611      8.162      2.008          5       1024: 41% ━━━━━─────── 154/368 3.8it/s 42.0s<55.8s
[K       1/10      2.76G      2.613      8.138      2.015         11       1024: 42% ━━━━━─────── 155/368 3.8it/s 42.2s<56.0s
[K       1/10      2.76G      2.612      8.125      2.016          8       1024: 42% ━━━━━─────── 156/368 3.8it/s 42.5s<56.0s
[K       1/10      2.76G      2.614      8.109       2.02          8       1024: 42% ━━━━━─────── 157/368 3.7it/s 42.8s<56.4s
[K       1/10      2.76G      2.612      8.109      2.021          4       1024: 42% ━━━━━─────── 158/368 3.8it/s 43.0s<55.4s
[K       1/10      2.76G       2.61      8.091      2.019          6       1024: 43% ━━━━━─────── 159/368 3.8it/s 43.3s<55.4s
[K       1/10      2.76G      2.614      8.082      2.023          5       1024: 43% ━━━━━─────── 160/368 3.8it/s 43.6s<55.4s
[K       1/10      2.76G      2.609      8.062      2.021          4       1024: 43% ━━━━━─────── 161/368 3.8it/s 43.8s<54.0s
[K       1/10      2.76G      2.606      8.047      2.018          5       1024: 44% ━━━━━─────── 162/368 3.8it/s 44.1s<54.5s
[K       1/10      2.76G      2.603      8.028      2.017          4       1024: 44% ━━━━━─────── 163/368 3.8it/s 44.3s<53.3s
[K       1/10      2.76G      2.608      8.029      2.019          5       1024: 44% ━━━━━─────── 164/368 3.9it/s 44.6s<52.5s
[K       1/10      2.76G      2.604      8.006      2.018          5       1024: 44% ━━━━━─────── 165/368 3.8it/s 44.9s<52.8s
[K       1/10      2.76G      2.601       7.99      2.018          6       1024: 45% ━━━━━─────── 166/368 3.8it/s 45.1s<52.8s
[K       1/10      2.76G      2.599       7.97      2.017          5       1024: 45% ━━━━━─────── 167/368 3.9it/s 45.4s<52.1s
[K       1/10      2.76G      2.597       7.95      2.016          9       1024: 45% ━━━━━─────── 168/368 3.8it/s 45.7s<53.0s
[K       1/10      2.76G      2.593      7.937      2.014          5       1024: 45% ━━━━━╸────── 169/368 3.7it/s 45.9s<53.4s
[K       1/10      2.76G      2.592      7.924      2.013          5       1024: 46% ━━━━━╸────── 170/368 3.8it/s 46.2s<51.9s
[K       1/10      2.76G      2.589      7.903      2.009          8       1024: 46% ━━━━━╸────── 171/368 3.8it/s 46.5s<51.8s
[K       1/10      2.76G      2.587      7.884      2.006          6       1024: 46% ━━━━━╸────── 172/368 3.8it/s 46.7s<51.8s
[K       1/10      2.76G      2.584      7.862      2.005         12       1024: 47% ━━━━━╸────── 173/368 3.7it/s 47.0s<52.2s
[K       1/10      2.76G      2.586      7.851      2.009          7       1024: 47% ━━━━━╸────── 174/368 3.8it/s 47.3s<51.3s
[K       1/10      2.76G      2.588      7.834      2.011          8       1024: 47% ━━━━━╸────── 175/368 3.7it/s 47.5s<51.9s
[K       1/10      2.76G      2.587      7.825      2.009          4       1024: 47% ━━━━━╸────── 176/368 3.8it/s 47.8s<50.7s
[K       1/10      2.76G      2.589       7.81      2.013          7       1024: 48% ━━━━━╸────── 177/368 3.8it/s 48.0s<49.9s
[K       1/10      2.76G      2.586        7.8       2.01          4       1024: 48% ━━━━━╸────── 178/368 3.8it/s 48.3s<49.6s
[K       1/10      2.76G      2.582      7.781      2.005          6       1024: 48% ━━━━━╸────── 179/368 3.9it/s 48.6s<48.4s
[K       1/10      2.76G       2.58      7.765      2.004          6       1024: 48% ━━━━━╸────── 180/368 4.0it/s 48.8s<47.1s
[K       1/10      2.76G      2.578       7.76      2.002          4       1024: 49% ━━━━━╸────── 181/368 4.1it/s 49.0s<46.0s
[K       1/10      2.76G      2.579      7.748      2.001          7       1024: 49% ━━━━━╸────── 182/368 4.1it/s 49.3s<45.7s
[K       1/10      2.76G      2.577      7.729          2          6       1024: 49% ━━━━━╸────── 183/368 4.1it/s 49.5s<45.1s
[K       1/10      2.76G      2.573      7.722      1.996          4       1024: 50% ━━━━━━────── 184/368 4.6it/s 49.7s<40.0s
[K       1/10      2.77G      2.574      7.711      1.999          8       1024: 50% ━━━━━━────── 185/368 4.4it/s 49.9s<41.5s
[K       1/10      2.77G      2.571      7.693      1.995          6       1024: 50% ━━━━━━────── 186/368 4.8it/s 50.1s<38.2s
[K       1/10      2.77G       2.57      7.681      1.992          4       1024: 50% ━━━━━━────── 187/368 4.6it/s 50.4s<39.3s
[K       1/10      2.77G      2.569      7.665      1.991          9       1024: 51% ━━━━━━────── 188/368 4.9it/s 50.5s<36.5s
[K       1/10      2.77G      2.568      7.649      1.991          7       1024: 51% ━━━━━━────── 189/368 4.6it/s 50.8s<38.8s
[K       1/10      2.77G      2.566      7.635      1.992          7       1024: 51% ━━━━━━────── 190/368 4.9it/s 51.0s<36.0s
[K       1/10      2.77G      2.566      7.619      1.991         10       1024: 51% ━━━━━━────── 191/368 4.7it/s 51.2s<37.7s
[K       1/10      2.77G      2.564        7.6       1.99          5       1024: 52% ━━━━━━────── 192/368 5.0it/s 51.4s<35.5s
[K       1/10      2.77G      2.563      7.591      1.989          4       1024: 52% ━━━━━━────── 193/368 4.7it/s 51.6s<37.1s
[K       1/10      2.77G      2.561      7.571      1.987          7       1024: 52% ━━━━━━────── 194/368 5.0it/s 51.8s<35.1s
[K       1/10      2.77G       2.56      7.552      1.988         10       1024: 52% ━━━━━━────── 195/368 4.8it/s 52.0s<36.3s
[K       1/10      2.77G      2.559      7.538      1.986          6       1024: 53% ━━━━━━────── 196/368 4.9it/s 52.2s<35.0s
[K       1/10      2.77G      2.557      7.518      1.985         14       1024: 53% ━━━━━━────── 197/368 4.7it/s 52.5s<36.3s
[K       1/10      2.77G      2.556      7.505      1.983          4       1024: 53% ━━━━━━────── 198/368 5.2it/s 52.6s<32.6s
[K       1/10      2.77G      2.554      7.487       1.98          6       1024: 54% ━━━━━━────── 199/368 4.9it/s 52.9s<34.3s
[K       1/10      2.77G      2.553      7.471      1.981         10       1024: 54% ━━━━━━╸───── 200/368 5.1it/s 53.0s<32.9s
[K       1/10      2.77G      2.551      7.459      1.981          6       1024: 54% ━━━━━━╸───── 201/368 4.9it/s 53.3s<34.2s
[K       1/10      2.77G      2.552      7.444      1.983         10       1024: 54% ━━━━━━╸───── 202/368 5.1it/s 53.4s<32.9s
[K       1/10      2.77G      2.552      7.443      1.981          4       1024: 55% ━━━━━━╸───── 203/368 4.8it/s 53.7s<34.6s
[K       1/10      2.77G      2.552      7.429      1.981          5       1024: 55% ━━━━━━╸───── 204/368 5.0it/s 53.9s<32.7s
[K       1/10      2.77G      2.554      7.419       1.98          4       1024: 55% ━━━━━━╸───── 205/368 4.8it/s 54.1s<34.1s
[K       1/10      2.77G      2.553      7.403      1.978          8       1024: 55% ━━━━━━╸───── 206/368 5.1it/s 54.3s<31.9s
[K       1/10      2.77G      2.551      7.392      1.977          5       1024: 56% ━━━━━━╸───── 207/368 4.8it/s 54.5s<33.4s
[K       1/10      2.77G      2.549      7.375      1.976          5       1024: 56% ━━━━━━╸───── 208/368 5.1it/s 54.7s<31.3s
[K       1/10      2.77G      2.549       7.36      1.976          6       1024: 56% ━━━━━━╸───── 209/368 4.9it/s 54.9s<32.6s
[K       1/10      2.77G      2.547      7.347      1.974          6       1024: 57% ━━━━━━╸───── 210/368 5.2it/s 55.1s<30.6s
[K       1/10      2.77G      2.545       7.33      1.974          5       1024: 57% ━━━━━━╸───── 211/368 5.0it/s 55.3s<31.3s
[K       1/10      2.77G      2.546      7.317      1.975          5       1024: 57% ━━━━━━╸───── 212/368 5.2it/s 55.5s<29.8s
[K       1/10      2.77G      2.542        7.3      1.973          5       1024: 57% ━━━━━━╸───── 213/368 4.9it/s 55.7s<31.4s
[K       1/10      2.77G      2.541      7.288      1.972          6       1024: 58% ━━━━━━╸───── 214/368 5.2it/s 55.9s<29.8s
[K       1/10      2.77G      2.536      7.274       1.97          4       1024: 58% ━━━━━━━───── 215/368 4.9it/s 56.1s<31.3s
[K       1/10      2.77G      2.538      7.262       1.97          7       1024: 58% ━━━━━━━───── 216/368 5.2it/s 56.3s<29.4s
[K       1/10      2.77G      2.537      7.245      1.969          6       1024: 58% ━━━━━━━───── 217/368 4.9it/s 56.5s<30.8s
[K       1/10      2.77G      2.536      7.231      1.967          6       1024: 59% ━━━━━━━───── 218/368 5.2it/s 56.7s<28.9s
[K       1/10      2.77G      2.536       7.22      1.969          6       1024: 59% ━━━━━━━───── 219/368 5.0it/s 56.9s<29.9s
[K       1/10      2.77G      2.534      7.203      1.969         17       1024: 59% ━━━━━━━───── 220/368 5.2it/s 57.1s<28.3s
[K       1/10      2.77G      2.534      7.193      1.968          4       1024: 60% ━━━━━━━───── 221/368 4.9it/s 57.3s<29.7s
[K       1/10      2.77G      2.531      7.187      1.968          5       1024: 60% ━━━━━━━───── 222/368 5.2it/s 57.5s<28.1s
[K       1/10      2.77G      2.529      7.172      1.967          7       1024: 60% ━━━━━━━───── 223/368 4.9it/s 57.7s<29.6s
[K       1/10      2.77G      2.529      7.159      1.968          6       1024: 60% ━━━━━━━───── 224/368 5.2it/s 57.9s<27.8s
[K       1/10      2.77G      2.527      7.144      1.967          7       1024: 61% ━━━━━━━───── 225/368 4.9it/s 58.2s<29.3s
[K       1/10      2.77G      2.527      7.131      1.968          5       1024: 61% ━━━━━━━───── 226/368 5.1it/s 58.3s<27.6s
[K       1/10      2.77G      2.526      7.122      1.967          4       1024: 61% ━━━━━━━───── 227/368 4.8it/s 58.6s<29.1s
[K       1/10      2.77G      2.526       7.11      1.967          9       1024: 61% ━━━━━━━───── 228/368 5.1it/s 58.7s<27.4s
[K       1/10      2.77G      2.525      7.096      1.967          4       1024: 62% ━━━━━━━───── 229/368 4.8it/s 59.0s<29.1s
[K       1/10      2.77G      2.525       7.08      1.967          7       1024: 62% ━━━━━━━───── 230/368 5.0it/s 59.2s<27.4s
[K       1/10      2.77G      2.524      7.073      1.964          4       1024: 62% ━━━━━━━╸──── 231/368 4.8it/s 59.4s<28.8s
[K       1/10      2.77G      2.524      7.059      1.965         11       1024: 63% ━━━━━━━╸──── 232/368 4.9it/s 59.6s<27.6s
[K       1/10      2.77G      2.522      7.041      1.962          9       1024: 63% ━━━━━━━╸──── 233/368 4.7it/s 59.8s<28.8s
[K       1/10      2.77G      2.524      7.027      1.963         10       1024: 63% ━━━━━━━╸──── 234/368 4.9it/s 1:00<27.2s
[K       1/10      2.77G      2.524      7.014      1.964          8       1024: 63% ━━━━━━━╸──── 235/368 4.7it/s 1:00<28.4s
[K       1/10      2.77G      2.526      7.003      1.967          6       1024: 64% ━━━━━━━╸──── 236/368 4.9it/s 1:00<26.9s
[K       1/10      2.77G      2.524       6.99      1.965          6       1024: 64% ━━━━━━━╸──── 237/368 4.6it/s 1:01<28.3s
[K       1/10      2.77G      2.522      6.979      1.964          5       1024: 64% ━━━━━━━╸──── 238/368 4.9it/s 1:01<26.8s
[K       1/10      2.77G      2.521      6.963      1.962          9       1024: 64% ━━━━━━━╸──── 239/368 4.6it/s 1:01<27.7s
[K       1/10      2.77G       2.52      6.949      1.961          7       1024: 65% ━━━━━━━╸──── 240/368 5.0it/s 1:01<25.8s
[K       1/10      2.77G      2.518      6.938      1.959          6       1024: 65% ━━━━━━━╸──── 241/368 4.7it/s 1:02<27.2s
[K       1/10      2.77G      2.518      6.926      1.959          7       1024: 65% ━━━━━━━╸──── 242/368 4.9it/s 1:02<25.5s
[K       1/10      2.77G      2.519      6.914      1.961          7       1024: 66% ━━━━━━━╸──── 243/368 4.7it/s 1:02<26.8s
[K       1/10      2.77G      2.518      6.902       1.96          8       1024: 66% ━━━━━━━╸──── 244/368 5.0it/s 1:02<24.9s
[K       1/10      2.77G      2.516      6.891      1.958          6       1024: 66% ━━━━━━━╸──── 245/368 4.7it/s 1:02<26.2s
[K       1/10      2.77G      2.513      6.881      1.959          4       1024: 66% ━━━━━━━━──── 246/368 4.9it/s 1:03<24.8s
[K       1/10      2.77G      2.511      6.867      1.959          6       1024: 67% ━━━━━━━━──── 247/368 4.7it/s 1:03<25.8s
[K       1/10      2.77G       2.51      6.856      1.961          9       1024: 67% ━━━━━━━━──── 248/368 5.0it/s 1:03<24.2s
[K       1/10      2.77G      2.509      6.843       1.96          8       1024: 67% ━━━━━━━━──── 249/368 4.8it/s 1:03<24.9s
[K       1/10      2.77G      2.507      6.829      1.958         12       1024: 67% ━━━━━━━━──── 250/368 5.0it/s 1:03<23.5s
[K       1/10      2.77G      2.508       6.82      1.958          5       1024: 68% ━━━━━━━━──── 251/368 4.8it/s 1:04<24.5s
[K       1/10      2.77G      2.505       6.81      1.958          4       1024: 68% ━━━━━━━━──── 252/368 5.0it/s 1:04<23.1s
[K       1/10      2.77G      2.507      6.802      1.959          5       1024: 68% ━━━━━━━━──── 253/368 4.8it/s 1:04<24.0s
[K       1/10      2.77G      2.506      6.791      1.958          5       1024: 69% ━━━━━━━━──── 254/368 5.0it/s 1:04<22.7s
[K       1/10      2.77G      2.505      6.779      1.956          5       1024: 69% ━━━━━━━━──── 255/368 4.8it/s 1:04<23.6s
[K       1/10      2.77G      2.503      6.767      1.956          5       1024: 69% ━━━━━━━━──── 256/368 5.0it/s 1:05<22.3s
[K       1/10      2.77G      2.505      6.757      1.957          6       1024: 69% ━━━━━━━━──── 257/368 4.8it/s 1:05<22.9s
[K       1/10      2.77G      2.503      6.747      1.956          6       1024: 70% ━━━━━━━━──── 258/368 5.1it/s 1:05<21.6s
[K       1/10      2.77G      2.504      6.735      1.956          4       1024: 70% ━━━━━━━━──── 259/368 4.8it/s 1:05<22.8s
[K       1/10      2.77G      2.505      6.728      1.955          5       1024: 70% ━━━━━━━━──── 260/368 5.1it/s 1:05<21.4s
[K       1/10      2.77G      2.504      6.719      1.955          7       1024: 70% ━━━━━━━━╸─── 261/368 4.8it/s 1:06<22.3s
[K       1/10      2.77G      2.504      6.712      1.953          5       1024: 71% ━━━━━━━━╸─── 262/368 5.1it/s 1:06<20.7s
[K       1/10      2.77G      2.504      6.704      1.954          4       1024: 71% ━━━━━━━━╸─── 263/368 4.9it/s 1:06<21.6s
[K       1/10      2.77G      2.502      6.691      1.951          6       1024: 71% ━━━━━━━━╸─── 264/368 5.1it/s 1:06<20.4s
[K       1/10      2.77G        2.5       6.68       1.95          8       1024: 72% ━━━━━━━━╸─── 265/368 4.8it/s 1:07<21.3s
[K       1/10      2.77G        2.5      6.671      1.951          5       1024: 72% ━━━━━━━━╸─── 266/368 5.1it/s 1:07<19.9s
[K       1/10      2.77G      2.499       6.66      1.951          9       1024: 72% ━━━━━━━━╸─── 267/368 5.0it/s 1:07<20.3s
[K       1/10      2.77G      2.499      6.651      1.951          6       1024: 72% ━━━━━━━━╸─── 268/368 5.2it/s 1:07<19.3s
[K       1/10      2.77G      2.499      6.641       1.95          4       1024: 73% ━━━━━━━━╸─── 269/368 4.9it/s 1:07<20.2s
[K       1/10      2.77G      2.498      6.626      1.949          6       1024: 73% ━━━━━━━━╸─── 270/368 5.1it/s 1:08<19.1s
[K       1/10      2.77G      2.498      6.614      1.951         11       1024: 73% ━━━━━━━━╸─── 271/368 4.9it/s 1:08<20.0s
[K       1/10      2.77G      2.498      6.603      1.952          8       1024: 73% ━━━━━━━━╸─── 272/368 5.2it/s 1:08<18.6s
[K       1/10      2.77G      2.497      6.594      1.953          6       1024: 74% ━━━━━━━━╸─── 273/368 4.9it/s 1:08<19.5s
[K       1/10      2.77G      2.496      6.585      1.951          5       1024: 74% ━━━━━━━━╸─── 274/368 5.1it/s 1:08<18.3s
[K       1/10      2.77G      2.496      6.573      1.951          5       1024: 74% ━━━━━━━━╸─── 275/368 4.8it/s 1:09<19.5s
[K       1/10      2.77G      2.495      6.563      1.949          6       1024: 75% ━━━━━━━━━─── 276/368 5.0it/s 1:09<18.3s
[K       1/10      2.77G      2.495      6.552      1.949          9       1024: 75% ━━━━━━━━━─── 277/368 4.8it/s 1:09<19.0s
[K       1/10      2.77G      2.494      6.541       1.95          7       1024: 75% ━━━━━━━━━─── 278/368 5.0it/s 1:09<17.9s
[K       1/10      2.77G      2.493       6.53      1.949          7       1024: 75% ━━━━━━━━━─── 279/368 4.8it/s 1:09<18.7s
[K       1/10      2.77G      2.491       6.52      1.946          4       1024: 76% ━━━━━━━━━─── 280/368 5.0it/s 1:10<17.4s
[K       1/10      2.77G       2.49      6.508      1.945          9       1024: 76% ━━━━━━━━━─── 281/368 4.8it/s 1:10<18.2s
[K       1/10      2.77G      2.488      6.493      1.943          5       1024: 76% ━━━━━━━━━─── 282/368 5.0it/s 1:10<17.2s
[K       1/10      2.77G      2.487      6.479      1.943          7       1024: 76% ━━━━━━━━━─── 283/368 4.8it/s 1:10<17.8s
[K       1/10      2.77G      2.485      6.467      1.942          5       1024: 77% ━━━━━━━━━─── 284/368 4.9it/s 1:10<17.0s
[K       1/10      2.77G      2.483      6.454      1.939          6       1024: 77% ━━━━━━━━━─── 285/368 4.7it/s 1:11<17.6s
[K       1/10      2.77G      2.483      6.445      1.939          7       1024: 77% ━━━━━━━━━─── 286/368 5.0it/s 1:11<16.3s
[K       1/10      2.77G      2.481      6.434      1.939         11       1024: 77% ━━━━━━━━━─── 287/368 4.8it/s 1:11<17.0s
[K       1/10      2.77G       2.48      6.422      1.938          5       1024: 78% ━━━━━━━━━─── 288/368 5.1it/s 1:11<15.8s
[K       1/10      2.77G      2.479      6.412      1.937          5       1024: 78% ━━━━━━━━━─── 289/368 4.8it/s 1:12<16.5s
[K       1/10      2.77G      2.478      6.402      1.936          7       1024: 78% ━━━━━━━━━─── 290/368 5.1it/s 1:12<15.4s
[K       1/10      2.77G      2.477      6.391      1.936          7       1024: 79% ━━━━━━━━━─── 291/368 4.8it/s 1:12<15.9s
[K       1/10      2.77G      2.474       6.38      1.934          4       1024: 79% ━━━━━━━━━╸── 292/368 5.1it/s 1:12<14.9s
[K       1/10      2.77G      2.473      6.368      1.933          8       1024: 79% ━━━━━━━━━╸── 293/368 4.7it/s 1:12<16.0s
[K       1/10      2.77G      2.473      6.355      1.933         10       1024: 79% ━━━━━━━━━╸── 294/368 5.1it/s 1:13<14.6s
[K       1/10      2.77G      2.472      6.343      1.932         10       1024: 80% ━━━━━━━━━╸── 295/368 4.8it/s 1:13<15.3s
[K       1/10      2.77G       2.47      6.328      1.931          7       1024: 80% ━━━━━━━━━╸── 296/368 5.0it/s 1:13<14.3s
[K       1/10      2.77G      2.469      6.318      1.931          9       1024: 80% ━━━━━━━━━╸── 297/368 4.8it/s 1:13<14.9s
[K       1/10      2.77G      2.469      6.309      1.934          8       1024: 80% ━━━━━━━━━╸── 298/368 5.1it/s 1:13<13.9s
[K       1/10      2.77G      2.469        6.3      1.935          7       1024: 81% ━━━━━━━━━╸── 299/368 4.8it/s 1:14<14.5s
[K       1/10      2.77G      2.469      6.289      1.935         17       1024: 81% ━━━━━━━━━╸── 300/368 5.0it/s 1:14<13.6s
[K       1/10      2.77G       2.47      6.278      1.936          6       1024: 81% ━━━━━━━━━╸── 301/368 4.7it/s 1:14<14.1s
[K       1/10      2.77G      2.468      6.264      1.935          5       1024: 82% ━━━━━━━━━╸── 302/368 5.0it/s 1:14<13.3s
[K       1/10      2.77G      2.469      6.252      1.935         10       1024: 82% ━━━━━━━━━╸── 303/368 4.7it/s 1:14<13.8s
[K       1/10      2.77G      2.468      6.244      1.935          6       1024: 82% ━━━━━━━━━╸── 304/368 5.0it/s 1:15<12.9s
[K       1/10      2.77G      2.467      6.232      1.934          6       1024: 82% ━━━━━━━━━╸── 305/368 4.7it/s 1:15<13.3s
[K       1/10      2.77G      2.465      6.223      1.934          4       1024: 83% ━━━━━━━━━╸── 306/368 4.9it/s 1:15<12.6s
[K       1/10      2.77G      2.465      6.215      1.934          5       1024: 83% ━━━━━━━━━━── 307/368 4.7it/s 1:15<12.9s
[K       1/10      2.77G      2.464      6.208      1.934          4       1024: 83% ━━━━━━━━━━── 308/368 5.0it/s 1:15<11.9s
[K       1/10      2.77G      2.464      6.199      1.932          4       1024: 83% ━━━━━━━━━━── 309/368 4.8it/s 1:16<12.3s
[K       1/10      2.77G      2.462      6.187      1.931         11       1024: 84% ━━━━━━━━━━── 310/368 5.0it/s 1:16<11.5s
[K       1/10      2.77G      2.461      6.181       1.93          4       1024: 84% ━━━━━━━━━━── 311/368 4.8it/s 1:16<11.9s
[K       1/10      2.77G       2.46      6.169       1.93          5       1024: 84% ━━━━━━━━━━── 312/368 5.1it/s 1:16<11.0s
[K       1/10      2.77G      2.459      6.161       1.93          4       1024: 85% ━━━━━━━━━━── 313/368 4.8it/s 1:17<11.5s
[K       1/10      2.77G      2.456      6.148      1.927          6       1024: 85% ━━━━━━━━━━── 314/368 5.1it/s 1:17<10.6s
[K       1/10      2.77G      2.454      6.138      1.926          4       1024: 85% ━━━━━━━━━━── 315/368 4.8it/s 1:17<11.0s
[K       1/10      2.77G      2.453      6.129      1.925          6       1024: 85% ━━━━━━━━━━── 316/368 5.1it/s 1:17<10.2s
[K       1/10      2.77G      2.452      6.119      1.925          5       1024: 86% ━━━━━━━━━━── 317/368 4.8it/s 1:17<10.6s
[K       1/10      2.77G      2.452      6.109      1.924          4       1024: 86% ━━━━━━━━━━── 318/368 5.1it/s 1:18<9.9s
[K       1/10      2.77G      2.452      6.101      1.924          7       1024: 86% ━━━━━━━━━━── 319/368 4.8it/s 1:18<10.3s
[K       1/10      2.77G      2.451      6.095      1.924          6       1024: 86% ━━━━━━━━━━── 320/368 5.0it/s 1:18<9.5s
[K       1/10      2.77G       2.45      6.086      1.925          4       1024: 87% ━━━━━━━━━━── 321/368 4.9it/s 1:18<9.6s
[K       1/10      2.77G      2.448      6.076      1.924          4       1024: 87% ━━━━━━━━━━── 322/368 5.2it/s 1:18<8.9s
[K       1/10      2.77G      2.447      6.067      1.924          6       1024: 87% ━━━━━━━━━━╸─ 323/368 4.8it/s 1:19<9.3s
[K       1/10      2.77G      2.445      6.053      1.922          6       1024: 88% ━━━━━━━━━━╸─ 324/368 5.1it/s 1:19<8.7s
[K       1/10      2.77G      2.444      6.044      1.921         11       1024: 88% ━━━━━━━━━━╸─ 325/368 4.8it/s 1:19<9.0s
[K       1/10      2.77G      2.443      6.035      1.921          5       1024: 88% ━━━━━━━━━━╸─ 326/368 5.0it/s 1:19<8.4s
[K       1/10      2.77G      2.442      6.027      1.919          4       1024: 88% ━━━━━━━━━━╸─ 327/368 4.7it/s 1:19<8.8s
[K       1/10      2.77G      2.441       6.02      1.919          6       1024: 89% ━━━━━━━━━━╸─ 328/368 4.9it/s 1:20<8.1s
[K       1/10      2.77G      2.441      6.011      1.919          6       1024: 89% ━━━━━━━━━━╸─ 329/368 4.7it/s 1:20<8.3s
[K       1/10      2.77G       2.44      6.004      1.919         10       1024: 89% ━━━━━━━━━━╸─ 330/368 5.0it/s 1:20<7.6s
[K       1/10      2.77G      2.438      5.992      1.917          5       1024: 89% ━━━━━━━━━━╸─ 331/368 4.8it/s 1:20<7.7s
[K       1/10      2.77G      2.437      5.983      1.916          6       1024: 90% ━━━━━━━━━━╸─ 332/368 5.1it/s 1:20<7.0s
[K       1/10      2.77G      2.437      5.976      1.918          4       1024: 90% ━━━━━━━━━━╸─ 333/368 4.8it/s 1:21<7.3s
[K       1/10      2.77G      2.436      5.966      1.917          7       1024: 90% ━━━━━━━━━━╸─ 334/368 5.1it/s 1:21<6.7s
[K       1/10      2.77G      2.436      5.959      1.919          4       1024: 91% ━━━━━━━━━━╸─ 335/368 4.8it/s 1:21<6.9s
[K       1/10      2.77G      2.435      5.951       1.92         10       1024: 91% ━━━━━━━━━━╸─ 336/368 5.0it/s 1:21<6.3s
[K       1/10      2.77G      2.434      5.944      1.919          4       1024: 91% ━━━━━━━━━━╸─ 337/368 4.7it/s 1:22<6.5s
[K       1/10      2.77G      2.434      5.935      1.918         10       1024: 91% ━━━━━━━━━━━─ 338/368 5.0it/s 1:22<6.0s
[K       1/10      2.77G      2.434      5.927      1.919          8       1024: 92% ━━━━━━━━━━━─ 339/368 4.7it/s 1:22<6.2s
[K       1/10      2.77G      2.434       5.92      1.919          5       1024: 92% ━━━━━━━━━━━─ 340/368 5.0it/s 1:22<5.6s
[K       1/10      2.77G      2.433      5.912      1.919          8       1024: 92% ━━━━━━━━━━━─ 341/368 4.7it/s 1:22<5.7s
[K       1/10      2.77G      2.431      5.906      1.917          4       1024: 92% ━━━━━━━━━━━─ 342/368 4.9it/s 1:23<5.3s
[K       1/10      2.77G      2.431      5.896      1.916          8       1024: 93% ━━━━━━━━━━━─ 343/368 4.7it/s 1:23<5.3s
[K       1/10      2.77G      2.429      5.887      1.915          6       1024: 93% ━━━━━━━━━━━─ 344/368 4.9it/s 1:23<4.9s
[K       1/10      2.77G       2.43      5.881      1.915          6       1024: 93% ━━━━━━━━━━━─ 345/368 4.7it/s 1:23<4.9s
[K       1/10      2.77G       2.43      5.873      1.915          7       1024: 94% ━━━━━━━━━━━─ 346/368 4.9it/s 1:23<4.5s
[K       1/10      2.77G       2.43      5.864      1.914          5       1024: 94% ━━━━━━━━━━━─ 347/368 4.7it/s 1:24<4.4s
[K       1/10      2.77G      2.429      5.857      1.914          5       1024: 94% ━━━━━━━━━━━─ 348/368 5.0it/s 1:24<4.0s
[K       1/10      2.77G      2.428       5.85      1.913          5       1024: 94% ━━━━━━━━━━━─ 349/368 4.9it/s 1:24<3.9s
[K       1/10      2.77G      2.427      5.841      1.912          4       1024: 95% ━━━━━━━━━━━─ 350/368 5.2it/s 1:24<3.5s
[K       1/10      2.77G      2.426      5.831      1.912          7       1024: 95% ━━━━━━━━━━━─ 351/368 4.9it/s 1:24<3.5s
[K       1/10      2.77G      2.426      5.823      1.911         11       1024: 95% ━━━━━━━━━━━─ 352/368 5.1it/s 1:25<3.1s
[K       1/10      2.77G      2.425      5.812      1.909          7       1024: 95% ━━━━━━━━━━━╸ 353/368 4.8it/s 1:25<3.1s
[K       1/10      2.77G      2.424      5.804       1.91          7       1024: 96% ━━━━━━━━━━━╸ 354/368 5.2it/s 1:25<2.7s
[K       1/10      2.77G      2.424      5.796      1.908          7       1024: 96% ━━━━━━━━━━━╸ 355/368 4.9it/s 1:25<2.6s
[K       1/10      2.77G      2.424      5.787      1.908          6       1024: 96% ━━━━━━━━━━━╸ 356/368 5.1it/s 1:25<2.3s
[K       1/10      2.77G      2.423       5.78      1.909          5       1024: 97% ━━━━━━━━━━━╸ 357/368 4.8it/s 1:26<2.3s
[K       1/10      2.77G      2.423      5.772       1.91          9       1024: 97% ━━━━━━━━━━━╸ 358/368 5.1it/s 1:26<2.0s
[K       1/10      2.77G      2.424      5.763      1.908          4       1024: 97% ━━━━━━━━━━━╸ 359/368 4.8it/s 1:26<1.9s
[K       1/10      2.77G      2.423      5.756      1.908          5       1024: 97% ━━━━━━━━━━━╸ 360/368 5.1it/s 1:26<1.6s
[K       1/10      2.77G      2.423      5.747      1.907          9       1024: 98% ━━━━━━━━━━━╸ 361/368 4.8it/s 1:27<1.4s
[K       1/10      2.77G      2.421      5.737      1.905          6       1024: 98% ━━━━━━━━━━━╸ 362/368 5.1it/s 1:27<1.2s
[K       1/10      2.77G      2.421      5.729      1.905         11       1024: 98% ━━━━━━━━━━━╸ 363/368 4.8it/s 1:27<1.0s
[K       1/10      2.77G      2.421      5.721      1.906          9       1024: 98% ━━━━━━━━━━━╸ 364/368 5.0it/s 1:27<0.8s
[K       1/10      2.77G      2.421      5.714      1.907          5       1024: 99% ━━━━━━━━━━━╸ 365/368 4.7it/s 1:27<0.6s
[K       1/10      2.77G       2.42      5.706      1.907          6       1024: 99% ━━━━━━━━━━━╸ 366/368 5.0it/s 1:28<0.4s
[K       1/10      2.77G       2.42      5.699      1.907         12       1024: 99% ━━━━━━━━━━━╸ 367/368 4.8it/s 1:28<0.2s
[K       1/10      2.77G       2.42      5.699      1.907         12       1024: 100% ━━━━━━━━━━━━ 368/368 4.2it/s 1:28

[K                 Class     Images  Instances      Box(P          R      mAP50  mAP50-95): 2% ──────────── 1/35 1.9it/s 0.2s<18.0s
[K                 Class     Images  Instances      Box(P          R      mAP50  mAP50-95): 5% ╸─────────── 2/35 3.7it/s 0.3s<8.9s
[K                 Class     Images  Instances      Box(P          R      mAP50  mAP50-95): 8% ━─────────── 3/35 5.0it/s 0.4s<6.4s
[K                 Class     Images  Instances      Box(P          R      mAP50  mAP50-95): 11% ━─────────── 4/35 5.6it/s 0.6s<5.6s
[K                 Class     Images  Instances      Box(P          R      mAP50  mAP50-95): 14% ━╸────────── 5/35 6.4it/s 0.7s<4.7s
[K                 Class     Images  Instances      Box(P          R      mAP50  mAP50-95): 17% ━━────────── 6/35 6.9it/s 0.8s<4.2s
[K                 Class     Images  Instances      Box(P          R      mAP50  mAP50-95): 20% ━━────────── 7/35 7.1it/s 0.9s<3.9s
[K                 Class     Images  Instances      Box(P          R      mAP50  mAP50-95): 22% ━━╸───────── 8/35 7.4it/s 1.1s<3.7s
[K                 Class     Images  Instances      Box(P          R      mAP50  mAP50-95): 25% ━━━───────── 9/35 7.5it/s 1.2s<3.4s
[K                 Class     Images  Instances      Box(P          R      mAP50  mAP50-95): 28% ━━━───────── 10/35 7.7it/s 1.3s<3.3s
[K                 Class     Images  Instances      Box(P          R      mAP50  mAP50-95): 31% ━━━╸──────── 11/35 7.6it/s 1.4s<3.2s
[K                 Class     Images  Instances      Box(P          R      mAP50  mAP50-95): 34% ━━━━──────── 12/35 7.8it/s 1.6s<3.0s
[K                 Class     Images  Instances      Box(P          R      mAP50  mAP50-95): 37% ━━━━──────── 13/35 7.9it/s 1.7s<2.8s
[K                 Class     Images  Instances      Box(P          R      mAP50  mAP50-95): 40% ━━━━╸─────── 14/35 7.9it/s 1.8s<2.7s
[K                 Class     Images  Instances      Box(P          R      mAP50  mAP50-95): 42% ━━━━━─────── 15/35 8.0it/s 1.9s<2.5s
[K                 Class     Images  Instances      Box(P          R      mAP50  mAP50-95): 45% ━━━━━─────── 16/35 8.0it/s 2.1s<2.4s
[K                 Class     Images  Instances      Box(P          R      mAP50  mAP50-95): 48% ━━━━━╸────── 17/35 8.0it/s 2.2s<2.2s
[K                 Class     Images  Instances      Box(P          R      mAP50  mAP50-95): 51% ━━━━━━────── 18/35 8.0it/s 2.3s<2.1s
[K                 Class     Images  Instances      Box(P          R      mAP50  mAP50-95): 54% ━━━━━━╸───── 19/35 8.0it/s 2.4s<2.0s
[K                 Class     Images  Instances      Box(P          R      mAP50  mAP50-95): 57% ━━━━━━╸───── 20/35 8.0it/s 2.6s<1.9s
[K                 Class     Images  Instances      Box(P          R      mAP50  mAP50-95): 60% ━━━━━━━───── 21/35 8.0it/s 2.7s<1.7s
[K                 Class     Images  Instances      Box(P          R      mAP50  mAP50-95): 62% ━━━━━━━╸──── 22/35 8.0it/s 2.8s<1.6s
[K                 Class     Images  Instances      Box(P          R      mAP50  mAP50-95): 65% ━━━━━━━╸──── 23/35 8.1it/s 2.9s<1.5s
[K                 Class     Images  Instances      Box(P          R      mAP50  mAP50-95): 68% ━━━━━━━━──── 24/35 8.0it/s 3.1s<1.4s
[K                 Class     Images  Instances      Box(P          R      mAP50  mAP50-95): 71% ━━━━━━━━╸─── 25/35 8.3it/s 3.2s<1.2s
[K                 Class     Images  Instances      Box(P          R      mAP50  mAP50-95): 74% ━━━━━━━━╸─── 26/35 8.4it/s 3.3s<1.1s
[K                 Class     Images  Instances      Box(P          R      mAP50  mAP50-95): 77% ━━━━━━━━━─── 27/35 8.3it/s 3.4s<1.0s
[K                 Class     Images  Instances      Box(P          R      mAP50  mAP50-95): 80% ━━━━━━━━━╸── 28/35 8.3it/s 3.5s<0.8s
[K                 Class     Images  Instances      Box(P          R      mAP50  mAP50-95): 82% ━━━━━━━━━╸── 29/35 8.3it/s 3.6s<0.7s
[K                 Class     Images  Instances      Box(P          R      mAP50  mAP50-95): 85% ━━━━━━━━━━── 30/35 8.4it/s 3.8s<0.6s
[K                 Class     Images  Instances      Box(P          R      mAP50  mAP50-95): 88% ━━━━━━━━━━╸─ 31/35 8.4it/s 3.9s<0.5s
[K                 Class     Images  Instances      Box(P          R      mAP50  mAP50-95): 91% ━━━━━━━━━━╸─ 32/35 8.3it/s 4.0s<0.4s
[K                 Class     Images  Instances      Box(P          R      mAP50  mAP50-95): 94% ━━━━━━━━━━━─ 33/35 8.2it/s 4.1s<0.2s
[K                 Class     Images  Instances      Box(P          R      mAP50  mAP50-95): 97% ━━━━━━━━━━━╸ 34/35 8.1it/s 4.3s<0.1s
[K                 Class     Images  Instances      Box(P          R      mAP50  mAP50-95): 100% ━━━━━━━━━━━━ 35/35 8.0it/s 4.4s
                   all        275        480      0.213       0.23      0.196     0.0731
WAFER_EPOCH 1/10 calls=276 map=0.07309

      Epoch    GPU_mem   box_loss   cls_loss   dfl_loss  Instances       Size

[K       2/10      2.88G      2.222      2.985      2.052          9       1024: 0% ──────────── 0/368  0.2s
[K       2/10      2.88G      2.582      2.877      2.069          5       1024: 0% ──────────── 1/368 1.2it/s 0.4s<5:08
[K       2/10      2.88G      2.366      2.788      1.843          5       1024: 0% ──────────── 2/368 2.5it/s 0.6s<2:27
[K       2/10      2.88G      2.484      2.902      1.958          9       1024: 0% ──────────── 3/368 3.0it/s 0.9s<2:02
[K       2/10      2.88G      2.481      2.919      2.023          7       1024: 1% ──────────── 4/368 3.8it/s 1.0s<1:35
[K       2/10      2.88G      2.562      2.825      2.033          9       1024: 1% ──────────── 5/368 3.9it/s 1.3s<1:33
[K       2/10      2.88G      2.528      2.823       1.95          5       1024: 1% ──────────── 6/368 4.5it/s 1.5s<1:21
[K       2/10      2.88G      2.487      2.869      1.966          4       1024: 1% ──────────── 7/368 4.4it/s 1.7s<1:22
[K       2/10      2.88G      2.512      2.854      1.928          5       1024: 2% ──────────── 8/368 4.8it/s 1.9s<1:15
[K       2/10      2.88G      2.534      2.868       1.95          6       1024: 2% ──────────── 9/368 4.6it/s 2.1s<1:18
[K       2/10      2.88G      2.505      2.861      1.924          7       1024: 2% ──────────── 10/368 5.0it/s 2.3s<1:12
[K       2/10      2.88G      2.529      3.024       1.91          4       1024: 2% ──────────── 11/368 4.7it/s 2.5s<1:15
[K       2/10      2.88G      2.516      2.961      1.913          5       1024: 3% ──────────── 12/368 5.0it/s 2.7s<1:11
[K       2/10      2.88G      2.518       2.89      1.884          9       1024: 3% ──────────── 13/368 4.8it/s 2.9s<1:15
[K       2/10      2.88G      2.519      2.873      1.881          8       1024: 3% ──────────── 14/368 5.1it/s 3.1s<1:09
[K       2/10      2.88G      2.498      2.845      1.855          9       1024: 4% ──────────── 15/368 4.8it/s 3.3s<1:13
[K       2/10      2.88G      2.516      2.822      1.858          4       1024: 4% ╸─────────── 16/368 5.1it/s 3.5s<1:09
[K       2/10      2.88G      2.501      2.795       1.86          9       1024: 4% ╸─────────── 17/368 4.8it/s 3.8s<1:13
[K       2/10      2.88G      2.482       2.84      1.854          5       1024: 4% ╸─────────── 18/368 5.0it/s 3.9s<1:09
[K       2/10      2.88G      2.465      2.829      1.859          6       1024: 5% ╸─────────── 19/368 4.8it/s 4.2s<1:13
[K       2/10      2.88G      2.443      2.801      1.846          4       1024: 5% ╸─────────── 20/368 5.0it/s 4.4s<1:09
[K       2/10      2.88G      2.446      2.786      1.857          6       1024: 5% ╸─────────── 21/368 4.8it/s 4.6s<1:13
[K       2/10      2.88G      2.436      2.763      1.838          6       1024: 5% ╸─────────── 22/368 5.0it/s 4.8s<1:09
[K       2/10      2.88G      2.421      2.755       1.82          7       1024: 6% ╸─────────── 23/368 4.7it/s 5.0s<1:13
[K       2/10      2.88G      2.434      2.793      1.848          4       1024: 6% ╸─────────── 24/368 5.0it/s 5.2s<1:09
[K       2/10      2.88G      2.447      2.791      1.868         11       1024: 6% ╸─────────── 25/368 4.7it/s 5.4s<1:13
[K       2/10      2.88G      2.447      2.787      1.874          8       1024: 7% ╸─────────── 26/368 5.0it/s 5.6s<1:08
[K       2/10      2.88G      2.429      2.785      1.866          8       1024: 7% ╸─────────── 27/368 4.7it/s 5.9s<1:12
[K       2/10      2.88G      2.428      2.759      1.851          9       1024: 7% ╸─────────── 28/368 5.0it/s 6.0s<1:08
[K       2/10      2.88G      2.428      2.755      1.856          5       1024: 7% ╸─────────── 29/368 4.7it/s 6.3s<1:12
[K       2/10      2.88G      2.433      2.739      1.865          7       1024: 8% ╸─────────── 30/368 5.0it/s 6.5s<1:07
[K       2/10      2.88G      2.435       2.74      1.877          8       1024: 8% ━─────────── 31/368 4.8it/s 6.7s<1:11
[K       2/10      2.88G      2.427       2.73      1.868          6       1024: 8% ━─────────── 32/368 5.1it/s 6.9s<1:06
[K       2/10      2.88G      2.431      2.717      1.874          5       1024: 8% ━─────────── 33/368 4.8it/s 7.1s<1:10
[K       2/10      2.88G      2.428      2.709      1.868          6       1024: 9% ━─────────── 34/368 5.0it/s 7.3s<1:07
[K       2/10      2.88G      2.427      2.723      1.876         10       1024: 9% ━─────────── 35/368 4.7it/s 7.6s<1:11
[K       2/10      2.88G      2.412      2.744      1.876          5       1024: 9% ━─────────── 36/368 4.9it/s 7.7s<1:07
[K       2/10      2.88G      2.418       2.75       1.88          6       1024: 10% ━─────────── 37/368 4.6it/s 8.0s<1:11
[K       2/10      2.88G      2.414      2.747      1.884          9       1024: 10% ━─────────── 38/368 4.9it/s 8.2s<1:07
[K       2/10      2.88G      2.406      2.733      1.882          5       1024: 10% ━─────────── 39/368 4.7it/s 8.4s<1:11
[K       2/10      2.88G      2.407      2.723      1.877          4       1024: 10% ━─────────── 40/368 4.9it/s 8.6s<1:07
[K       2/10      2.88G      2.419      2.711      1.876          8       1024: 11% ━─────────── 41/368 4.8it/s 8.8s<1:09
[K       2/10      2.88G      2.411      2.696      1.869          9       1024: 11% ━─────────── 42/368 4.9it/s 9.0s<1:07
[K       2/10      2.88G      2.407        2.7      1.872          9       1024: 11% ━─────────── 43/368 4.7it/s 9.3s<1:10
[K       2/10      2.88G      2.399      2.684       1.86          4       1024: 11% ━─────────── 44/368 5.0it/s 9.4s<1:05
[K       2/10      2.88G      2.409      2.691      1.859          5       1024: 12% ━─────────── 45/368 4.7it/s 9.7s<1:08
[K       2/10      2.88G      2.399      2.686       1.85          5       1024: 12% ━─────────── 46/368 5.0it/s 9.8s<1:04
[K       2/10      2.88G      2.389      2.671      1.849          5       1024: 12% ━╸────────── 47/368 4.8it/s 10.1s<1:07
[K       2/10      2.88G      2.385      2.663      1.846         12       1024: 13% ━╸────────── 48/368 5.0it/s 10.3s<1:04
[K       2/10      2.88G       2.39      2.674      1.846          4       1024: 13% ━╸────────── 49/368 4.7it/s 10.5s<1:08
[K       2/10      2.88G      2.396       2.67      1.846          5       1024: 13% ━╸────────── 50/368 5.0it/s 10.7s<1:03
[K       2/10      2.88G      2.387      2.656       1.84          7       1024: 13% ━╸────────── 51/368 4.8it/s 10.9s<1:06
[K       2/10      2.88G      2.377      2.665      1.845          4       1024: 14% ━╸────────── 52/368 5.1it/s 11.1s<1:02
[K       2/10      2.88G      2.381      2.673      1.856          5       1024: 14% ━╸────────── 53/368 4.8it/s 11.3s<1:06
[K       2/10      2.88G      2.384      2.694      1.866          4       1024: 14% ━╸────────── 54/368 5.1it/s 11.5s<1:02
[K       2/10      2.88G      2.387      2.699      1.872         10       1024: 14% ━╸────────── 55/368 4.8it/s 11.8s<1:06
[K       2/10      2.88G      2.382      2.687      1.869          6       1024: 15% ━╸────────── 56/368 5.1it/s 11.9s<1:02
[K       2/10      2.88G      2.395      2.684      1.877          7       1024: 15% ━╸────────── 57/368 4.8it/s 12.2s<1:05
[K       2/10      2.88G      2.394      2.689      1.881         11       1024: 15% ━╸────────── 58/368 5.0it/s 12.4s<1:02
[K       2/10      2.88G      2.397       2.69      1.881          5       1024: 16% ━╸────────── 59/368 4.7it/s 12.6s<1:05
[K       2/10      2.88G      2.387      2.674      1.873          5       1024: 16% ━╸────────── 60/368 5.0it/s 12.8s<1:02
[K       2/10      2.88G      2.391      2.672      1.875          7       1024: 16% ━╸────────── 61/368 4.8it/s 13.0s<1:04
[K       2/10      2.88G      2.382      2.661      1.869          5       1024: 16% ━━────────── 62/368 5.0it/s 13.2s<1:01
[K       2/10      2.88G      2.379      2.662      1.872         10       1024: 17% ━━────────── 63/368 4.8it/s 13.4s<1:04
[K       2/10      2.88G      2.376      2.653       1.87         10       1024: 17% ━━────────── 64/368 5.1it/s 13.6s<60.0s
[K       2/10      2.88G      2.378      2.649      1.879          4       1024: 17% ━━────────── 65/368 4.8it/s 13.8s<1:03
[K       2/10      2.88G      2.375      2.638      1.872          5       1024: 17% ━━────────── 66/368 5.1it/s 14.0s<59.6s
[K       2/10      2.88G      2.368      2.638      1.866          4       1024: 18% ━━────────── 67/368 4.8it/s 14.3s<1:03
[K       2/10      2.88G      2.375      2.638      1.878         13       1024: 18% ━━────────── 68/368 5.0it/s 14.5s<1:01
[K       2/10      2.88G      2.366      2.629      1.875          4       1024: 18% ━━────────── 69/368 4.7it/s 14.7s<1:04
[K       2/10      2.88G      2.359      2.614      1.869          5       1024: 19% ━━────────── 70/368 5.0it/s 14.9s<59.7s
[K       2/10      2.88G      2.362      2.614      1.872          8       1024: 19% ━━────────── 71/368 4.7it/s 15.1s<1:03
[K       2/10      2.88G       2.36      2.615      1.874          6       1024: 19% ━━────────── 72/368 5.1it/s 15.3s<58.5s
[K       2/10      2.88G       2.37      2.614      1.883          5       1024: 19% ━━────────── 73/368 4.8it/s 15.5s<1:02
[K       2/10      2.88G      2.369      2.615      1.886          6       1024: 20% ━━────────── 74/368 5.1it/s 15.7s<58.2s
[K       2/10      2.88G      2.366        2.6      1.878          6       1024: 20% ━━────────── 75/368 4.8it/s 16.0s<1:01
[K       2/10      2.88G      2.362      2.596      1.876          6       1024: 20% ━━────────── 76/368 5.0it/s 16.1s<58.1s
[K       2/10      2.88G       2.36      2.592      1.874          6       1024: 20% ━━╸───────── 77/368 4.7it/s 16.4s<1:01
[K       2/10      2.88G      2.353      2.581      1.866          7       1024: 21% ━━╸───────── 78/368 5.0it/s 16.6s<57.9s
[K       2/10      2.88G      2.348      2.577      1.861          4       1024: 21% ━━╸───────── 79/368 4.7it/s 16.8s<1:01
[K       2/10      2.88G      2.342      2.568      1.858          6       1024: 21% ━━╸───────── 80/368 5.0it/s 17.0s<57.7s
[K       2/10      2.88G      2.338      2.562      1.854          8       1024: 22% ━━╸───────── 81/368 4.6it/s 17.2s<1:02
[K       2/10      2.88G       2.34      2.562      1.856          4       1024: 22% ━━╸───────── 82/368 4.9it/s 17.4s<58.1s
[K       2/10      2.88G      2.335      2.559      1.858          5       1024: 22% ━━╸───────── 83/368 4.7it/s 17.7s<1:01
[K       2/10      2.88G      2.331      2.555      1.854          7       1024: 22% ━━╸───────── 84/368 4.9it/s 17.8s<57.8s
[K       2/10      2.88G      2.327      2.547      1.852          8       1024: 23% ━━╸───────── 85/368 4.6it/s 18.1s<1:01
[K       2/10      2.88G      2.328      2.537      1.847          7       1024: 23% ━━╸───────── 86/368 5.0it/s 18.3s<56.4s
[K       2/10      2.88G      2.332      2.532      1.848          7       1024: 23% ━━╸───────── 87/368 4.7it/s 18.5s<59.2s
[K       2/10      2.88G      2.331      2.533      1.848          5       1024: 23% ━━╸───────── 88/368 5.0it/s 18.7s<55.5s
[K       2/10      2.88G      2.329      2.522      1.846          5       1024: 24% ━━╸───────── 89/368 4.8it/s 18.9s<58.4s
[K       2/10      2.88G      2.327      2.511      1.842          4       1024: 24% ━━╸───────── 90/368 5.1it/s 19.1s<54.8s
[K       2/10      2.88G      2.329      2.513      1.842          7       1024: 24% ━━╸───────── 91/368 4.8it/s 19.3s<58.0s
[K       2/10      2.88G      2.329      2.518      1.851          6       1024: 25% ━━━───────── 92/368 5.1it/s 19.5s<54.6s
[K       2/10      2.88G      2.327      2.511       1.85          6       1024: 25% ━━━───────── 93/368 4.8it/s 19.8s<57.6s
[K       2/10      2.88G      2.328      2.508      1.851          7       1024: 25% ━━━───────── 94/368 5.1it/s 19.9s<54.2s
[K       2/10      2.88G      2.325      2.497      1.848          4       1024: 25% ━━━───────── 95/368 4.8it/s 20.2s<57.1s
[K       2/10      2.88G       2.32      2.488      1.843          7       1024: 26% ━━━───────── 96/368 5.0it/s 20.4s<54.3s
[K       2/10      2.88G       2.32      2.489      1.845         10       1024: 26% ━━━───────── 97/368 4.7it/s 20.6s<57.4s
[K       2/10      2.88G       2.32      2.488      1.845         12       1024: 26% ━━━───────── 98/368 4.9it/s 20.8s<55.3s
[K       2/10      2.88G       2.32       2.49      1.848          6       1024: 26% ━━━───────── 99/368 4.6it/s 21.0s<58.0s
[K       2/10      2.88G      2.321      2.485      1.848          4       1024: 27% ━━━───────── 100/368 4.9it/s 21.2s<54.8s
[K       2/10      2.88G      2.324      2.478      1.845          7       1024: 27% ━━━───────── 101/368 4.6it/s 21.5s<57.6s
[K       2/10      2.88G       2.32      2.482      1.845          5       1024: 27% ━━━───────── 102/368 5.0it/s 21.6s<53.2s
[K       2/10      2.88G      2.326      2.491      1.851          9       1024: 27% ━━━───────── 103/368 4.7it/s 21.9s<56.3s
[K       2/10      2.88G      2.323      2.498      1.848          7       1024: 28% ━━━───────── 104/368 5.0it/s 22.1s<52.6s
[K       2/10      2.88G      2.318      2.489      1.846          4       1024: 28% ━━━───────── 105/368 4.8it/s 22.3s<55.3s
[K       2/10      2.88G      2.322       2.49      1.849          9       1024: 28% ━━━───────── 106/368 5.0it/s 22.5s<52.2s
[K       2/10      2.88G      2.321      2.495      1.851          7       1024: 29% ━━━───────── 107/368 4.8it/s 22.7s<54.6s
[K       2/10      2.88G      2.321      2.491      1.849         10       1024: 29% ━━━╸──────── 108/368 5.1it/s 22.9s<51.1s
[K       2/10      2.88G      2.319      2.494      1.845          6       1024: 29% ━━━╸──────── 109/368 4.9it/s 23.1s<53.0s
[K       2/10      2.88G      2.322      2.488      1.846          4       1024: 29% ━━━╸──────── 110/368 5.2it/s 23.3s<50.0s
[K       2/10      2.88G       2.32      2.486      1.847          8       1024: 30% ━━━╸──────── 111/368 4.9it/s 23.5s<52.7s
[K       2/10      2.88G      2.316      2.476      1.842          6       1024: 30% ━━━╸──────── 112/368 5.1it/s 23.7s<49.8s
[K       2/10      2.88G      2.314      2.474      1.844          5       1024: 30% ━━━╸──────── 113/368 4.8it/s 23.9s<52.9s
[K       2/10      2.88G      2.309       2.47      1.839          4       1024: 30% ━━━╸──────── 114/368 5.1it/s 24.1s<49.9s
[K       2/10      2.88G      2.309      2.469      1.842          9       1024: 31% ━━━╸──────── 115/368 4.8it/s 24.4s<52.8s
[K       2/10      2.88G      2.307      2.467      1.845          4       1024: 31% ━━━╸──────── 116/368 5.1it/s 24.5s<49.9s
[K       2/10      2.88G      2.305      2.464      1.842          7       1024: 31% ━━━╸──────── 117/368 4.8it/s 24.8s<52.5s
[K       2/10      2.88G      2.304      2.464      1.838          7       1024: 32% ━━━╸──────── 118/368 5.1it/s 25.0s<49.3s
[K       2/10      2.88G      2.306      2.461      1.842          5       1024: 32% ━━━╸──────── 119/368 4.8it/s 25.2s<52.0s
[K       2/10      2.88G      2.304      2.465      1.846          6       1024: 32% ━━━╸──────── 120/368 5.0it/s 25.4s<49.4s
[K       2/10      2.88G      2.305      2.466      1.849          5       1024: 32% ━━━╸──────── 121/368 4.7it/s 25.6s<52.8s
[K       2/10      2.88G      2.302      2.459      1.844          6       1024: 33% ━━━╸──────── 122/368 4.9it/s 25.8s<49.8s
[K       2/10      2.88G      2.299       2.46      1.841          7       1024: 33% ━━━━──────── 123/368 4.7it/s 26.1s<51.8s
[K       2/10      2.88G      2.296      2.454      1.839          7       1024: 33% ━━━━──────── 124/368 5.1it/s 26.2s<48.3s
[K       2/10      2.88G      2.294      2.448      1.837          6       1024: 33% ━━━━──────── 125/368 4.7it/s 26.5s<51.8s
[K       2/10      2.88G      2.294      2.444      1.836          4       1024: 34% ━━━━──────── 126/368 5.0it/s 26.7s<48.0s
[K       2/10      2.88G      2.296      2.448      1.837         10       1024: 34% ━━━━──────── 127/368 4.8it/s 26.9s<50.7s
[K       2/10      2.88G      2.296      2.445      1.838          9       1024: 34% ━━━━──────── 128/368 5.1it/s 27.1s<47.4s
[K       2/10      2.88G      2.294      2.443      1.839         10       1024: 35% ━━━━──────── 129/368 4.8it/s 27.3s<49.9s
[K       2/10      2.88G      2.291      2.441      1.838          6       1024: 35% ━━━━──────── 130/368 5.1it/s 27.5s<47.0s
[K       2/10      2.88G      2.291      2.439      1.836          4       1024: 35% ━━━━──────── 131/368 4.8it/s 27.7s<49.1s
[K       2/10      2.88G      2.291       2.44      1.833          4       1024: 35% ━━━━──────── 132/368 5.1it/s 27.9s<46.1s
[K       2/10      2.88G      2.289      2.436      1.831          7       1024: 36% ━━━━──────── 133/368 4.8it/s 28.1s<49.0s
[K       2/10      2.88G      2.289      2.441      1.834          6       1024: 36% ━━━━──────── 134/368 5.1it/s 28.3s<46.2s
[K       2/10      2.88G      2.288      2.444      1.833          5       1024: 36% ━━━━──────── 135/368 4.8it/s 28.6s<48.9s
[K       2/10      2.88G      2.284       2.44      1.829          8       1024: 36% ━━━━──────── 136/368 5.0it/s 28.7s<46.0s
[K       2/10      2.88G      2.282      2.435      1.828          5       1024: 37% ━━━━──────── 137/368 4.8it/s 29.0s<48.6s
[K       2/10      2.88G      2.279      2.429       1.83          4       1024: 37% ━━━━──────── 138/368 5.0it/s 29.2s<46.0s
[K       2/10      2.88G       2.28      2.426      1.832          9       1024: 37% ━━━━╸─────── 139/368 4.7it/s 29.4s<48.4s
[K       2/10      2.88G      2.278      2.423      1.832          4       1024: 38% ━━━━╸─────── 140/368 4.9it/s 29.6s<46.5s
[K       2/10      2.88G      2.275      2.421       1.83          4       1024: 38% ━━━━╸─────── 141/368 4.6it/s 29.8s<48.8s
[K       2/10      2.88G      2.276      2.419      1.832          7       1024: 38% ━━━━╸─────── 142/368 4.8it/s 30.0s<46.8s
[K       2/10      2.88G      2.276      2.414       1.83          8       1024: 38% ━━━━╸─────── 143/368 4.6it/s 30.3s<49.0s
[K       2/10      2.88G      2.272      2.408       1.83          6       1024: 39% ━━━━╸─────── 144/368 4.9it/s 30.5s<46.0s
[K       2/10      2.88G      2.274      2.417      1.835         13       1024: 39% ━━━━╸─────── 145/368 4.7it/s 30.7s<47.8s
[K       2/10      2.88G       2.27      2.413      1.833          6       1024: 39% ━━━━╸─────── 146/368 5.0it/s 30.9s<44.4s
[K       2/10      2.88G      2.269      2.408      1.831         12       1024: 39% ━━━━╸─────── 147/368 4.8it/s 31.1s<46.5s
[K       2/10      2.88G      2.266      2.408      1.831          4       1024: 40% ━━━━╸─────── 148/368 5.0it/s 31.3s<43.7s
[K       2/10      2.88G      2.262      2.407      1.826          6       1024: 40% ━━━━╸─────── 149/368 4.8it/s 31.5s<45.8s
[K       2/10      2.88G      2.261      2.406      1.824          6       1024: 40% ━━━━╸─────── 150/368 5.0it/s 31.7s<43.2s
[K       2/10      2.88G      2.261      2.406      1.821          6       1024: 41% ━━━━╸─────── 151/368 4.7it/s 32.0s<46.1s
[K       2/10      2.88G      2.258      2.401      1.819          5       1024: 41% ━━━━╸─────── 152/368 5.0it/s 32.1s<43.0s
[K       2/10      2.88G      2.255      2.398      1.818          7       1024: 41% ━━━━╸─────── 153/368 4.7it/s 32.4s<45.3s
[K       2/10      2.88G      2.255      2.395      1.817          5       1024: 41% ━━━━━─────── 154/368 5.0it/s 32.6s<42.9s
[K       2/10      2.88G      2.256      2.397      1.818          6       1024: 42% ━━━━━─────── 155/368 4.7it/s 32.8s<45.5s
[K       2/10      2.88G      2.256      2.394      1.818          6       1024: 42% ━━━━━─────── 156/368 4.7it/s 33.0s<44.7s
[K       2/10      2.88G      2.259      2.393      1.822          6       1024: 42% ━━━━━─────── 157/368 4.5it/s 33.3s<47.2s
[K       2/10      2.88G      2.261      2.389      1.822          8       1024: 42% ━━━━━─────── 158/368 4.7it/s 33.5s<44.7s
[K       2/10      2.88G      2.263      2.392      1.825          7       1024: 43% ━━━━━─────── 159/368 4.4it/s 33.7s<47.2s
[K       2/10      2.88G      2.263      2.393      1.822          6       1024: 43% ━━━━━─────── 160/368 4.6it/s 33.9s<45.2s
[K       2/10      2.88G       2.26      2.393      1.819          6       1024: 43% ━━━━━─────── 161/368 4.4it/s 34.2s<47.1s
[K       2/10      2.88G      2.258      2.388      1.815          6       1024: 44% ━━━━━─────── 162/368 4.6it/s 34.4s<44.4s
[K       2/10      2.88G      2.257       2.39      1.815          8       1024: 44% ━━━━━─────── 163/368 4.4it/s 34.6s<46.7s
[K       2/10      2.88G      2.257       2.39      1.814          9       1024: 44% ━━━━━─────── 164/368 4.5it/s 34.8s<44.9s
[K       2/10      2.88G      2.258      2.388      1.815          5       1024: 44% ━━━━━─────── 165/368 4.3it/s 35.1s<46.8s
[K       2/10      2.88G      2.256      2.384      1.813          8       1024: 45% ━━━━━─────── 166/368 4.6it/s 35.3s<44.2s
[K       2/10      2.88G      2.255      2.387      1.812          5       1024: 45% ━━━━━─────── 167/368 4.3it/s 35.6s<46.8s
[K       2/10      2.88G      2.253      2.382      1.808          6       1024: 45% ━━━━━─────── 168/368 4.4it/s 35.8s<45.0s
[K       2/10      2.88G      2.249      2.375      1.805          5       1024: 45% ━━━━━╸────── 169/368 4.3it/s 36.0s<46.7s
[K       2/10      2.88G      2.248      2.371      1.804          6       1024: 46% ━━━━━╸────── 170/368 4.5it/s 36.2s<44.0s
[K       2/10      2.88G       2.25      2.375      1.805         11       1024: 46% ━━━━━╸────── 171/368 4.4it/s 36.5s<45.2s
[K       2/10      2.88G      2.246      2.371      1.802          5       1024: 46% ━━━━━╸────── 172/368 4.6it/s 36.7s<42.8s
[K       2/10      2.88G      2.247       2.37      1.802          5       1024: 47% ━━━━━╸────── 173/368 4.3it/s 37.0s<45.3s
[K       2/10      2.88G      2.247      2.367      1.802          5       1024: 47% ━━━━━╸────── 174/368 4.5it/s 37.2s<43.3s
[K       2/10      2.88G      2.244      2.365        1.8          8       1024: 47% ━━━━━╸────── 175/368 4.2it/s 37.4s<45.5s
[K       2/10      2.88G      2.245      2.366      1.801          6       1024: 47% ━━━━━╸────── 176/368 4.4it/s 37.6s<43.3s
[K       2/10      2.88G      2.243      2.363        1.8          8       1024: 48% ━━━━━╸────── 177/368 4.3it/s 37.9s<44.4s
[K       2/10      2.88G      2.239      2.359      1.797          6       1024: 48% ━━━━━╸────── 178/368 4.6it/s 38.1s<41.6s
[K       2/10      2.88G      2.237      2.358      1.795          7       1024: 48% ━━━━━╸────── 179/368 4.4it/s 38.3s<43.0s
[K       2/10      2.88G      2.236      2.358      1.794          8       1024: 48% ━━━━━╸────── 180/368 4.6it/s 38.5s<41.0s
[K       2/10      2.88G      2.234      2.353       1.79          6       1024: 49% ━━━━━╸────── 181/368 4.3it/s 38.8s<43.3s
[K       2/10      2.88G      2.233       2.35      1.791          5       1024: 49% ━━━━━╸────── 182/368 4.5it/s 39.0s<41.6s
[K       2/10      2.88G      2.233      2.347      1.792          7       1024: 49% ━━━━━╸────── 183/368 4.2it/s 39.3s<44.3s
[K       2/10      2.88G      2.235      2.346      1.791          5       1024: 50% ━━━━━━────── 184/368 4.5it/s 39.5s<41.0s
[K       2/10      2.88G      2.232      2.344      1.789          4       1024: 50% ━━━━━━────── 185/368 4.2it/s 39.8s<43.5s
[K       2/10      2.88G      2.232      2.347      1.789          8       1024: 50% ━━━━━━────── 186/368 4.4it/s 40.0s<41.1s
[K       2/10      2.88G      2.233      2.351      1.788          4       1024: 50% ━━━━━━────── 187/368 4.3it/s 40.2s<42.5s
[K       2/10      2.88G      2.231      2.349      1.787          7       1024: 51% ━━━━━━────── 188/368 4.4it/s 40.4s<40.6s
[K       2/10      2.88G      2.229      2.346      1.787          5       1024: 51% ━━━━━━────── 189/368 4.2it/s 40.7s<42.2s
[K       2/10      2.88G      2.227      2.343      1.783          9       1024: 51% ━━━━━━────── 190/368 4.5it/s 40.9s<39.2s
[K       2/10      2.88G      2.227       2.34      1.781          8       1024: 51% ━━━━━━────── 191/368 4.3it/s 41.2s<41.1s
[K       2/10      2.88G      2.227      2.343      1.781          6       1024: 52% ━━━━━━────── 192/368 4.5it/s 41.4s<39.0s
[K       2/10      2.88G       2.23      2.351      1.787         10       1024: 52% ━━━━━━────── 193/368 4.3it/s 41.6s<40.8s
[K       2/10      2.88G      2.232       2.35      1.784          5       1024: 52% ━━━━━━────── 194/368 4.5it/s 41.8s<38.8s
[K       2/10      2.88G      2.231      2.349      1.784          7       1024: 52% ━━━━━━────── 195/368 4.3it/s 42.1s<40.2s
[K       2/10      2.88G      2.229      2.345      1.782          4       1024: 53% ━━━━━━────── 196/368 4.5it/s 42.3s<37.8s
[K       2/10      2.88G      2.228      2.341      1.781          5       1024: 53% ━━━━━━────── 197/368 4.3it/s 42.5s<39.7s
[K       2/10      2.88G      2.225      2.337      1.779          4       1024: 53% ━━━━━━────── 198/368 4.5it/s 42.7s<37.8s
[K       2/10      2.88G      2.223      2.335      1.778          8       1024: 54% ━━━━━━────── 199/368 4.4it/s 43.0s<38.5s
[K       2/10      2.88G      2.223      2.331      1.776          5       1024: 54% ━━━━━━╸───── 200/368 4.6it/s 43.2s<36.2s
[K       2/10      2.88G      2.222      2.327      1.774          7       1024: 54% ━━━━━━╸───── 201/368 4.3it/s 43.5s<38.5s
[K       2/10      2.88G      2.225      2.331      1.776         10       1024: 54% ━━━━━━╸───── 202/368 4.5it/s 43.7s<36.6s
[K       2/10      2.88G      2.225      2.332      1.777          6       1024: 55% ━━━━━━╸───── 203/368 4.3it/s 43.9s<38.5s
[K       2/10      2.88G      2.225      2.329      1.776          9       1024: 55% ━━━━━━╸───── 204/368 4.5it/s 44.1s<36.6s
[K       2/10      2.88G      2.223      2.323      1.774          5       1024: 55% ━━━━━━╸───── 205/368 4.3it/s 44.4s<38.0s
[K       2/10      2.88G      2.223      2.324      1.776          8       1024: 55% ━━━━━━╸───── 206/368 4.6it/s 44.6s<35.1s
[K       2/10      2.88G      2.223      2.325      1.779          6       1024: 56% ━━━━━━╸───── 207/368 4.4it/s 44.8s<36.2s
[K       2/10      2.88G       2.22      2.323      1.777          4       1024: 56% ━━━━━━╸───── 208/368 4.8it/s 45.0s<33.3s
[K       2/10      2.88G      2.219      2.321      1.776          6       1024: 56% ━━━━━━╸───── 209/368 4.6it/s 45.2s<34.6s
[K       2/10      2.88G       2.22       2.32      1.777          8       1024: 57% ━━━━━━╸───── 210/368 4.9it/s 45.4s<32.2s
[K       2/10      2.88G       2.22      2.318      1.777          8       1024: 57% ━━━━━━╸───── 211/368 4.6it/s 45.7s<34.0s
[K       2/10      2.88G      2.217      2.314      1.776          5       1024: 57% ━━━━━━╸───── 212/368 5.0it/s 45.8s<31.4s
[K       2/10      2.88G      2.215      2.311      1.775         12       1024: 57% ━━━━━━╸───── 213/368 4.7it/s 46.1s<33.2s
[K       2/10      2.88G      2.216      2.316      1.776          5       1024: 58% ━━━━━━╸───── 214/368 4.9it/s 46.3s<31.2s
[K       2/10      2.88G      2.213      2.313      1.775          6       1024: 58% ━━━━━━━───── 215/368 4.6it/s 46.6s<33.5s
[K       2/10      2.88G      2.216      2.311      1.775         10       1024: 58% ━━━━━━━───── 216/368 4.8it/s 46.7s<31.7s
[K       2/10      2.88G      2.219      2.315      1.778          8       1024: 58% ━━━━━━━───── 217/368 4.6it/s 47.0s<33.0s
[K       2/10      2.88G      2.217      2.311      1.778          8       1024: 59% ━━━━━━━───── 218/368 4.9it/s 47.2s<30.8s
[K       2/10      2.88G      2.218      2.308      1.777          7       1024: 59% ━━━━━━━───── 219/368 4.7it/s 47.4s<32.0s
[K       2/10      2.88G      2.218       2.31      1.778          6       1024: 59% ━━━━━━━───── 220/368 4.9it/s 47.6s<30.1s
[K       2/10      2.88G      2.216      2.307      1.776          6       1024: 60% ━━━━━━━───── 221/368 4.7it/s 47.8s<31.4s
[K       2/10      2.88G      2.215      2.306      1.776          4       1024: 60% ━━━━━━━───── 222/368 4.9it/s 48.0s<29.7s
[K       2/10      2.88G      2.214      2.303      1.777          7       1024: 60% ━━━━━━━───── 223/368 4.7it/s 48.2s<30.6s
[K       2/10      2.88G      2.214        2.3      1.776          4       1024: 60% ━━━━━━━───── 224/368 5.1it/s 48.4s<28.5s
[K       2/10      2.88G      2.214      2.301      1.777         11       1024: 61% ━━━━━━━───── 225/368 4.7it/s 48.7s<30.2s
[K       2/10      2.88G      2.212      2.297      1.776          7       1024: 61% ━━━━━━━───── 226/368 5.1it/s 48.8s<28.1s
[K       2/10      2.88G       2.21      2.293      1.774          4       1024: 61% ━━━━━━━───── 227/368 4.8it/s 49.1s<29.3s
[K       2/10      2.88G       2.21      2.293      1.774         12       1024: 61% ━━━━━━━───── 228/368 5.1it/s 49.2s<27.4s
[K       2/10      2.88G      2.208      2.293      1.773          4       1024: 62% ━━━━━━━───── 229/368 4.8it/s 49.5s<29.0s
[K       2/10      2.88G      2.209      2.293      1.772          5       1024: 62% ━━━━━━━───── 230/368 5.2it/s 49.7s<26.3s
[K       2/10      2.88G      2.211      2.293      1.774          5       1024: 62% ━━━━━━━╸──── 231/368 4.9it/s 49.9s<27.8s
[K       2/10      2.88G      2.211      2.293      1.774          6       1024: 63% ━━━━━━━╸──── 232/368 5.2it/s 50.1s<26.0s
[K       2/10      2.88G      2.211      2.294      1.773          5       1024: 63% ━━━━━━━╸──── 233/368 4.9it/s 50.3s<27.5s
[K       2/10      2.88G       2.21      2.292      1.771          6       1024: 63% ━━━━━━━╸──── 234/368 5.2it/s 50.5s<26.0s
[K       2/10      2.88G      2.208      2.293       1.77          4       1024: 63% ━━━━━━━╸──── 235/368 4.9it/s 50.7s<27.4s
[K       2/10      2.88G       2.21      2.293      1.771          8       1024: 64% ━━━━━━━╸──── 236/368 5.1it/s 50.9s<25.8s
[K       2/10      2.88G      2.211      2.292      1.771          5       1024: 64% ━━━━━━━╸──── 237/368 4.8it/s 51.1s<27.4s
[K       2/10      2.88G       2.21      2.288       1.77          4       1024: 64% ━━━━━━━╸──── 238/368 5.1it/s 51.3s<25.7s
[K       2/10      2.88G      2.211      2.289      1.772          8       1024: 64% ━━━━━━━╸──── 239/368 4.8it/s 51.6s<27.1s
[K       2/10      2.88G      2.209       2.29      1.771          5       1024: 65% ━━━━━━━╸──── 240/368 5.0it/s 51.7s<25.6s
[K       2/10      2.88G      2.209      2.291      1.773         15       1024: 65% ━━━━━━━╸──── 241/368 4.7it/s 52.0s<27.0s
[K       2/10      2.88G      2.208      2.288      1.772          5       1024: 65% ━━━━━━━╸──── 242/368 4.9it/s 52.2s<25.5s
[K       2/10      2.88G      2.209      2.287      1.772          4       1024: 66% ━━━━━━━╸──── 243/368 4.6it/s 52.4s<27.0s
[K       2/10      2.88G      2.208      2.287      1.773          5       1024: 66% ━━━━━━━╸──── 244/368 4.8it/s 52.6s<25.7s
[K       2/10      2.88G      2.209      2.284      1.773          5       1024: 66% ━━━━━━━╸──── 245/368 4.6it/s 52.9s<26.6s
[K       2/10      2.88G      2.209      2.287      1.776          5       1024: 66% ━━━━━━━━──── 246/368 5.0it/s 53.0s<24.6s
[K       2/10      2.88G      2.208      2.285      1.774          6       1024: 67% ━━━━━━━━──── 247/368 4.7it/s 53.3s<25.8s
[K       2/10      2.88G      2.207      2.283      1.772          6       1024: 67% ━━━━━━━━──── 248/368 5.0it/s 53.5s<24.0s
[K       2/10      2.88G      2.208      2.285      1.773         19       1024: 67% ━━━━━━━━──── 249/368 4.8it/s 53.7s<25.0s
[K       2/10      2.88G      2.204      2.281      1.771          5       1024: 67% ━━━━━━━━──── 250/368 5.0it/s 53.9s<23.5s
[K       2/10      2.88G      2.201      2.276      1.768          5       1024: 68% ━━━━━━━━──── 251/368 4.7it/s 54.1s<24.7s
[K       2/10      2.88G      2.205       2.28      1.774          4       1024: 68% ━━━━━━━━──── 252/368 5.0it/s 54.3s<23.0s
[K       2/10      2.88G      2.203      2.278      1.772          5       1024: 68% ━━━━━━━━──── 253/368 4.7it/s 54.5s<24.4s
[K       2/10      2.88G      2.203      2.278      1.772          6       1024: 69% ━━━━━━━━──── 254/368 5.0it/s 54.7s<22.8s
[K       2/10      2.88G      2.203      2.277      1.773          6       1024: 69% ━━━━━━━━──── 255/368 4.7it/s 55.0s<24.0s
[K       2/10      2.88G      2.202      2.274      1.771          6       1024: 69% ━━━━━━━━──── 256/368 5.0it/s 55.1s<22.6s
[K       2/10      2.88G        2.2      2.274       1.77          4       1024: 69% ━━━━━━━━──── 257/368 4.7it/s 55.4s<23.6s
[K       2/10      2.88G      2.199      2.272      1.768         10       1024: 70% ━━━━━━━━──── 258/368 5.0it/s 55.6s<22.2s
[K       2/10      2.88G      2.197       2.27      1.765          4       1024: 70% ━━━━━━━━──── 259/368 4.7it/s 55.8s<23.4s
[K       2/10      2.88G      2.196      2.268      1.763          8       1024: 70% ━━━━━━━━──── 260/368 4.9it/s 56.0s<22.0s
[K       2/10      2.88G      2.195      2.269      1.764          4       1024: 70% ━━━━━━━━╸─── 261/368 4.7it/s 56.2s<22.9s
[K       2/10      2.88G      2.193      2.265      1.762          5       1024: 71% ━━━━━━━━╸─── 262/368 5.0it/s 56.4s<21.2s
[K       2/10      2.88G      2.193      2.264       1.76          4       1024: 71% ━━━━━━━━╸─── 263/368 4.6it/s 56.7s<22.7s
[K       2/10      2.88G      2.193      2.261      1.761          5       1024: 71% ━━━━━━━━╸─── 264/368 5.0it/s 56.9s<20.8s
[K       2/10      2.88G      2.195      2.263      1.764          6       1024: 72% ━━━━━━━━╸─── 265/368 4.7it/s 57.1s<21.7s
[K       2/10      2.88G      2.195      2.262      1.762         10       1024: 72% ━━━━━━━━╸─── 266/368 5.0it/s 57.3s<20.4s
[K       2/10      2.88G      2.194      2.262      1.761          5       1024: 72% ━━━━━━━━╸─── 267/368 4.7it/s 57.5s<21.3s
[K       2/10      2.88G      2.195      2.262      1.762          6       1024: 72% ━━━━━━━━╸─── 268/368 5.0it/s 57.7s<20.0s
[K       2/10      2.88G      2.195      2.265      1.763         11       1024: 73% ━━━━━━━━╸─── 269/368 4.6it/s 58.0s<21.4s
[K       2/10      2.88G      2.194      2.262      1.763          5       1024: 73% ━━━━━━━━╸─── 270/368 4.8it/s 58.1s<20.2s
[K       2/10      2.88G      2.195      2.261      1.765          8       1024: 73% ━━━━━━━━╸─── 271/368 4.5it/s 58.4s<21.4s
[K       2/10      2.88G      2.195      2.259      1.763          7       1024: 73% ━━━━━━━━╸─── 272/368 4.8it/s 58.6s<19.8s
[K       2/10      2.88G      2.193      2.259      1.762          7       1024: 74% ━━━━━━━━╸─── 273/368 4.6it/s 58.8s<20.5s
[K       2/10      2.88G      2.193      2.258       1.76          6       1024: 74% ━━━━━━━━╸─── 274/368 4.9it/s 59.0s<19.2s
[K       2/10      2.88G      2.193      2.257      1.761          5       1024: 74% ━━━━━━━━╸─── 275/368 4.7it/s 59.3s<19.9s
[K       2/10      2.88G      2.192      2.257      1.761          5       1024: 75% ━━━━━━━━━─── 276/368 5.0it/s 59.4s<18.6s
[K       2/10      2.88G       2.19      2.255      1.759          4       1024: 75% ━━━━━━━━━─── 277/368 4.7it/s 59.7s<19.2s
[K       2/10      2.88G      2.192      2.258       1.76          6       1024: 75% ━━━━━━━━━─── 278/368 5.0it/s 59.8s<18.0s
[K       2/10      2.88G      2.193      2.257       1.76         11       1024: 75% ━━━━━━━━━─── 279/368 4.7it/s 1:00<18.9s
[K       2/10      2.88G      2.193      2.256       1.76          4       1024: 76% ━━━━━━━━━─── 280/368 5.0it/s 1:00<17.6s
[K       2/10      2.88G      2.194      2.256       1.76          6       1024: 76% ━━━━━━━━━─── 281/368 4.7it/s 1:01<18.4s
[K       2/10      2.88G      2.194      2.255      1.761          7       1024: 76% ━━━━━━━━━─── 282/368 5.0it/s 1:01<17.2s
[K       2/10      2.88G      2.195      2.253      1.761          8       1024: 76% ━━━━━━━━━─── 283/368 4.7it/s 1:01<18.1s
[K       2/10      2.88G      2.195      2.252      1.761         10       1024: 77% ━━━━━━━━━─── 284/368 5.0it/s 1:01<16.8s
[K       2/10      2.88G      2.196      2.253      1.762          5       1024: 77% ━━━━━━━━━─── 285/368 4.7it/s 1:01<17.6s
[K       2/10      2.88G      2.196       2.25      1.762          5       1024: 77% ━━━━━━━━━─── 286/368 5.0it/s 1:02<16.5s
[K       2/10      2.88G      2.196       2.25      1.762         13       1024: 77% ━━━━━━━━━─── 287/368 4.7it/s 1:02<17.3s
[K       2/10      2.88G      2.196      2.249      1.762          9       1024: 78% ━━━━━━━━━─── 288/368 4.9it/s 1:02<16.2s
[K       2/10      2.88G      2.195      2.247       1.76          6       1024: 78% ━━━━━━━━━─── 289/368 4.7it/s 1:02<16.8s
[K       2/10      2.88G      2.196      2.247      1.761          7       1024: 78% ━━━━━━━━━─── 290/368 4.9it/s 1:02<15.8s
[K       2/10      2.88G      2.197       2.25      1.763          8       1024: 79% ━━━━━━━━━─── 291/368 4.7it/s 1:03<16.4s
[K       2/10      2.88G      2.197      2.249      1.763         11       1024: 79% ━━━━━━━━━╸── 292/368 4.9it/s 1:03<15.4s
[K       2/10      2.88G      2.197      2.246      1.762          6       1024: 79% ━━━━━━━━━╸── 293/368 4.7it/s 1:03<16.0s
[K       2/10      2.88G      2.198      2.244      1.762          6       1024: 79% ━━━━━━━━━╸── 294/368 5.0it/s 1:03<14.8s
[K       2/10      2.88G      2.197      2.241       1.76          5       1024: 80% ━━━━━━━━━╸── 295/368 4.7it/s 1:03<15.4s
[K       2/10      2.88G      2.198      2.244      1.763          8       1024: 80% ━━━━━━━━━╸── 296/368 5.0it/s 1:04<14.3s
[K       2/10      2.89G      2.199      2.246      1.763          6       1024: 80% ━━━━━━━━━╸── 297/368 4.7it/s 1:04<15.0s
[K       2/10      2.89G      2.199      2.248      1.764         10       1024: 80% ━━━━━━━━━╸── 298/368 5.1it/s 1:04<13.8s
[K       2/10      2.89G      2.198      2.246      1.763          6       1024: 81% ━━━━━━━━━╸── 299/368 4.8it/s 1:04<14.5s
[K       2/10      2.89G      2.199      2.242      1.764          4       1024: 81% ━━━━━━━━━╸── 300/368 5.1it/s 1:04<13.4s
[K       2/10      2.89G      2.199      2.242      1.764         11       1024: 81% ━━━━━━━━━╸── 301/368 4.8it/s 1:05<14.1s
[K       2/10      2.89G      2.201      2.241      1.765          4       1024: 82% ━━━━━━━━━╸── 302/368 5.0it/s 1:05<13.2s
[K       2/10      2.89G        2.2      2.244      1.764          5       1024: 82% ━━━━━━━━━╸── 303/368 4.8it/s 1:05<13.6s
[K       2/10      2.89G      2.199      2.244      1.764          9       1024: 82% ━━━━━━━━━╸── 304/368 5.1it/s 1:05<12.6s
[K       2/10      2.89G      2.201      2.247      1.765          7       1024: 82% ━━━━━━━━━╸── 305/368 4.8it/s 1:06<13.2s
[K       2/10      2.89G      2.202      2.247      1.766          6       1024: 83% ━━━━━━━━━╸── 306/368 5.0it/s 1:06<12.4s
[K       2/10      2.89G      2.202      2.246      1.766          5       1024: 83% ━━━━━━━━━━── 307/368 4.7it/s 1:06<13.1s
[K       2/10      2.89G        2.2      2.243      1.764          5       1024: 83% ━━━━━━━━━━── 308/368 4.9it/s 1:06<12.2s
[K       2/10      2.89G      2.201      2.244      1.764         13       1024: 83% ━━━━━━━━━━── 309/368 4.6it/s 1:06<12.8s
[K       2/10      2.89G      2.202      2.245      1.766          7       1024: 84% ━━━━━━━━━━── 310/368 4.9it/s 1:07<11.9s
[K       2/10      2.89G      2.201      2.245      1.766          7       1024: 84% ━━━━━━━━━━── 311/368 4.7it/s 1:07<12.2s
[K       2/10      2.89G      2.201      2.245      1.766         13       1024: 84% ━━━━━━━━━━── 312/368 5.0it/s 1:07<11.2s
[K       2/10      2.89G      2.201      2.243      1.766          5       1024: 85% ━━━━━━━━━━── 313/368 4.8it/s 1:07<11.5s
[K       2/10      2.89G      2.201      2.241      1.765          8       1024: 85% ━━━━━━━━━━── 314/368 5.0it/s 1:07<10.7s
[K       2/10      2.89G      2.202      2.242      1.766          8       1024: 85% ━━━━━━━━━━── 315/368 4.7it/s 1:08<11.2s
[K       2/10      2.89G        2.2       2.24      1.765          7       1024: 85% ━━━━━━━━━━── 316/368 5.0it/s 1:08<10.4s
[K       2/10      2.89G        2.2      2.239      1.764          9       1024: 86% ━━━━━━━━━━── 317/368 4.7it/s 1:08<10.8s
[K       2/10      2.89G        2.2      2.239      1.765         11       1024: 86% ━━━━━━━━━━── 318/368 5.0it/s 1:08<10.0s
[K       2/10      2.89G      2.199      2.241      1.765          4       1024: 86% ━━━━━━━━━━── 319/368 4.7it/s 1:09<10.5s
[K       2/10      2.89G      2.199       2.24      1.764          6       1024: 86% ━━━━━━━━━━── 320/368 5.0it/s 1:09<9.6s
[K       2/10      2.89G      2.197      2.238      1.763          7       1024: 87% ━━━━━━━━━━── 321/368 4.6it/s 1:09<10.2s
[K       2/10      2.89G      2.199       2.24      1.766          5       1024: 87% ━━━━━━━━━━── 322/368 4.9it/s 1:09<9.3s
[K       2/10      2.89G      2.199      2.238      1.764          4       1024: 87% ━━━━━━━━━━╸─ 323/368 4.7it/s 1:09<9.7s
[K       2/10      2.89G        2.2      2.239      1.764          8       1024: 88% ━━━━━━━━━━╸─ 324/368 4.9it/s 1:10<8.9s
[K       2/10      2.89G      2.199      2.238      1.764          8       1024: 88% ━━━━━━━━━━╸─ 325/368 4.7it/s 1:10<9.1s
[K       2/10      2.89G        2.2      2.238      1.764          6       1024: 88% ━━━━━━━━━━╸─ 326/368 5.0it/s 1:10<8.4s
[K       2/10      2.89G      2.199      2.238      1.763          5       1024: 88% ━━━━━━━━━━╸─ 327/368 4.8it/s 1:10<8.6s
[K       2/10      2.89G      2.199      2.237      1.763          7       1024: 89% ━━━━━━━━━━╸─ 328/368 5.0it/s 1:10<7.9s
[K       2/10      2.89G      2.199      2.239      1.765          4       1024: 89% ━━━━━━━━━━╸─ 329/368 4.8it/s 1:11<8.2s
[K       2/10      2.89G      2.199      2.239      1.764          5       1024: 89% ━━━━━━━━━━╸─ 330/368 5.1it/s 1:11<7.5s
[K       2/10      2.89G        2.2       2.24      1.766          9       1024: 89% ━━━━━━━━━━╸─ 331/368 4.9it/s 1:11<7.6s
[K       2/10      2.89G      2.199      2.238      1.764          5       1024: 90% ━━━━━━━━━━╸─ 332/368 5.1it/s 1:11<7.0s
[K       2/10      2.89G      2.199      2.236      1.765          5       1024: 90% ━━━━━━━━━━╸─ 333/368 4.9it/s 1:11<7.2s
[K       2/10      2.89G      2.201      2.237      1.765         10       1024: 90% ━━━━━━━━━━╸─ 334/368 5.2it/s 1:12<6.5s
[K       2/10      2.89G      2.201      2.236      1.765          5       1024: 91% ━━━━━━━━━━╸─ 335/368 5.2it/s 1:12<6.4s
[K       2/10      2.89G      2.201      2.236      1.766          5       1024: 91% ━━━━━━━━━━╸─ 336/368 5.4it/s 1:12<5.9s
[K       2/10      2.89G        2.2      2.234      1.764          8       1024: 91% ━━━━━━━━━━╸─ 337/368 5.1it/s 1:12<6.1s
[K       2/10      2.89G        2.2      2.234      1.765         10       1024: 91% ━━━━━━━━━━━─ 338/368 5.2it/s 1:12<5.7s
[K       2/10      2.89G        2.2      2.234      1.764          8       1024: 92% ━━━━━━━━━━━─ 339/368 4.9it/s 1:13<5.9s
[K       2/10      2.89G        2.2      2.235      1.765         10       1024: 92% ━━━━━━━━━━━─ 340/368 5.1it/s 1:13<5.5s
[K       2/10      2.89G        2.2      2.233      1.763          6       1024: 92% ━━━━━━━━━━━─ 341/368 4.8it/s 1:13<5.7s
[K       2/10      2.89G        2.2      2.233      1.764          9       1024: 92% ━━━━━━━━━━━─ 342/368 5.1it/s 1:13<5.1s
[K       2/10      2.89G      2.199      2.234      1.764         10       1024: 93% ━━━━━━━━━━━─ 343/368 4.8it/s 1:14<5.2s
[K       2/10      2.89G        2.2      2.234      1.765          5       1024: 93% ━━━━━━━━━━━─ 344/368 5.1it/s 1:14<4.7s
[K       2/10      2.89G      2.201      2.233      1.766          4       1024: 93% ━━━━━━━━━━━─ 345/368 4.7it/s 1:14<4.9s
[K       2/10      2.89G        2.2      2.231      1.766          8       1024: 94% ━━━━━━━━━━━─ 346/368 5.0it/s 1:14<4.4s
[K       2/10      2.89G      2.199      2.228      1.765          5       1024: 94% ━━━━━━━━━━━─ 347/368 4.7it/s 1:14<4.5s
[K       2/10      2.89G      2.197      2.228      1.764          6       1024: 94% ━━━━━━━━━━━─ 348/368 5.0it/s 1:15<4.0s
[K       2/10      2.89G      2.198      2.229      1.764          8       1024: 94% ━━━━━━━━━━━─ 349/368 4.6it/s 1:15<4.1s
[K       2/10      2.89G      2.199      2.229      1.766          4       1024: 95% ━━━━━━━━━━━─ 350/368 4.8it/s 1:15<3.7s
[K       2/10      2.89G      2.198      2.227      1.764          6       1024: 95% ━━━━━━━━━━━─ 351/368 4.6it/s 1:15<3.7s
[K       2/10      2.89G      2.199      2.229      1.766          8       1024: 95% ━━━━━━━━━━━─ 352/368 4.9it/s 1:15<3.3s
[K       2/10      2.89G      2.198      2.228      1.765          7       1024: 95% ━━━━━━━━━━━╸ 353/368 4.7it/s 1:16<3.2s
[K       2/10      2.89G      2.197       2.23      1.765          9       1024: 96% ━━━━━━━━━━━╸ 354/368 4.9it/s 1:16<2.9s
[K       2/10      2.89G      2.199       2.23      1.766          5       1024: 96% ━━━━━━━━━━━╸ 355/368 4.6it/s 1:16<2.8s
[K       2/10      2.89G      2.199       2.23      1.766          5       1024: 96% ━━━━━━━━━━━╸ 356/368 4.9it/s 1:16<2.4s
[K       2/10      2.89G      2.199      2.228      1.765          5       1024: 97% ━━━━━━━━━━━╸ 357/368 4.7it/s 1:17<2.3s
[K       2/10      2.89G      2.199      2.228      1.766          7       1024: 97% ━━━━━━━━━━━╸ 358/368 5.0it/s 1:17<2.0s
[K       2/10      2.89G        2.2      2.228      1.766          4       1024: 97% ━━━━━━━━━━━╸ 359/368 4.7it/s 1:17<1.9s
[K       2/10      2.89G      2.199      2.227      1.766          4       1024: 97% ━━━━━━━━━━━╸ 360/368 4.9it/s 1:17<1.6s
[K       2/10      2.89G      2.199      2.227      1.766         11       1024: 98% ━━━━━━━━━━━╸ 361/368 4.7it/s 1:17<1.5s
[K       2/10      2.89G      2.198      2.225      1.765          5       1024: 98% ━━━━━━━━━━━╸ 362/368 5.0it/s 1:18<1.2s
[K       2/10      2.89G      2.196      2.222      1.764          5       1024: 98% ━━━━━━━━━━━╸ 363/368 4.7it/s 1:18<1.1s
[K       2/10      2.89G      2.195      2.219      1.763          7       1024: 98% ━━━━━━━━━━━╸ 364/368 5.0it/s 1:18<0.8s
[K       2/10      2.89G      2.194      2.217      1.762          6       1024: 99% ━━━━━━━━━━━╸ 365/368 4.7it/s 1:18<0.6s
[K       2/10      2.89G      2.195      2.216      1.762          5       1024: 99% ━━━━━━━━━━━╸ 366/368 4.9it/s 1:18<0.4s
[K       2/10      2.89G      2.194      2.215      1.762          4       1024: 99% ━━━━━━━━━━━╸ 367/368 4.6it/s 1:19<0.2s
[K       2/10      2.89G      2.194      2.215      1.762          4       1024: 100% ━━━━━━━━━━━━ 368/368 4.7it/s 1:19

[K                 Class     Images  Instances      Box(P          R      mAP50  mAP50-95): 2% ──────────── 1/35 2.5it/s 0.1s<13.6s
[K                 Class     Images  Instances      Box(P          R      mAP50  mAP50-95): 5% ╸─────────── 2/35 4.2it/s 0.2s<7.9s
[K                 Class     Images  Instances      Box(P          R      mAP50  mAP50-95): 8% ━─────────── 3/35 5.1it/s 0.4s<6.2s
[K                 Class     Images  Instances      Box(P          R      mAP50  mAP50-95): 11% ━─────────── 4/35 6.0it/s 0.5s<5.2s
[K                 Class     Images  Instances      Box(P          R      mAP50  mAP50-95): 14% ━╸────────── 5/35 6.4it/s 0.6s<4.7s
[K                 Class     Images  Instances      Box(P          R      mAP50  mAP50-95): 17% ━━────────── 6/35 6.8it/s 0.8s<4.3s
[K                 Class     Images  Instances      Box(P          R      mAP50  mAP50-95): 20% ━━────────── 7/35 7.1it/s 0.9s<4.0s
[K                 Class     Images  Instances      Box(P          R      mAP50  mAP50-95): 22% ━━╸───────── 8/35 7.3it/s 1.0s<3.7s
[K                 Class     Images  Instances      Box(P          R      mAP50  mAP50-95): 25% ━━━───────── 9/35 7.6it/s 1.1s<3.4s
[K                 Class     Images  Instances      Box(P          R      mAP50  mAP50-95): 28% ━━━───────── 10/35 7.7it/s 1.3s<3.3s
[K                 Class     Images  Instances      Box(P          R      mAP50  mAP50-95): 31% ━━━╸──────── 11/35 7.8it/s 1.4s<3.1s
[K                 Class     Images  Instances      Box(P          R      mAP50  mAP50-95): 34% ━━━━──────── 12/35 7.7it/s 1.5s<3.0s
[K                 Class     Images  Instances      Box(P          R      mAP50  mAP50-95): 37% ━━━━──────── 13/35 7.7it/s 1.7s<2.9s
[K                 Class     Images  Instances      Box(P          R      mAP50  mAP50-95): 40% ━━━━╸─────── 14/35 7.7it/s 1.8s<2.7s
[K                 Class     Images  Instances      Box(P          R      mAP50  mAP50-95): 42% ━━━━━─────── 15/35 7.8it/s 1.9s<2.6s
[K                 Class     Images  Instances      Box(P          R      mAP50  mAP50-95): 45% ━━━━━─────── 16/35 7.8it/s 2.0s<2.4s
[K                 Class     Images  Instances      Box(P          R      mAP50  mAP50-95): 48% ━━━━━╸────── 17/35 7.9it/s 2.2s<2.3s
[K                 Class     Images  Instances      Box(P          R      mAP50  mAP50-95): 51% ━━━━━━────── 18/35 8.1it/s 2.3s<2.1s
[K                 Class     Images  Instances      Box(P          R      mAP50  mAP50-95): 54% ━━━━━━╸───── 19/35 8.0it/s 2.4s<2.0s
[K                 Class     Images  Instances      Box(P          R      mAP50  mAP50-95): 57% ━━━━━━╸───── 20/35 8.2it/s 2.5s<1.8s
[K                 Class     Images  Instances      Box(P          R      mAP50  mAP50-95): 60% ━━━━━━━───── 21/35 8.5it/s 2.6s<1.6s
[K                 Class     Images  Instances      Box(P          R      mAP50  mAP50-95): 62% ━━━━━━━╸──── 22/35 8.5it/s 2.8s<1.5s
[K                 Class     Images  Instances      Box(P          R      mAP50  mAP50-95): 65% ━━━━━━━╸──── 23/35 8.2it/s 2.9s<1.5s
[K                 Class     Images  Instances      Box(P          R      mAP50  mAP50-95): 68% ━━━━━━━━──── 24/35 8.2it/s 3.0s<1.3s
[K                 Class     Images  Instances      Box(P          R      mAP50  mAP50-95): 71% ━━━━━━━━╸─── 25/35 8.2it/s 3.1s<1.2s
[K                 Class     Images  Instances      Box(P          R      mAP50  mAP50-95): 74% ━━━━━━━━╸─── 26/35 8.4it/s 3.2s<1.1s
[K                 Class     Images  Instances      Box(P          R      mAP50  mAP50-95): 77% ━━━━━━━━━─── 27/35 8.3it/s 3.4s<1.0s
[K                 Class     Images  Instances      Box(P          R      mAP50  mAP50-95): 80% ━━━━━━━━━╸── 28/35 8.3it/s 3.5s<0.8s
[K                 Class     Images  Instances      Box(P          R      mAP50  mAP50-95): 82% ━━━━━━━━━╸── 29/35 8.3it/s 3.6s<0.7s
[K                 Class     Images  Instances      Box(P          R      mAP50  mAP50-95): 85% ━━━━━━━━━━── 30/35 8.3it/s 3.7s<0.6s
[K                 Class     Images  Instances      Box(P          R      mAP50  mAP50-95): 88% ━━━━━━━━━━╸─ 31/35 8.4it/s 3.8s<0.5s
[K                 Class     Images  Instances      Box(P          R      mAP50  mAP50-95): 91% ━━━━━━━━━━╸─ 32/35 8.4it/s 4.0s<0.4s
[K                 Class     Images  Instances      Box(P          R      mAP50  mAP50-95): 94% ━━━━━━━━━━━─ 33/35 8.3it/s 4.1s<0.2s
[K                 Class     Images  Instances      Box(P          R      mAP50  mAP50-95): 97% ━━━━━━━━━━━╸ 34/35 8.3it/s 4.2s<0.1s
[K                 Class     Images  Instances      Box(P          R      mAP50  mAP50-95): 100% ━━━━━━━━━━━━ 35/35 8.2it/s 4.3s
                   all        275        480      0.361      0.328      0.346      0.151
WAFER_EPOCH 2/10 calls=460 map=0.15071

      Epoch    GPU_mem   box_loss   cls_loss   dfl_loss  Instances       Size

[K       3/10      2.89G      2.265      1.757      1.591          4       1024: 0% ──────────── 0/368  0.2s
[K       3/10      2.89G      2.394       1.91      1.723          5       1024: 0% ──────────── 1/368 1.2it/s 0.4s<5:19
[K       3/10      2.89G      2.269      1.773      1.714          7       1024: 0% ──────────── 2/368 2.4it/s 0.6s<2:35
[K       3/10      2.89G      2.303      1.911      1.725          7       1024: 0% ──────────── 3/368 2.9it/s 0.9s<2:05
[K       3/10      2.89G      2.256       2.19       1.78          5       1024: 1% ──────────── 4/368 3.6it/s 1.1s<1:41
[K       3/10      2.89G      2.194      2.222      1.794          5       1024: 1% ──────────── 5/368 3.7it/s 1.3s<1:37
[K       3/10      2.89G      2.186      2.276      1.785          7       1024: 1% ──────────── 6/368 4.3it/s 1.5s<1:25
[K       3/10      2.89G      2.163      2.137      1.742          6       1024: 1% ──────────── 7/368 4.2it/s 1.7s<1:26
[K       3/10      2.89G       2.15      2.117      1.769          4       1024: 2% ──────────── 8/368 4.6it/s 1.9s<1:18
[K       3/10      2.89G      2.142      2.011      1.741          6       1024: 2% ──────────── 9/368 4.5it/s 2.2s<1:20
[K       3/10      2.89G      2.086      1.939      1.703          4       1024: 2% ──────────── 10/368 4.7it/s 2.3s<1:16
[K       3/10      2.89G      2.065      1.923      1.661          6       1024: 2% ──────────── 11/368 4.6it/s 2.6s<1:18
[K       3/10      2.89G      2.083      1.918      1.677          5       1024: 3% ──────────── 12/368 4.9it/s 2.8s<1:13
[K       3/10      2.89G      2.143      1.995      1.719         12       1024: 3% ──────────── 13/368 4.6it/s 3.0s<1:17
[K       3/10      2.89G      2.113       1.98       1.69          7       1024: 3% ──────────── 14/368 5.0it/s 3.2s<1:11
[K       3/10      2.89G      2.106      1.966      1.684          9       1024: 4% ──────────── 15/368 4.6it/s 3.4s<1:16
[K       3/10      2.89G        2.1      1.983      1.697          6       1024: 4% ╸─────────── 16/368 5.0it/s 3.6s<1:10
[K       3/10      2.89G      2.098      1.976      1.707         10       1024: 4% ╸─────────── 17/368 4.8it/s 3.8s<1:13
[K       3/10      2.89G      2.121      1.992       1.73          6       1024: 4% ╸─────────── 18/368 5.1it/s 4.0s<1:09
[K       3/10      2.89G      2.117      1.978      1.718         10       1024: 5% ╸─────────── 19/368 4.8it/s 4.3s<1:12
[K       3/10      2.89G      2.138       1.99      1.716          4       1024: 5% ╸─────────── 20/368 5.1it/s 4.4s<1:08
[K       3/10      2.89G      2.142      1.987      1.711         10       1024: 5% ╸─────────── 21/368 4.8it/s 4.7s<1:12
[K       3/10      2.89G      2.155      1.983      1.737          4       1024: 5% ╸─────────── 22/368 5.0it/s 4.9s<1:09
[K       3/10      2.89G      2.158      1.981      1.738          6       1024: 6% ╸─────────── 23/368 4.7it/s 5.1s<1:13
[K       3/10      2.89G      2.145          2      1.729          5       1024: 6% ╸─────────── 24/368 5.0it/s 5.3s<1:09
[K       3/10      2.89G      2.139      1.982      1.721          5       1024: 6% ╸─────────── 25/368 4.8it/s 5.5s<1:12
[K       3/10      2.89G      2.137          2      1.725         11       1024: 7% ╸─────────── 26/368 5.0it/s 5.7s<1:08
[K       3/10      2.89G       2.16      2.015      1.733          8       1024: 7% ╸─────────── 27/368 4.8it/s 5.9s<1:12
[K       3/10      2.89G      2.157      2.011       1.73         13       1024: 7% ╸─────────── 28/368 5.0it/s 6.1s<1:08
[K       3/10      2.89G      2.151      2.002      1.738          5       1024: 7% ╸─────────── 29/368 4.8it/s 6.4s<1:11
[K       3/10      2.89G      2.162      1.988      1.729          5       1024: 8% ╸─────────── 30/368 5.0it/s 6.5s<1:08
[K       3/10      2.89G      2.161      2.004      1.744          8       1024: 8% ━─────────── 31/368 4.7it/s 6.8s<1:12
[K       3/10      2.89G      2.152      1.991      1.737          4       1024: 8% ━─────────── 32/368 5.0it/s 7.0s<1:07
[K       3/10      2.89G       2.14      1.982      1.726          5       1024: 8% ━─────────── 33/368 4.7it/s 7.2s<1:11
[K       3/10      2.89G      2.132      1.967      1.714          5       1024: 9% ━─────────── 34/368 5.1it/s 7.4s<1:06
[K       3/10      2.89G      2.124      1.968      1.712          8       1024: 9% ━─────────── 35/368 4.8it/s 7.6s<1:10
[K       3/10      2.89G      2.118      1.959      1.698          6       1024: 9% ━─────────── 36/368 5.1it/s 7.8s<1:05
[K       3/10      2.89G      2.114      1.952       1.69          5       1024: 10% ━─────────── 37/368 4.8it/s 8.0s<1:09
[K       3/10      2.89G      2.126       1.96      1.707          7       1024: 10% ━─────────── 38/368 5.1it/s 8.2s<1:05
[K       3/10      2.89G      2.119       1.95      1.705          6       1024: 10% ━─────────── 39/368 4.8it/s 8.4s<1:09
[K       3/10      2.89G      2.127      1.993      1.709          5       1024: 10% ━─────────── 40/368 5.0it/s 8.6s<1:06
[K       3/10      2.89G      2.129      1.996      1.708         12       1024: 11% ━─────────── 41/368 4.7it/s 8.9s<1:10
[K       3/10      2.89G      2.126      2.015      1.714          5       1024: 11% ━─────────── 42/368 5.0it/s 9.1s<1:05
[K       3/10      2.89G      2.125      2.005      1.706          5       1024: 11% ━─────────── 43/368 4.7it/s 9.3s<1:09
[K       3/10      2.89G      2.115       1.99      1.697          6       1024: 11% ━─────────── 44/368 4.9it/s 9.5s<1:06
[K       3/10      2.89G      2.116      2.014      1.709          6       1024: 12% ━─────────── 45/368 4.7it/s 9.7s<1:09
[K       3/10      2.89G      2.116      2.014      1.709          4       1024: 12% ━─────────── 46/368 4.9it/s 9.9s<1:05
[K       3/10      2.89G      2.117      2.024      1.717          9       1024: 12% ━╸────────── 47/368 4.7it/s 10.2s<1:08
[K       3/10      2.89G      2.116      2.024      1.719          6       1024: 13% ━╸────────── 48/368 4.9it/s 10.3s<1:05
[K       3/10      2.89G      2.118      2.024      1.721          9       1024: 13% ━╸────────── 49/368 4.7it/s 10.6s<1:08
[K       3/10      2.89G      2.118      2.018      1.716         10       1024: 13% ━╸────────── 50/368 4.9it/s 10.8s<1:05
[K       3/10      2.89G      2.102      2.001      1.704          5       1024: 13% ━╸────────── 51/368 4.8it/s 11.0s<1:07
[K       3/10      2.89G      2.112      2.022      1.707          5       1024: 14% ━╸────────── 52/368 5.0it/s 11.2s<1:03
[K       3/10      2.89G      2.111      2.018      1.713          5       1024: 14% ━╸────────── 53/368 4.7it/s 11.4s<1:07
[K       3/10      2.89G      2.109      2.012      1.705          7       1024: 14% ━╸────────── 54/368 5.0it/s 11.6s<1:02
[K       3/10      2.89G      2.112      2.015      1.709          7       1024: 14% ━╸────────── 55/368 4.8it/s 11.8s<1:05
[K       3/10      2.89G      2.108      2.014      1.706          6       1024: 15% ━╸────────── 56/368 5.1it/s 12.0s<1:01
[K       3/10      2.89G      2.107      2.006      1.704          4       1024: 15% ━╸────────── 57/368 4.8it/s 12.2s<1:05
[K       3/10      2.89G      2.101      1.995      1.697          7       1024: 15% ━╸────────── 58/368 5.0it/s 12.4s<1:02
[K       3/10      2.89G        2.1          2      1.701          8       1024: 16% ━╸────────── 59/368 4.7it/s 12.7s<1:06
[K       3/10      2.89G      2.101      1.993      1.699          5       1024: 16% ━╸────────── 60/368 5.0it/s 12.9s<1:02
[K       3/10      2.89G      2.096      1.992      1.699          6       1024: 16% ━╸────────── 61/368 4.7it/s 13.1s<1:06
[K       3/10      2.89G      2.093      1.988      1.696          6       1024: 16% ━━────────── 62/368 5.0it/s 13.3s<1:02
[K       3/10      2.89G      2.095       1.99      1.692          4       1024: 17% ━━────────── 63/368 4.7it/s 13.5s<1:05
[K       3/10      2.89G      2.097      2.007      1.699          5       1024: 17% ━━────────── 64/368 4.9it/s 13.7s<1:02
[K       3/10      2.89G      2.094      2.005      1.699          4       1024: 17% ━━────────── 65/368 4.7it/s 14.0s<1:04
[K       3/10      2.89G      2.101      2.008      1.707          8       1024: 17% ━━────────── 66/368 5.1it/s 14.1s<59.8s
[K       3/10      2.89G      2.101      2.006       1.71          7       1024: 18% ━━────────── 67/368 4.8it/s 14.4s<1:03
[K       3/10      2.89G      2.095          2      1.704          8       1024: 18% ━━────────── 68/368 5.0it/s 14.5s<1:00
[K       3/10      2.89G      2.085      1.997        1.7          5       1024: 18% ━━────────── 69/368 4.7it/s 14.8s<1:03
[K       3/10      2.89G       2.09      2.018      1.705          8       1024: 19% ━━────────── 70/368 5.0it/s 15.0s<59.4s
[K       3/10      2.89G      2.095      2.031      1.711         11       1024: 19% ━━────────── 71/368 4.8it/s 15.2s<1:02
[K       3/10      2.89G      2.092      2.033      1.708          4       1024: 19% ━━────────── 72/368 5.1it/s 15.4s<58.2s
[K       3/10      2.89G      2.086      2.029      1.704          5       1024: 19% ━━────────── 73/368 4.8it/s 15.6s<1:01
[K       3/10      2.89G      2.084      2.018      1.703          4       1024: 20% ━━────────── 74/368 5.2it/s 15.8s<56.6s
[K       3/10      2.89G      2.087       2.02      1.703          8       1024: 20% ━━────────── 75/368 4.8it/s 16.0s<1:01
[K       3/10      2.89G      2.088      2.028      1.705         10       1024: 20% ━━────────── 76/368 5.1it/s 16.2s<57.2s
[K       3/10      2.89G      2.087      2.024      1.703          7       1024: 20% ━━╸───────── 77/368 4.9it/s 16.4s<59.1s
[K       3/10      2.89G      2.084      2.028      1.701          7       1024: 21% ━━╸───────── 78/368 5.2it/s 16.6s<56.2s
[K       3/10      2.89G      2.089      2.031      1.707          8       1024: 21% ━━╸───────── 79/368 4.9it/s 16.8s<59.4s
[K       3/10      2.89G      2.093      2.026      1.708          6       1024: 21% ━━╸───────── 80/368 5.1it/s 17.0s<56.2s
[K       3/10      2.89G      2.094      2.017      1.707          4       1024: 22% ━━╸───────── 81/368 4.8it/s 17.3s<59.3s
[K       3/10      2.89G       2.09      2.011      1.706          6       1024: 22% ━━╸───────── 82/368 5.1it/s 17.4s<56.0s
[K       3/10      2.89G      2.092      2.016      1.708         12       1024: 22% ━━╸───────── 83/368 4.8it/s 17.7s<59.4s
[K       3/10      2.89G      2.093      2.024      1.709         10       1024: 22% ━━╸───────── 84/368 5.0it/s 17.9s<56.4s
[K       3/10      2.89G      2.093      2.027      1.709          4       1024: 23% ━━╸───────── 85/368 4.8it/s 18.1s<58.8s
[K       3/10      2.89G      2.097      2.033      1.713          7       1024: 23% ━━╸───────── 86/368 5.1it/s 18.3s<55.4s
[K       3/10      2.89G      2.101      2.038      1.716         10       1024: 23% ━━╸───────── 87/368 4.8it/s 18.5s<58.6s
[K       3/10      2.89G      2.099      2.044       1.71          5       1024: 23% ━━╸───────── 88/368 5.0it/s 18.7s<55.5s
[K       3/10      2.89G      2.097      2.037      1.709          5       1024: 24% ━━╸───────── 89/368 4.7it/s 18.9s<58.8s
[K       3/10      2.89G      2.096      2.036      1.705          7       1024: 24% ━━╸───────── 90/368 5.2it/s 19.1s<53.6s
[K       3/10      2.89G      2.096      2.037      1.705         16       1024: 24% ━━╸───────── 91/368 4.9it/s 19.3s<56.7s
[K       3/10      2.89G      2.094      2.038      1.705         11       1024: 25% ━━━───────── 92/368 5.1it/s 19.5s<54.5s
[K       3/10      2.89G        2.1      2.037      1.708          6       1024: 25% ━━━───────── 93/368 4.7it/s 19.8s<57.9s
[K       3/10      2.89G      2.099      2.029      1.705          6       1024: 25% ━━━───────── 94/368 5.0it/s 19.9s<55.1s
[K       3/10      2.89G      2.098      2.024      1.704          6       1024: 25% ━━━───────── 95/368 4.7it/s 20.2s<57.7s
[K       3/10      2.89G      2.101      2.019      1.706          5       1024: 26% ━━━───────── 96/368 5.0it/s 20.4s<54.1s
[K       3/10      2.89G      2.098      2.016      1.706          7       1024: 26% ━━━───────── 97/368 4.8it/s 20.6s<56.3s
[K       3/10      2.89G      2.095      2.009      1.702          4       1024: 26% ━━━───────── 98/368 5.1it/s 20.8s<53.3s
[K       3/10      2.89G      2.095       2.01        1.7          9       1024: 26% ━━━───────── 99/368 4.8it/s 21.0s<56.6s
[K       3/10      2.89G      2.091      2.005      1.695          6       1024: 27% ━━━───────── 100/368 5.0it/s 21.2s<53.1s
[K       3/10      2.89G      2.092      2.003      1.695          5       1024: 27% ━━━───────── 101/368 4.8it/s 21.4s<56.2s
[K       3/10      2.89G      2.093      2.006      1.698          6       1024: 27% ━━━───────── 102/368 5.1it/s 21.6s<52.7s
[K       3/10      2.89G      2.098      2.008      1.704          7       1024: 27% ━━━───────── 103/368 4.8it/s 21.9s<55.4s
[K       3/10      2.89G      2.094      2.007      1.701          6       1024: 28% ━━━───────── 104/368 5.0it/s 22.0s<52.3s
[K       3/10      2.89G      2.095      2.011      1.703         12       1024: 28% ━━━───────── 105/368 4.7it/s 22.3s<55.6s
[K       3/10      2.89G      2.093      2.004      1.703          8       1024: 28% ━━━───────── 106/368 5.0it/s 22.5s<52.1s
[K       3/10      2.89G      2.095      2.002      1.704          5       1024: 29% ━━━───────── 107/368 4.8it/s 22.7s<54.9s
[K       3/10      2.89G      2.098      2.009      1.709          5       1024: 29% ━━━╸──────── 108/368 5.0it/s 22.9s<52.1s
[K       3/10      2.89G      2.096       2.01      1.708          7       1024: 29% ━━━╸──────── 109/368 4.7it/s 23.1s<55.4s
[K       3/10      2.89G      2.092      2.006      1.705          6       1024: 29% ━━━╸──────── 110/368 4.9it/s 23.3s<52.2s
[K       3/10      2.89G       2.09      2.002      1.703          7       1024: 30% ━━━╸──────── 111/368 4.7it/s 23.6s<54.9s
[K       3/10      2.89G      2.087      1.997      1.699          6       1024: 30% ━━━╸──────── 112/368 4.9it/s 23.7s<52.6s
[K       3/10      2.89G      2.084      1.995      1.701          5       1024: 30% ━━━╸──────── 113/368 4.6it/s 24.0s<55.2s
[K       3/10      2.89G      2.092      1.998      1.705         12       1024: 30% ━━━╸──────── 114/368 4.9it/s 24.2s<51.3s
[K       3/10      2.89G      2.086      1.995      1.702          7       1024: 31% ━━━╸──────── 115/368 4.7it/s 24.4s<54.0s
[K       3/10      2.89G      2.088      1.996      1.706          6       1024: 31% ━━━╸──────── 116/368 5.0it/s 24.6s<50.4s
[K       3/10      2.89G      2.086       1.99      1.705          5       1024: 31% ━━━╸──────── 117/368 4.8it/s 24.8s<52.8s
[K       3/10      2.89G       2.09      1.993      1.709          5       1024: 32% ━━━╸──────── 118/368 5.0it/s 25.0s<49.8s
[K       3/10      2.89G      2.089      1.993       1.71         12       1024: 32% ━━━╸──────── 119/368 4.7it/s 25.3s<52.8s
[K       3/10      2.89G      2.084      1.988      1.707          4       1024: 32% ━━━╸──────── 120/368 5.0it/s 25.4s<49.3s
[K       3/10      2.89G      2.081      1.983      1.702          6       1024: 32% ━━━╸──────── 121/368 4.7it/s 25.7s<52.4s
[K       3/10      2.89G      2.081      1.977        1.7          6       1024: 33% ━━━╸──────── 122/368 5.0it/s 25.9s<49.6s
[K       3/10      2.89G      2.086      1.978      1.703          6       1024: 33% ━━━━──────── 123/368 4.7it/s 26.1s<52.2s
[K       3/10      2.89G      2.084      1.972      1.699          5       1024: 33% ━━━━──────── 124/368 5.0it/s 26.3s<49.2s
[K       3/10      2.89G      2.083      1.967      1.696          5       1024: 33% ━━━━──────── 125/368 4.7it/s 26.5s<51.9s
[K       3/10      2.89G      2.081      1.963      1.692          4       1024: 34% ━━━━──────── 126/368 4.9it/s 26.7s<49.4s
[K       3/10      2.89G      2.077      1.962      1.689          7       1024: 34% ━━━━──────── 127/368 4.7it/s 27.0s<51.8s
[K       3/10      2.89G      2.076      1.958       1.69          5       1024: 34% ━━━━──────── 128/368 4.9it/s 27.1s<49.1s
[K       3/10      2.89G      2.076       1.96      1.693          6       1024: 35% ━━━━──────── 129/368 4.6it/s 27.4s<51.4s
[K       3/10      2.89G      2.078       1.96      1.692          5       1024: 35% ━━━━──────── 130/368 5.0it/s 27.6s<48.0s
[K       3/10      2.89G       2.08      1.959      1.694          9       1024: 35% ━━━━──────── 131/368 4.7it/s 27.8s<50.1s
[K       3/10      2.89G      2.082       1.96      1.696         10       1024: 35% ━━━━──────── 132/368 5.0it/s 28.0s<46.8s
[K       3/10      2.89G      2.082      1.956      1.695          8       1024: 36% ━━━━──────── 133/368 4.8it/s 28.2s<49.2s
[K       3/10      2.89G       2.08      1.955      1.694          5       1024: 36% ━━━━──────── 134/368 5.1it/s 28.4s<46.3s
[K       3/10      2.89G       2.08      1.956      1.693          7       1024: 36% ━━━━──────── 135/368 4.8it/s 28.6s<48.7s
[K       3/10      2.89G      2.082      1.954      1.691          5       1024: 36% ━━━━──────── 136/368 5.1it/s 28.8s<45.8s
[K       3/10      2.89G      2.081      1.953      1.689          6       1024: 37% ━━━━──────── 137/368 4.8it/s 29.1s<48.4s
[K       3/10      2.89G      2.078      1.949      1.685          4       1024: 37% ━━━━──────── 138/368 5.1it/s 29.2s<45.5s
[K       3/10      2.89G      2.077      1.947      1.683          5       1024: 37% ━━━━╸─────── 139/368 4.7it/s 29.5s<48.4s
[K       3/10      2.89G      2.079      1.945      1.681         10       1024: 38% ━━━━╸─────── 140/368 5.0it/s 29.7s<45.5s
[K       3/10      2.89G      2.087      1.949      1.684          5       1024: 38% ━━━━╸─────── 141/368 4.7it/s 29.9s<48.3s
[K       3/10      2.89G      2.091      1.949      1.687          5       1024: 38% ━━━━╸─────── 142/368 4.9it/s 30.1s<45.7s
[K       3/10      2.89G       2.09      1.946      1.685          7       1024: 38% ━━━━╸─────── 143/368 4.7it/s 30.3s<48.0s
[K       3/10      2.89G      2.091      1.948      1.689          9       1024: 39% ━━━━╸─────── 144/368 4.9it/s 30.5s<45.4s
[K       3/10      2.89G      2.087      1.945      1.685          5       1024: 39% ━━━━╸─────── 145/368 4.7it/s 30.8s<47.8s
[K       3/10      2.89G      2.092      1.951      1.687          6       1024: 39% ━━━━╸─────── 146/368 4.9it/s 30.9s<45.3s
[K       3/10      2.89G      2.093      1.949      1.685          5       1024: 39% ━━━━╸─────── 147/368 4.7it/s 31.2s<47.4s
[K       3/10      2.89G      2.091      1.945      1.683          8       1024: 40% ━━━━╸─────── 148/368 5.0it/s 31.4s<44.2s
[K       3/10      2.89G      2.089      1.942      1.683          6       1024: 40% ━━━━╸─────── 149/368 4.7it/s 31.6s<46.7s
[K       3/10      2.89G      2.086      1.938      1.682          4       1024: 40% ━━━━╸─────── 150/368 5.0it/s 31.8s<43.5s
[K       3/10      2.89G      2.087      1.935       1.68          6       1024: 41% ━━━━╸─────── 151/368 4.6it/s 32.1s<46.7s
[K       3/10      2.89G      2.084      1.932      1.678          8       1024: 41% ━━━━╸─────── 152/368 5.0it/s 32.2s<43.3s
[K       3/10      2.89G      2.084      1.933       1.68          8       1024: 41% ━━━━╸─────── 153/368 4.7it/s 32.5s<45.5s
[K       3/10      2.89G      2.084      1.935      1.683          6       1024: 41% ━━━━━─────── 154/368 5.0it/s 32.6s<42.8s
[K       3/10      2.89G      2.085      1.938      1.682          7       1024: 42% ━━━━━─────── 155/368 4.8it/s 32.9s<44.8s
[K       3/10      2.89G      2.087      1.941      1.684          8       1024: 42% ━━━━━─────── 156/368 5.0it/s 33.1s<42.2s
[K       3/10      2.89G      2.087      1.935      1.682          5       1024: 42% ━━━━━─────── 157/368 4.7it/s 33.3s<44.5s
[K       3/10      2.89G      2.088      1.933      1.683          4       1024: 42% ━━━━━─────── 158/368 5.0it/s 33.5s<42.2s
[K       3/10      2.89G      2.087      1.932      1.683          4       1024: 43% ━━━━━─────── 159/368 4.7it/s 33.7s<44.5s
[K       3/10      2.89G      2.086      1.931      1.682          4       1024: 43% ━━━━━─────── 160/368 4.9it/s 33.9s<42.1s
[K       3/10      2.89G      2.086      1.931      1.683         10       1024: 43% ━━━━━─────── 161/368 4.6it/s 34.2s<45.4s
[K       3/10      2.89G      2.085      1.927      1.681          8       1024: 44% ━━━━━─────── 162/368 4.8it/s 34.4s<43.2s
[K       3/10      2.89G      2.085      1.927      1.681          4       1024: 44% ━━━━━─────── 163/368 4.5it/s 34.6s<45.3s
[K       3/10      2.89G      2.086      1.925      1.679          6       1024: 44% ━━━━━─────── 164/368 4.9it/s 34.8s<42.0s
[K       3/10      2.89G      2.087      1.924      1.677          6       1024: 44% ━━━━━─────── 165/368 4.6it/s 35.1s<44.1s
[K       3/10      2.89G      2.084      1.922      1.678          4       1024: 45% ━━━━━─────── 166/368 5.0it/s 35.2s<40.8s
[K       3/10      2.89G      2.086      1.923      1.682          8       1024: 45% ━━━━━─────── 167/368 4.6it/s 35.5s<43.3s
[K       3/10      2.89G      2.084       1.92       1.68          6       1024: 45% ━━━━━─────── 168/368 4.9it/s 35.7s<40.4s
[K       3/10      2.89G      2.082      1.918      1.679          8       1024: 45% ━━━━━╸────── 169/368 4.8it/s 35.9s<41.7s
[K       3/10      2.89G      2.083      1.922      1.683          5       1024: 46% ━━━━━╸────── 170/368 5.0it/s 36.1s<39.4s
[K       3/10      2.89G      2.083      1.919      1.684          4       1024: 46% ━━━━━╸────── 171/368 4.7it/s 36.3s<41.9s
[K       3/10      2.89G      2.082      1.918      1.686          6       1024: 46% ━━━━━╸────── 172/368 5.0it/s 36.5s<39.6s
[K       3/10      2.89G      2.081      1.915      1.686          6       1024: 47% ━━━━━╸────── 173/368 4.6it/s 36.8s<42.0s
[K       3/10      2.89G      2.083       1.92      1.687          4       1024: 47% ━━━━━╸────── 174/368 4.8it/s 37.0s<40.4s
[K       3/10      2.89G      2.084      1.922      1.689         12       1024: 47% ━━━━━╸────── 175/368 4.6it/s 37.2s<42.2s
[K       3/10      2.89G      2.083       1.92      1.687          5       1024: 47% ━━━━━╸────── 176/368 4.9it/s 37.4s<39.5s
[K       3/10      2.89G      2.084      1.921      1.689         10       1024: 48% ━━━━━╸────── 177/368 4.7it/s 37.6s<41.0s
[K       3/10      2.89G      2.083      1.917      1.687          6       1024: 48% ━━━━━╸────── 178/368 5.0it/s 37.8s<38.0s
[K       3/10      2.89G      2.079      1.913      1.684          6       1024: 48% ━━━━━╸────── 179/368 4.8it/s 38.0s<39.0s
[K       3/10      2.89G      2.078      1.913      1.684          9       1024: 48% ━━━━━╸────── 180/368 5.1it/s 38.2s<36.9s
[K       3/10      2.89G       2.08      1.914      1.684         12       1024: 49% ━━━━━╸────── 181/368 4.8it/s 38.4s<38.9s
[K       3/10      2.89G      2.079      1.919      1.685          5       1024: 49% ━━━━━╸────── 182/368 5.1it/s 38.6s<36.7s
[K       3/10      2.89G      2.079      1.917      1.684          5       1024: 49% ━━━━━╸────── 183/368 4.8it/s 38.9s<38.8s
[K       3/10      2.89G      2.074      1.912      1.682          4       1024: 50% ━━━━━━────── 184/368 5.1it/s 39.0s<36.4s
[K       3/10      2.89G      2.075      1.917      1.685         11       1024: 50% ━━━━━━────── 185/368 4.7it/s 39.3s<38.6s
[K       3/10      2.89G      2.074      1.916      1.684          7       1024: 50% ━━━━━━────── 186/368 5.0it/s 39.5s<36.4s
[K       3/10      2.89G      2.074      1.917      1.685          9       1024: 50% ━━━━━━────── 187/368 4.7it/s 39.7s<38.4s
[K       3/10      2.89G      2.075      1.916      1.687         10       1024: 51% ━━━━━━────── 188/368 5.0it/s 39.9s<36.4s
[K       3/10      2.89G      2.076      1.919      1.689          5       1024: 51% ━━━━━━────── 189/368 4.6it/s 40.1s<38.6s
[K       3/10      2.89G      2.077      1.918      1.688         12       1024: 51% ━━━━━━────── 190/368 4.9it/s 40.3s<36.2s
[K       3/10      2.89G      2.077       1.92      1.687          6       1024: 51% ━━━━━━────── 191/368 4.6it/s 40.6s<38.1s
[K       3/10      2.89G      2.077       1.92      1.687          8       1024: 52% ━━━━━━────── 192/368 4.9it/s 40.8s<36.1s
[K       3/10      2.89G      2.077      1.916      1.684          6       1024: 52% ━━━━━━────── 193/368 4.7it/s 41.0s<37.5s
[K       3/10      2.89G      2.075      1.911      1.681          4       1024: 52% ━━━━━━────── 194/368 5.0it/s 41.2s<34.9s
[K       3/10      2.89G      2.072      1.907      1.679          7       1024: 52% ━━━━━━────── 195/368 4.8it/s 41.4s<36.4s
[K       3/10      2.89G      2.073      1.903      1.678          5       1024: 53% ━━━━━━────── 196/368 5.0it/s 41.6s<34.4s
[K       3/10      2.89G      2.072      1.901      1.678         10       1024: 53% ━━━━━━────── 197/368 4.7it/s 41.8s<36.2s
[K       3/10      2.89G      2.072      1.898      1.676          4       1024: 53% ━━━━━━────── 198/368 5.0it/s 42.0s<33.8s
[K       3/10      2.89G      2.072      1.897      1.676          4       1024: 54% ━━━━━━────── 199/368 4.8it/s 42.2s<35.5s
[K       3/10      2.89G      2.071      1.894      1.674          5       1024: 54% ━━━━━━╸───── 200/368 5.1it/s 42.4s<32.9s
[K       3/10      2.89G       2.07      1.892      1.672          7       1024: 54% ━━━━━━╸───── 201/368 4.8it/s 42.7s<34.9s
[K       3/10      2.89G      2.068       1.89       1.67          6       1024: 54% ━━━━━━╸───── 202/368 5.0it/s 42.8s<33.0s
[K       3/10      2.89G      2.069       1.89      1.671         15       1024: 55% ━━━━━━╸───── 203/368 4.7it/s 43.1s<35.3s
[K       3/10      2.89G      2.066      1.889      1.669          5       1024: 55% ━━━━━━╸───── 204/368 5.0it/s 43.3s<33.1s
[K       3/10      2.89G      2.066      1.887      1.667         11       1024: 55% ━━━━━━╸───── 205/368 4.6it/s 43.5s<35.1s
[K       3/10      2.89G      2.065      1.886      1.665          5       1024: 55% ━━━━━━╸───── 206/368 4.9it/s 43.7s<33.1s
[K       3/10      2.89G      2.065      1.884      1.665          5       1024: 56% ━━━━━━╸───── 207/368 4.6it/s 44.0s<34.7s
[K       3/10      2.89G      2.064      1.884      1.665          5       1024: 56% ━━━━━━╸───── 208/368 4.8it/s 44.2s<33.1s
[K       3/10      2.89G      2.063      1.882      1.663          7       1024: 56% ━━━━━━╸───── 209/368 4.6it/s 44.4s<34.5s
[K       3/10      2.89G      2.067      1.889       1.67          9       1024: 57% ━━━━━━╸───── 210/368 4.9it/s 44.6s<32.0s
[K       3/10      2.89G      2.065      1.886      1.668          7       1024: 57% ━━━━━━╸───── 211/368 4.7it/s 44.8s<33.2s
[K       3/10      2.89G      2.065      1.883      1.667          5       1024: 57% ━━━━━━╸───── 212/368 5.0it/s 45.0s<31.1s
[K       3/10      2.89G      2.066      1.884      1.667          7       1024: 57% ━━━━━━╸───── 213/368 4.7it/s 45.2s<32.7s
[K       3/10      2.89G      2.066      1.885      1.667          5       1024: 58% ━━━━━━╸───── 214/368 5.0it/s 45.4s<30.6s
[K       3/10      2.89G      2.064      1.883      1.666          5       1024: 58% ━━━━━━━───── 215/368 4.8it/s 45.6s<31.8s
[K       3/10      2.89G      2.063      1.882      1.665          9       1024: 58% ━━━━━━━───── 216/368 5.1it/s 45.8s<29.9s
[K       3/10      2.89G      2.061      1.879      1.662          5       1024: 58% ━━━━━━━───── 217/368 4.9it/s 46.0s<31.0s
[K       3/10      2.89G      2.059      1.877      1.661          5       1024: 59% ━━━━━━━───── 218/368 5.1it/s 46.2s<29.3s
[K       3/10      2.89G      2.056      1.874      1.659          5       1024: 59% ━━━━━━━───── 219/368 4.9it/s 46.5s<30.7s
[K       3/10      2.89G      2.055      1.873      1.659          7       1024: 59% ━━━━━━━───── 220/368 5.1it/s 46.6s<29.1s
[K       3/10      2.89G      2.056      1.873       1.66          8       1024: 60% ━━━━━━━───── 221/368 4.8it/s 46.9s<30.9s
[K       3/10      2.89G      2.055      1.869      1.659          5       1024: 60% ━━━━━━━───── 222/368 5.0it/s 47.1s<29.0s
[K       3/10      2.89G      2.056      1.867      1.661          4       1024: 60% ━━━━━━━───── 223/368 4.7it/s 47.3s<30.6s
[K       3/10      2.89G      2.057       1.87      1.663          8       1024: 60% ━━━━━━━───── 224/368 5.0it/s 47.5s<28.9s
[K       3/10      2.89G      2.056      1.867      1.661          7       1024: 61% ━━━━━━━───── 225/368 4.7it/s 47.7s<30.4s
[K       3/10      2.89G      2.058      1.866      1.662          8       1024: 61% ━━━━━━━───── 226/368 4.9it/s 47.9s<28.8s
[K       3/10      2.89G      2.059      1.864       1.66          5       1024: 61% ━━━━━━━───── 227/368 4.8it/s 48.1s<29.6s
[K       3/10      2.89G      2.058      1.863      1.659          6       1024: 61% ━━━━━━━───── 228/368 5.0it/s 48.3s<28.2s
[K       3/10      2.89G      2.057      1.862      1.659          6       1024: 62% ━━━━━━━───── 229/368 4.7it/s 48.6s<29.5s
[K       3/10      2.89G      2.057      1.865      1.661          6       1024: 62% ━━━━━━━───── 230/368 4.9it/s 48.8s<28.0s
[K       3/10      2.89G      2.058      1.865       1.66          5       1024: 62% ━━━━━━━╸──── 231/368 4.7it/s 49.0s<29.2s
[K       3/10      2.89G      2.057      1.862      1.662          7       1024: 63% ━━━━━━━╸──── 232/368 5.0it/s 49.2s<27.3s
[K       3/10      2.89G      2.058      1.863      1.662         10       1024: 63% ━━━━━━━╸──── 233/368 4.7it/s 49.4s<28.7s
[K       3/10      2.89G      2.059      1.865      1.663          5       1024: 63% ━━━━━━━╸──── 234/368 5.0it/s 49.6s<27.0s
[K       3/10      2.89G      2.058      1.864      1.664          8       1024: 63% ━━━━━━━╸──── 235/368 4.7it/s 49.8s<28.1s
[K       3/10      2.89G      2.056      1.862      1.663          6       1024: 64% ━━━━━━━╸──── 236/368 5.0it/s 50.0s<26.4s
[K       3/10      2.89G      2.054      1.863       1.66          5       1024: 64% ━━━━━━━╸──── 237/368 4.7it/s 50.3s<27.7s
[K       3/10      2.89G      2.052       1.86      1.659          9       1024: 64% ━━━━━━━╸──── 238/368 5.0it/s 50.4s<25.9s
[K       3/10      2.89G      2.052      1.861      1.659          5       1024: 64% ━━━━━━━╸──── 239/368 4.7it/s 50.7s<27.4s
[K       3/10      2.89G      2.051      1.857      1.657          6       1024: 65% ━━━━━━━╸──── 240/368 5.0it/s 50.9s<25.9s
[K       3/10      2.89G       2.05      1.857      1.657          7       1024: 65% ━━━━━━━╸──── 241/368 4.7it/s 51.1s<27.2s
[K       3/10      2.89G      2.049      1.856      1.656          9       1024: 65% ━━━━━━━╸──── 242/368 4.9it/s 51.3s<25.5s
[K       3/10      2.89G      2.049      1.857      1.657         14       1024: 66% ━━━━━━━╸──── 243/368 4.7it/s 51.6s<26.8s
[K       3/10      2.89G      2.047      1.858      1.657          9       1024: 66% ━━━━━━━╸──── 244/368 4.9it/s 51.7s<25.2s
[K       3/10      2.89G      2.047      1.856      1.657          7       1024: 66% ━━━━━━━╸──── 245/368 4.7it/s 52.0s<26.3s
[K       3/10      2.89G      2.045      1.854      1.655          4       1024: 66% ━━━━━━━━──── 246/368 4.9it/s 52.2s<24.9s
[K       3/10      2.89G      2.044      1.856      1.654          5       1024: 67% ━━━━━━━━──── 247/368 4.7it/s 52.4s<25.6s
[K       3/10      2.89G      2.043      1.854      1.652          6       1024: 67% ━━━━━━━━──── 248/368 5.0it/s 52.6s<24.2s
[K       3/10      2.89G      2.043      1.853      1.654          4       1024: 67% ━━━━━━━━──── 249/368 4.7it/s 52.8s<25.2s
[K       3/10      2.89G      2.043      1.851      1.653          7       1024: 67% ━━━━━━━━──── 250/368 5.0it/s 53.0s<23.5s
[K       3/10      2.89G      2.043      1.851      1.653          8       1024: 68% ━━━━━━━━──── 251/368 4.8it/s 53.2s<24.5s
[K       3/10      2.89G      2.045      1.851      1.654          8       1024: 68% ━━━━━━━━──── 252/368 5.1it/s 53.4s<22.9s
[K       3/10      2.89G      2.046      1.854      1.655          6       1024: 68% ━━━━━━━━──── 253/368 4.8it/s 53.6s<24.1s
[K       3/10      2.89G      2.045      1.853      1.656          8       1024: 69% ━━━━━━━━──── 254/368 5.0it/s 53.8s<22.9s
[K       3/10      2.89G      2.044      1.851      1.656          6       1024: 69% ━━━━━━━━──── 255/368 4.7it/s 54.1s<24.1s
[K       3/10      2.89G      2.043      1.851      1.655          5       1024: 69% ━━━━━━━━──── 256/368 5.0it/s 54.3s<22.6s
[K       3/10      2.89G      2.043       1.85      1.655          6       1024: 69% ━━━━━━━━──── 257/368 4.7it/s 54.5s<23.6s
[K       3/10      2.89G      2.042      1.848      1.653          5       1024: 70% ━━━━━━━━──── 258/368 4.9it/s 54.7s<22.5s
[K       3/10      2.89G      2.044      1.848      1.654          6       1024: 70% ━━━━━━━━──── 259/368 4.6it/s 54.9s<23.5s
[K       3/10      2.89G      2.043      1.846      1.654          6       1024: 70% ━━━━━━━━──── 260/368 4.9it/s 55.1s<22.2s
[K       3/10      2.89G      2.043      1.844      1.653          8       1024: 70% ━━━━━━━━╸─── 261/368 4.6it/s 55.4s<23.1s
[K       3/10      2.89G      2.044      1.842      1.652          6       1024: 71% ━━━━━━━━╸─── 262/368 4.8it/s 55.5s<21.9s
[K       3/10      2.89G      2.042      1.843      1.651          7       1024: 71% ━━━━━━━━╸─── 263/368 4.8it/s 55.8s<21.8s
[K       3/10      2.89G      2.039       1.84      1.649          4       1024: 71% ━━━━━━━━╸─── 264/368 5.0it/s 55.9s<20.9s
[K       3/10      2.89G      2.038       1.84      1.649          7       1024: 72% ━━━━━━━━╸─── 265/368 4.7it/s 56.2s<21.9s
[K       3/10      2.89G      2.038      1.837      1.647          8       1024: 72% ━━━━━━━━╸─── 266/368 5.0it/s 56.4s<20.3s
[K       3/10      2.89G      2.037      1.837      1.647          5       1024: 72% ━━━━━━━━╸─── 267/368 4.7it/s 56.6s<21.4s
[K       3/10      2.89G      2.038      1.837      1.649          5       1024: 72% ━━━━━━━━╸─── 268/368 4.9it/s 56.8s<20.2s
[K       3/10      2.89G      2.037      1.836      1.648          5       1024: 73% ━━━━━━━━╸─── 269/368 4.7it/s 57.0s<21.1s
[K       3/10      2.89G      2.036      1.833      1.646          6       1024: 73% ━━━━━━━━╸─── 270/368 5.0it/s 57.2s<19.6s
[K       3/10      2.89G      2.034      1.832      1.646          4       1024: 73% ━━━━━━━━╸─── 271/368 4.8it/s 57.5s<20.4s
[K       3/10      2.89G      2.035      1.832      1.647          4       1024: 73% ━━━━━━━━╸─── 272/368 5.0it/s 57.6s<19.0s
[K       3/10      2.89G      2.036      1.833      1.647         10       1024: 74% ━━━━━━━━╸─── 273/368 4.7it/s 57.9s<20.2s
[K       3/10      2.89G      2.033      1.831      1.646          4       1024: 74% ━━━━━━━━╸─── 274/368 5.0it/s 58.1s<18.9s
[K       3/10      2.89G      2.031      1.831      1.644          6       1024: 74% ━━━━━━━━╸─── 275/368 4.7it/s 58.3s<19.7s
[K       3/10      2.89G       2.03      1.829      1.644          5       1024: 75% ━━━━━━━━━─── 276/368 4.9it/s 58.5s<18.8s
[K       3/10      2.89G       2.03      1.827      1.643          5       1024: 75% ━━━━━━━━━─── 277/368 4.7it/s 58.7s<19.5s
[K       3/10      2.89G      2.031      1.825      1.643          4       1024: 75% ━━━━━━━━━─── 278/368 4.9it/s 58.9s<18.3s
[K       3/10      2.89G      2.031      1.826      1.643          9       1024: 75% ━━━━━━━━━─── 279/368 4.8it/s 59.1s<18.6s
[K       3/10      2.89G      2.031      1.824      1.643         11       1024: 76% ━━━━━━━━━─── 280/368 5.0it/s 59.3s<17.7s
[K       3/10      2.89G      2.029      1.822      1.641          7       1024: 76% ━━━━━━━━━─── 281/368 4.7it/s 59.6s<18.5s
[K       3/10      2.89G      2.028       1.82      1.641          6       1024: 76% ━━━━━━━━━─── 282/368 4.9it/s 59.8s<17.4s
[K       3/10      2.89G      2.028      1.821       1.64          8       1024: 76% ━━━━━━━━━─── 283/368 4.7it/s 60.0s<18.0s
[K       3/10      2.89G      2.029      1.823      1.642         11       1024: 77% ━━━━━━━━━─── 284/368 5.0it/s 1:00<16.9s
[K       3/10      2.89G      2.027      1.821      1.641          4       1024: 77% ━━━━━━━━━─── 285/368 4.7it/s 1:00<17.5s
[K       3/10      2.89G      2.027       1.82       1.64          4       1024: 77% ━━━━━━━━━─── 286/368 5.0it/s 1:01<16.2s
[K       3/10      2.89G      2.028      1.818       1.64          4       1024: 77% ━━━━━━━━━─── 287/368 4.7it/s 1:01<17.1s
[K       3/10      2.89G       2.03      1.821      1.642          5       1024: 78% ━━━━━━━━━─── 288/368 5.0it/s 1:01<16.0s
[K       3/10      2.89G      2.031      1.821      1.643         10       1024: 78% ━━━━━━━━━─── 289/368 4.7it/s 1:01<16.8s
[K       3/10      2.89G      2.031       1.82      1.644          5       1024: 78% ━━━━━━━━━─── 290/368 5.0it/s 1:01<15.6s
[K       3/10      2.89G      2.032      1.818      1.643          4       1024: 79% ━━━━━━━━━─── 291/368 4.7it/s 1:02<16.5s
[K       3/10      2.89G      2.032      1.819      1.644         11       1024: 79% ━━━━━━━━━╸── 292/368 4.9it/s 1:02<15.6s
[K       3/10      2.89G      2.032      1.819      1.644          5       1024: 79% ━━━━━━━━━╸── 293/368 4.6it/s 1:02<16.2s
[K       3/10      2.89G      2.031      1.819      1.643          6       1024: 79% ━━━━━━━━━╸── 294/368 4.9it/s 1:02<15.1s
[K       3/10      2.89G      2.032      1.818      1.644          7       1024: 80% ━━━━━━━━━╸── 295/368 4.7it/s 1:03<15.6s
[K       3/10      2.89G      2.033      1.818      1.643          7       1024: 80% ━━━━━━━━━╸── 296/368 4.9it/s 1:03<14.7s
[K       3/10      2.89G      2.032      1.819      1.642          5       1024: 80% ━━━━━━━━━╸── 297/368 4.7it/s 1:03<15.1s
[K       3/10      2.89G      2.032       1.82      1.644          4       1024: 80% ━━━━━━━━━╸── 298/368 4.9it/s 1:03<14.2s
[K       3/10      2.89G      2.033      1.821      1.644          9       1024: 81% ━━━━━━━━━╸── 299/368 4.7it/s 1:03<14.7s
[K       3/10      2.89G      2.034      1.821      1.645          5       1024: 81% ━━━━━━━━━╸── 300/368 5.0it/s 1:04<13.6s
[K       3/10      2.89G      2.034       1.82      1.645          7       1024: 81% ━━━━━━━━━╸── 301/368 4.7it/s 1:04<14.3s
[K       3/10      2.89G      2.032      1.818      1.645          5       1024: 82% ━━━━━━━━━╸── 302/368 5.0it/s 1:04<13.2s
[K       3/10      2.89G      2.031      1.815      1.643          4       1024: 82% ━━━━━━━━━╸── 303/368 4.8it/s 1:04<13.6s
[K       3/10      2.89G      2.032      1.816      1.645          9       1024: 82% ━━━━━━━━━╸── 304/368 4.9it/s 1:04<13.0s
[K       3/10      2.89G      2.031      1.815      1.644          6       1024: 82% ━━━━━━━━━╸── 305/368 4.6it/s 1:05<13.6s
[K       3/10      2.89G      2.033      1.816      1.645         10       1024: 83% ━━━━━━━━━╸── 306/368 4.9it/s 1:05<12.6s
[K       3/10      2.89G      2.032      1.817      1.645          5       1024: 83% ━━━━━━━━━━── 307/368 4.7it/s 1:05<13.0s
[K       3/10      2.89G      2.031      1.815      1.645          5       1024: 83% ━━━━━━━━━━── 308/368 5.0it/s 1:05<12.1s
[K       3/10      2.89G       2.03      1.815      1.644          6       1024: 83% ━━━━━━━━━━── 309/368 4.7it/s 1:06<12.6s
[K       3/10      2.89G      2.029      1.813      1.642          5       1024: 84% ━━━━━━━━━━── 310/368 5.0it/s 1:06<11.7s
[K       3/10      2.89G      2.031      1.815      1.642          5       1024: 84% ━━━━━━━━━━── 311/368 4.7it/s 1:06<12.3s
[K       3/10      2.89G      2.031      1.813      1.641          5       1024: 84% ━━━━━━━━━━── 312/368 4.9it/s 1:06<11.4s
[K       3/10      2.89G       2.03      1.812      1.641          5       1024: 85% ━━━━━━━━━━── 313/368 4.7it/s 1:06<11.8s
[K       3/10      2.89G      2.029      1.811      1.641         11       1024: 85% ━━━━━━━━━━── 314/368 5.0it/s 1:07<10.9s
[K       3/10      2.89G      2.028       1.81       1.64          4       1024: 85% ━━━━━━━━━━── 315/368 4.7it/s 1:07<11.4s
[K       3/10      2.89G      2.027      1.809       1.64          4       1024: 85% ━━━━━━━━━━── 316/368 4.9it/s 1:07<10.6s
[K       3/10      2.89G      2.026      1.807      1.638          7       1024: 86% ━━━━━━━━━━── 317/368 4.6it/s 1:07<11.0s
[K       3/10      2.89G      2.026      1.806      1.639          5       1024: 86% ━━━━━━━━━━── 318/368 4.9it/s 1:07<10.1s
[K       3/10      2.89G      2.025      1.804      1.638          5       1024: 86% ━━━━━━━━━━── 319/368 4.7it/s 1:08<10.4s
[K       3/10      2.89G      2.025      1.805      1.638         10       1024: 86% ━━━━━━━━━━── 320/368 5.0it/s 1:08<9.6s
[K       3/10      2.89G      2.025      1.804      1.638          5       1024: 87% ━━━━━━━━━━── 321/368 4.7it/s 1:08<10.0s
[K       3/10      2.89G      2.027      1.803      1.638          4       1024: 87% ━━━━━━━━━━── 322/368 5.0it/s 1:08<9.2s
[K       3/10      2.89G      2.027      1.803      1.638          8       1024: 87% ━━━━━━━━━━╸─ 323/368 4.6it/s 1:09<9.7s
[K       3/10      2.89G      2.027      1.804      1.637          7       1024: 88% ━━━━━━━━━━╸─ 324/368 4.9it/s 1:09<9.1s
[K       3/10      2.89G      2.027      1.802      1.637          6       1024: 88% ━━━━━━━━━━╸─ 325/368 4.6it/s 1:09<9.3s
[K       3/10      2.89G      2.025      1.804      1.636          6       1024: 88% ━━━━━━━━━━╸─ 326/368 4.9it/s 1:09<8.6s
[K       3/10      2.89G      2.026      1.804      1.636          8       1024: 88% ━━━━━━━━━━╸─ 327/368 4.7it/s 1:09<8.7s
[K       3/10      2.89G      2.027      1.806      1.636         11       1024: 89% ━━━━━━━━━━╸─ 328/368 4.9it/s 1:10<8.1s
[K       3/10      2.89G      2.026      1.805      1.636          5       1024: 89% ━━━━━━━━━━╸─ 329/368 4.7it/s 1:10<8.3s
[K       3/10      2.89G      2.026      1.804      1.636          9       1024: 89% ━━━━━━━━━━╸─ 330/368 5.0it/s 1:10<7.6s
[K       3/10      2.89G      2.026      1.803      1.635          6       1024: 89% ━━━━━━━━━━╸─ 331/368 4.8it/s 1:10<7.7s
[K       3/10      2.89G      2.026      1.803      1.635          9       1024: 90% ━━━━━━━━━━╸─ 332/368 5.1it/s 1:10<7.1s
[K       3/10      2.89G      2.025      1.802      1.635          4       1024: 90% ━━━━━━━━━━╸─ 333/368 4.8it/s 1:11<7.3s
[K       3/10      2.89G      2.025      1.801      1.635         12       1024: 90% ━━━━━━━━━━╸─ 334/368 5.1it/s 1:11<6.7s
[K       3/10      2.89G      2.025      1.801      1.634          6       1024: 91% ━━━━━━━━━━╸─ 335/368 4.7it/s 1:11<7.0s
[K       3/10      2.89G      2.024        1.8      1.633          5       1024: 91% ━━━━━━━━━━╸─ 336/368 5.0it/s 1:11<6.3s
[K       3/10      2.89G      2.024      1.799      1.632          8       1024: 91% ━━━━━━━━━━╸─ 337/368 4.8it/s 1:11<6.5s
[K       3/10      2.89G      2.023      1.799      1.631          4       1024: 91% ━━━━━━━━━━━─ 338/368 5.0it/s 1:12<6.0s
[K       3/10      2.89G      2.022      1.797      1.629          6       1024: 92% ━━━━━━━━━━━─ 339/368 4.6it/s 1:12<6.3s
[K       3/10      2.89G      2.021      1.795      1.628          5       1024: 92% ━━━━━━━━━━━─ 340/368 4.9it/s 1:12<5.7s
[K       3/10      2.89G      2.021      1.794      1.626          9       1024: 92% ━━━━━━━━━━━─ 341/368 4.7it/s 1:12<5.8s
[K       3/10      2.89G      2.021      1.792      1.626          6       1024: 92% ━━━━━━━━━━━─ 342/368 4.9it/s 1:13<5.3s
[K       3/10      2.89G      2.022      1.795      1.628         12       1024: 93% ━━━━━━━━━━━─ 343/368 4.7it/s 1:13<5.3s
[K       3/10      2.89G      2.022      1.794      1.627          4       1024: 93% ━━━━━━━━━━━─ 344/368 4.9it/s 1:13<4.9s
[K       3/10      2.89G      2.022      1.793      1.627          7       1024: 93% ━━━━━━━━━━━─ 345/368 4.7it/s 1:13<4.9s
[K       3/10      2.89G      2.021      1.792      1.627          8       1024: 94% ━━━━━━━━━━━─ 346/368 4.9it/s 1:13<4.5s
[K       3/10      2.89G       2.02       1.79      1.627          4       1024: 94% ━━━━━━━━━━━─ 347/368 4.5it/s 1:14<4.6s
[K       3/10      2.89G      2.022      1.789      1.628          5       1024: 94% ━━━━━━━━━━━─ 348/368 4.9it/s 1:14<4.1s
[K       3/10      2.89G      2.022       1.79      1.629          6       1024: 94% ━━━━━━━━━━━─ 349/368 4.7it/s 1:14<4.1s
[K       3/10      2.89G      2.022      1.789      1.628          5       1024: 95% ━━━━━━━━━━━─ 350/368 4.9it/s 1:14<3.6s
[K       3/10      2.89G      2.021      1.789      1.628         10       1024: 95% ━━━━━━━━━━━─ 351/368 4.6it/s 1:14<3.7s
[K       3/10      2.89G      2.023      1.789       1.63          8       1024: 95% ━━━━━━━━━━━─ 352/368 4.9it/s 1:15<3.3s
[K       3/10      2.89G      2.023      1.792      1.632          8       1024: 95% ━━━━━━━━━━━╸ 353/368 4.7it/s 1:15<3.2s
[K       3/10      2.89G      2.022      1.794      1.632          5       1024: 96% ━━━━━━━━━━━╸ 354/368 4.9it/s 1:15<2.8s
[K       3/10      2.89G      2.022      1.792      1.631          7       1024: 96% ━━━━━━━━━━━╸ 355/368 4.8it/s 1:15<2.7s
[K       3/10      2.89G      2.022      1.792      1.631          8       1024: 96% ━━━━━━━━━━━╸ 356/368 5.0it/s 1:15<2.4s
[K       3/10      2.89G      2.023      1.792      1.632          8       1024: 97% ━━━━━━━━━━━╸ 357/368 4.7it/s 1:16<2.3s
[K       3/10      2.89G      2.023      1.791      1.631          6       1024: 97% ━━━━━━━━━━━╸ 358/368 5.0it/s 1:16<2.0s
[K       3/10      2.89G      2.022      1.791       1.63          7       1024: 97% ━━━━━━━━━━━╸ 359/368 4.7it/s 1:16<1.9s
[K       3/10      2.89G      2.022      1.791      1.629          7       1024: 97% ━━━━━━━━━━━╸ 360/368 4.9it/s 1:16<1.6s
[K       3/10      2.89G      2.022      1.792      1.629          4       1024: 98% ━━━━━━━━━━━╸ 361/368 4.7it/s 1:17<1.5s
[K       3/10      2.89G      2.022      1.792      1.628          6       1024: 98% ━━━━━━━━━━━╸ 362/368 5.0it/s 1:17<1.2s
[K       3/10      2.89G      2.022       1.79      1.629          6       1024: 98% ━━━━━━━━━━━╸ 363/368 4.7it/s 1:17<1.1s
[K       3/10      2.89G      2.021      1.789      1.628          5       1024: 98% ━━━━━━━━━━━╸ 364/368 5.0it/s 1:17<0.8s
[K       3/10      2.89G      2.022      1.791      1.629         14       1024: 99% ━━━━━━━━━━━╸ 365/368 4.8it/s 1:17<0.6s
[K       3/10      2.89G      2.021      1.791      1.629          5       1024: 99% ━━━━━━━━━━━╸ 366/368 5.2it/s 1:18<0.4s
[K       3/10      2.89G       2.02      1.788      1.628          5       1024: 99% ━━━━━━━━━━━╸ 367/368 4.9it/s 1:18<0.2s
[K       3/10      2.89G       2.02      1.788      1.628          5       1024: 100% ━━━━━━━━━━━━ 368/368 4.7it/s 1:18

[K                 Class     Images  Instances      Box(P          R      mAP50  mAP50-95): 2% ──────────── 1/35 2.4it/s 0.1s<14.0s
[K                 Class     Images  Instances      Box(P          R      mAP50  mAP50-95): 5% ╸─────────── 2/35 4.3it/s 0.2s<7.7s
[K                 Class     Images  Instances      Box(P          R      mAP50  mAP50-95): 8% ━─────────── 3/35 5.4it/s 0.4s<5.9s
[K                 Class     Images  Instances      Box(P          R      mAP50  mAP50-95): 11% ━─────────── 4/35 6.2it/s 0.5s<5.0s
[K                 Class     Images  Instances      Box(P          R      mAP50  mAP50-95): 14% ━╸────────── 5/35 6.7it/s 0.6s<4.5s
[K                 Class     Images  Instances      Box(P          R      mAP50  mAP50-95): 17% ━━────────── 6/35 7.1it/s 0.7s<4.1s
[K                 Class     Images  Instances      Box(P          R      mAP50  mAP50-95): 20% ━━────────── 7/35 7.4it/s 0.9s<3.8s
[K                 Class     Images  Instances      Box(P          R      mAP50  mAP50-95): 22% ━━╸───────── 8/35 7.7it/s 1.0s<3.5s
[K                 Class     Images  Instances      Box(P          R      mAP50  mAP50-95): 25% ━━━───────── 9/35 7.8it/s 1.1s<3.3s
[K                 Class     Images  Instances      Box(P          R      mAP50  mAP50-95): 28% ━━━───────── 10/35 7.8it/s 1.2s<3.2s
[K                 Class     Images  Instances      Box(P          R      mAP50  mAP50-95): 31% ━━━╸──────── 11/35 7.9it/s 1.4s<3.0s
[K                 Class     Images  Instances      Box(P          R      mAP50  mAP50-95): 34% ━━━━──────── 12/35 8.0it/s 1.5s<2.9s
[K                 Class     Images  Instances      Box(P          R      mAP50  mAP50-95): 37% ━━━━──────── 13/35 8.0it/s 1.6s<2.7s
[K                 Class     Images  Instances      Box(P          R      mAP50  mAP50-95): 40% ━━━━╸─────── 14/35 8.0it/s 1.7s<2.6s
[K                 Class     Images  Instances      Box(P          R      mAP50  mAP50-95): 42% ━━━━━─────── 15/35 8.1it/s 1.9s<2.5s
[K                 Class     Images  Instances      Box(P          R      mAP50  mAP50-95): 45% ━━━━━─────── 16/35 8.1it/s 2.0s<2.4s
[K                 Class     Images  Instances      Box(P          R      mAP50  mAP50-95): 48% ━━━━━╸────── 17/35 8.1it/s 2.1s<2.2s
[K                 Class     Images  Instances      Box(P          R      mAP50  mAP50-95): 51% ━━━━━━────── 18/35 8.1it/s 2.2s<2.1s
[K                 Class     Images  Instances      Box(P          R      mAP50  mAP50-95): 54% ━━━━━━╸───── 19/35 8.1it/s 2.3s<2.0s
[K                 Class     Images  Instances      Box(P          R      mAP50  mAP50-95): 57% ━━━━━━╸───── 20/35 8.0it/s 2.5s<1.9s
[K                 Class     Images  Instances      Box(P          R      mAP50  mAP50-95): 60% ━━━━━━━───── 21/35 7.8it/s 2.6s<1.8s
[K                 Class     Images  Instances      Box(P          R      mAP50  mAP50-95): 62% ━━━━━━━╸──── 22/35 7.9it/s 2.7s<1.6s
[K                 Class     Images  Instances      Box(P          R      mAP50  mAP50-95): 65% ━━━━━━━╸──── 23/35 7.9it/s 2.9s<1.5s
[K                 Class     Images  Instances      Box(P          R      mAP50  mAP50-95): 68% ━━━━━━━━──── 24/35 7.9it/s 3.0s<1.4s
[K                 Class     Images  Instances      Box(P          R      mAP50  mAP50-95): 71% ━━━━━━━━╸─── 25/35 8.0it/s 3.1s<1.3s
[K                 Class     Images  Instances      Box(P          R      mAP50  mAP50-95): 74% ━━━━━━━━╸─── 26/35 8.0it/s 3.2s<1.1s
[K                 Class     Images  Instances      Box(P          R      mAP50  mAP50-95): 77% ━━━━━━━━━─── 27/35 8.0it/s 3.4s<1.0s
[K                 Class     Images  Instances      Box(P          R      mAP50  mAP50-95): 80% ━━━━━━━━━╸── 28/35 8.4it/s 3.5s<0.8s
[K                 Class     Images  Instances      Box(P          R      mAP50  mAP50-95): 82% ━━━━━━━━━╸── 29/35 8.3it/s 3.6s<0.7s
[K                 Class     Images  Instances      Box(P          R      mAP50  mAP50-95): 85% ━━━━━━━━━━── 30/35 8.3it/s 3.7s<0.6s
[K                 Class     Images  Instances      Box(P          R      mAP50  mAP50-95): 88% ━━━━━━━━━━╸─ 31/35 8.3it/s 3.8s<0.5s
[K                 Class     Images  Instances      Box(P          R      mAP50  mAP50-95): 91% ━━━━━━━━━━╸─ 32/35 8.3it/s 3.9s<0.4s
[K                 Class     Images  Instances      Box(P          R      mAP50  mAP50-95): 94% ━━━━━━━━━━━─ 33/35 8.3it/s 4.1s<0.2s
[K                 Class     Images  Instances      Box(P          R      mAP50  mAP50-95): 97% ━━━━━━━━━━━╸ 34/35 8.3it/s 4.2s<0.1s
[K                 Class     Images  Instances      Box(P          R      mAP50  mAP50-95): 100% ━━━━━━━━━━━━ 35/35 8.2it/s 4.2s
                   all        275        480      0.352      0.326       0.35      0.146
WAFER_EPOCH 3/10 calls=644 map=0.14644

      Epoch    GPU_mem   box_loss   cls_loss   dfl_loss  Instances       Size

[K       4/10      2.89G      2.142      2.133      1.815          6       1024: 0% ──────────── 0/368  0.2s
[K       4/10      2.89G      2.083      1.889      1.684          5       1024: 0% ──────────── 1/368 1.2it/s 0.4s<5:02
[K       4/10      2.89G      1.977       1.82      1.582          8       1024: 0% ──────────── 2/368 2.6it/s 0.6s<2:22
[K       4/10      2.89G      1.977      1.805      1.544          4       1024: 0% ──────────── 3/368 3.1it/s 0.8s<1:59
[K       4/10      2.89G      2.043      1.996      1.626          4       1024: 1% ──────────── 4/368 3.9it/s 1.0s<1:34
[K       4/10      2.89G      2.055      1.984      1.696          9       1024: 1% ──────────── 5/368 3.9it/s 1.3s<1:33
[K       4/10      2.89G      1.976      1.854      1.648          5       1024: 1% ──────────── 6/368 4.5it/s 1.4s<1:21
[K       4/10      2.89G      2.028      1.854      1.658          7       1024: 1% ──────────── 7/368 4.4it/s 1.7s<1:21
[K       4/10      2.89G      2.038      1.802      1.667          4       1024: 2% ──────────── 8/368 4.8it/s 1.8s<1:14
[K       4/10      2.89G      2.003      1.726      1.626          4       1024: 2% ──────────── 9/368 4.5it/s 2.1s<1:19
[K       4/10      2.89G      1.984      1.726      1.619         14       1024: 2% ──────────── 10/368 4.8it/s 2.3s<1:14
[K       4/10      2.89G       1.99      1.741      1.643          8       1024: 2% ──────────── 11/368 4.6it/s 2.5s<1:17
[K       4/10      2.89G      1.977      1.706      1.611          8       1024: 3% ──────────── 12/368 4.9it/s 2.7s<1:12
[K       4/10      2.89G      2.004      1.689       1.61          5       1024: 3% ──────────── 13/368 4.7it/s 2.9s<1:16
[K       4/10      2.89G      2.004      1.718       1.63          6       1024: 3% ──────────── 14/368 4.9it/s 3.1s<1:12
[K       4/10      2.89G      1.999      1.714      1.635         12       1024: 4% ──────────── 15/368 4.7it/s 3.4s<1:15
[K       4/10      2.89G          2      1.682      1.612          5       1024: 4% ╸─────────── 16/368 4.9it/s 3.5s<1:11
[K       4/10      2.89G      1.967      1.677      1.604          4       1024: 4% ╸─────────── 17/368 4.7it/s 3.8s<1:15
[K       4/10      2.89G      1.965      1.695      1.593          7       1024: 4% ╸─────────── 18/368 5.0it/s 4.0s<1:10
[K       4/10      2.89G      1.972      1.678      1.594         10       1024: 5% ╸─────────── 19/368 4.7it/s 4.2s<1:14
[K       4/10      2.89G      1.969      1.648      1.583          5       1024: 5% ╸─────────── 20/368 5.0it/s 4.4s<1:10
[K       4/10      2.89G      2.006      1.687      1.628          8       1024: 5% ╸─────────── 21/368 4.8it/s 4.6s<1:13
[K       4/10      2.89G      1.997      1.681      1.631          8       1024: 5% ╸─────────── 22/368 5.1it/s 4.8s<1:08
[K       4/10      2.89G      1.985      1.688       1.63          4       1024: 6% ╸─────────── 23/368 4.7it/s 5.0s<1:13
[K       4/10      2.89G      1.968      1.668      1.617          5       1024: 6% ╸─────────── 24/368 5.1it/s 5.2s<1:08
[K       4/10      2.89G      1.959       1.66      1.612          5       1024: 6% ╸─────────── 25/368 4.8it/s 5.5s<1:12
[K       4/10      2.89G      1.944      1.652      1.606          6       1024: 7% ╸─────────── 26/368 5.1it/s 5.6s<1:07
[K       4/10      2.89G      1.952       1.67       1.62          7       1024: 7% ╸─────────── 27/368 4.7it/s 5.9s<1:12
[K       4/10      2.89G      1.951      1.666      1.618          5       1024: 7% ╸─────────── 28/368 4.9it/s 6.1s<1:10
[K       4/10      2.89G      1.942      1.665      1.609          5       1024: 7% ╸─────────── 29/368 4.7it/s 6.3s<1:13
[K       4/10      2.89G      1.956      1.676      1.627         10       1024: 8% ╸─────────── 30/368 4.9it/s 6.5s<1:09
[K       4/10      2.89G      1.947      1.668      1.628          5       1024: 8% ━─────────── 31/368 4.7it/s 6.7s<1:12
[K       4/10      2.89G       1.95      1.655      1.624          8       1024: 8% ━─────────── 32/368 4.9it/s 6.9s<1:09
[K       4/10      2.89G      1.937      1.639      1.617          4       1024: 8% ━─────────── 33/368 4.7it/s 7.2s<1:12
[K       4/10      2.89G      1.927      1.632      1.617          6       1024: 9% ━─────────── 34/368 5.0it/s 7.3s<1:07
[K       4/10      2.89G      1.929      1.641      1.624          5       1024: 9% ━─────────── 35/368 4.7it/s 7.6s<1:11
[K       4/10      2.89G      1.932      1.639      1.618          7       1024: 9% ━─────────── 36/368 5.0it/s 7.8s<1:06
[K       4/10      2.89G      1.931      1.631       1.61          6       1024: 10% ━─────────── 37/368 4.8it/s 8.0s<1:10
[K       4/10      2.89G       1.93      1.637      1.607          6       1024: 10% ━─────────── 38/368 5.0it/s 8.2s<1:06
[K       4/10      2.89G      1.915      1.625      1.609          5       1024: 10% ━─────────── 39/368 4.6it/s 8.5s<1:11
[K       4/10      2.89G      1.913       1.61      1.602          5       1024: 10% ━─────────── 40/368 5.0it/s 8.6s<1:06
[K       4/10      2.89G      1.927       1.62      1.609          8       1024: 11% ━─────────── 41/368 4.7it/s 8.9s<1:10
[K       4/10      2.89G      1.936      1.622      1.615          9       1024: 11% ━─────────── 42/368 5.0it/s 9.0s<1:05
[K       4/10      2.89G      1.924      1.611      1.608          7       1024: 11% ━─────────── 43/368 4.7it/s 9.3s<1:09
[K       4/10      2.89G      1.923      1.604      1.599          5       1024: 11% ━─────────── 44/368 5.0it/s 9.5s<1:05
[K       4/10      2.89G       1.92      1.606        1.6          6       1024: 12% ━─────────── 45/368 4.7it/s 9.7s<1:09
[K       4/10      2.89G      1.922      1.605      1.594          5       1024: 12% ━─────────── 46/368 5.0it/s 9.9s<1:05
[K       4/10      2.89G      1.931        1.6      1.601          5       1024: 12% ━╸────────── 47/368 4.7it/s 10.1s<1:08
[K       4/10      2.89G      1.922      1.594      1.597          4       1024: 13% ━╸────────── 48/368 5.0it/s 10.3s<1:04
[K       4/10      2.89G      1.918       1.59      1.595          6       1024: 13% ━╸────────── 49/368 4.8it/s 10.5s<1:06
[K       4/10      2.89G      1.918      1.599      1.594          8       1024: 13% ━╸────────── 50/368 5.1it/s 10.7s<1:02
[K       4/10      2.89G      1.924      1.608      1.602         12       1024: 13% ━╸────────── 51/368 4.8it/s 11.0s<1:06
[K       4/10      2.89G      1.919      1.602      1.596          4       1024: 14% ━╸────────── 52/368 5.0it/s 11.1s<1:03
[K       4/10      2.89G      1.931      1.603      1.609          5       1024: 14% ━╸────────── 53/368 4.8it/s 11.4s<1:06
[K       4/10      2.89G      1.938       1.61      1.615          9       1024: 14% ━╸────────── 54/368 5.0it/s 11.6s<1:03
[K       4/10      2.89G      1.943      1.611      1.622          9       1024: 14% ━╸────────── 55/368 4.7it/s 11.8s<1:06
[K       4/10      2.89G       1.94      1.606      1.623          5       1024: 15% ━╸────────── 56/368 5.0it/s 12.0s<1:02
[K       4/10      2.89G      1.947      1.611      1.627          7       1024: 15% ━╸────────── 57/368 4.7it/s 12.2s<1:06
[K       4/10      2.89G      1.949      1.605      1.627          7       1024: 15% ━╸────────── 58/368 5.2it/s 12.4s<1:00
[K       4/10      2.89G      1.945      1.598      1.619          5       1024: 16% ━╸────────── 59/368 4.9it/s 12.6s<1:03
[K       4/10      2.89G      1.941      1.593      1.614          6       1024: 16% ━╸────────── 60/368 5.1it/s 12.8s<60.0s
[K       4/10      2.89G      1.943        1.6      1.622          9       1024: 16% ━╸────────── 61/368 4.8it/s 13.0s<1:04
[K       4/10      2.89G      1.939      1.603      1.617          6       1024: 16% ━━────────── 62/368 5.0it/s 13.2s<1:01
[K       4/10      2.89G      1.937      1.593      1.611          7       1024: 17% ━━────────── 63/368 4.8it/s 13.5s<1:04
[K       4/10      2.89G      1.941      1.603      1.619          5       1024: 17% ━━────────── 64/368 5.0it/s 13.6s<1:01
[K       4/10      2.89G      1.941      1.607      1.619         11       1024: 17% ━━────────── 65/368 4.7it/s 13.9s<1:04
[K       4/10      2.89G      1.941      1.602      1.615          5       1024: 17% ━━────────── 66/368 5.0it/s 14.1s<1:01
[K       4/10      2.89G      1.953      1.619      1.624         12       1024: 18% ━━────────── 67/368 4.7it/s 14.3s<1:04
[K       4/10      2.89G      1.954      1.628      1.625          5       1024: 18% ━━────────── 68/368 4.9it/s 14.5s<1:01
[K       4/10      2.89G      1.959      1.628       1.63          5       1024: 18% ━━────────── 69/368 4.7it/s 14.7s<1:03
[K       4/10      2.89G      1.957      1.634       1.63          5       1024: 19% ━━────────── 70/368 4.9it/s 14.9s<1:01
[K       4/10      2.89G      1.955      1.628      1.627          7       1024: 19% ━━────────── 71/368 4.7it/s 15.1s<1:03
[K       4/10      2.89G      1.959      1.625      1.627         11       1024: 19% ━━────────── 72/368 4.9it/s 15.3s<1:00
[K       4/10      2.89G       1.96      1.628      1.623          5       1024: 19% ━━────────── 73/368 4.7it/s 15.6s<1:03
[K       4/10      2.89G      1.955      1.623       1.62          6       1024: 20% ━━────────── 74/368 5.0it/s 15.7s<58.9s
[K       4/10      2.89G      1.961      1.636      1.631         11       1024: 20% ━━────────── 75/368 4.9it/s 16.0s<59.9s
[K       4/10      2.89G       1.96      1.629      1.627          5       1024: 20% ━━────────── 76/368 5.2it/s 16.1s<56.7s
[K       4/10      2.89G       1.96      1.634      1.623          7       1024: 20% ━━╸───────── 77/368 4.8it/s 16.4s<1:00
[K       4/10      2.89G      1.957      1.632      1.622          9       1024: 21% ━━╸───────── 78/368 5.0it/s 16.6s<57.6s
[K       4/10      2.89G      1.953      1.634      1.622          5       1024: 21% ━━╸───────── 79/368 4.8it/s 16.8s<1:00
[K       4/10      2.89G      1.948       1.63      1.617          5       1024: 21% ━━╸───────── 80/368 5.1it/s 17.0s<56.8s
[K       4/10      2.89G      1.954      1.633      1.617          5       1024: 22% ━━╸───────── 81/368 4.8it/s 17.2s<1:00
[K       4/10      2.89G      1.958      1.638      1.624         13       1024: 22% ━━╸───────── 82/368 5.1it/s 17.4s<56.6s
[K       4/10      2.89G       1.96      1.634      1.625          6       1024: 22% ━━╸───────── 83/368 4.8it/s 17.6s<59.3s
[K       4/10      2.89G      1.959      1.635      1.629          4       1024: 22% ━━╸───────── 84/368 5.1it/s 17.8s<55.9s
[K       4/10      2.89G       1.96      1.637      1.637          4       1024: 23% ━━╸───────── 85/368 4.8it/s 18.0s<58.7s
[K       4/10      2.89G      1.961      1.633      1.634          5       1024: 23% ━━╸───────── 86/368 5.1it/s 18.2s<55.7s
[K       4/10      2.89G      1.956      1.631      1.633          8       1024: 23% ━━╸───────── 87/368 4.8it/s 18.5s<59.1s
[K       4/10      2.89G      1.957      1.631      1.631          5       1024: 23% ━━╸───────── 88/368 5.1it/s 18.6s<55.4s
[K       4/10      2.89G      1.953      1.626      1.629          5       1024: 24% ━━╸───────── 89/368 4.7it/s 18.9s<58.8s
[K       4/10      2.89G      1.952       1.63      1.633          5       1024: 24% ━━╸───────── 90/368 5.0it/s 19.1s<55.3s
[K       4/10      2.89G      1.954      1.627      1.632          4       1024: 24% ━━╸───────── 91/368 4.7it/s 19.3s<58.4s
[K       4/10      2.89G      1.958      1.631      1.636          6       1024: 25% ━━━───────── 92/368 5.0it/s 19.5s<55.1s
[K       4/10      2.89G      1.957      1.626      1.631          7       1024: 25% ━━━───────── 93/368 4.7it/s 19.7s<57.9s
[K       4/10      2.89G      1.956      1.625      1.631          8       1024: 25% ━━━───────── 94/368 5.0it/s 19.9s<55.1s
[K       4/10      2.89G      1.955      1.625      1.628          8       1024: 25% ━━━───────── 95/368 4.7it/s 20.2s<58.4s
[K       4/10      2.89G      1.954      1.627      1.628          9       1024: 26% ━━━───────── 96/368 4.9it/s 20.3s<55.4s
[K       4/10      2.89G      1.951      1.621      1.623          4       1024: 26% ━━━───────── 97/368 4.7it/s 20.6s<58.0s
[K       4/10      2.89G      1.952      1.618      1.623          6       1024: 26% ━━━───────── 98/368 5.0it/s 20.8s<53.9s
[K       4/10      2.89G      1.951       1.62      1.624         11       1024: 26% ━━━───────── 99/368 4.8it/s 21.0s<55.6s
[K       4/10      2.89G      1.952      1.625      1.626         11       1024: 27% ━━━───────── 100/368 5.1it/s 21.2s<52.5s
[K       4/10      2.89G      1.956      1.626      1.625          7       1024: 27% ━━━───────── 101/368 4.8it/s 21.4s<55.7s
[K       4/10      2.89G      1.956      1.624      1.626          5       1024: 27% ━━━───────── 102/368 5.1it/s 21.6s<52.4s
[K       4/10      2.89G      1.951      1.622      1.621          4       1024: 27% ━━━───────── 103/368 4.8it/s 21.8s<55.0s
[K       4/10      2.89G      1.956      1.629      1.627          6       1024: 28% ━━━───────── 104/368 5.1it/s 22.0s<52.1s
[K       4/10      2.89G      1.953      1.628      1.627          9       1024: 28% ━━━───────── 105/368 4.8it/s 22.2s<54.7s
[K       4/10      2.89G      1.955      1.627      1.627          6       1024: 28% ━━━───────── 106/368 5.1it/s 22.4s<51.5s
[K       4/10      2.89G      1.955      1.628      1.629          5       1024: 29% ━━━───────── 107/368 4.8it/s 22.6s<53.9s
[K       4/10      2.89G      1.953      1.625      1.628          5       1024: 29% ━━━╸──────── 108/368 5.1it/s 22.8s<51.0s
[K       4/10      2.89G      1.956      1.626      1.631          5       1024: 29% ━━━╸──────── 109/368 4.7it/s 23.1s<54.9s
[K       4/10      2.89G      1.957       1.63      1.627          4       1024: 29% ━━━╸──────── 110/368 4.9it/s 23.3s<52.2s
[K       4/10      2.89G      1.959      1.632      1.623          4       1024: 30% ━━━╸──────── 111/368 4.7it/s 23.5s<54.2s
[K       4/10      2.89G      1.957      1.628      1.622          5       1024: 30% ━━━╸──────── 112/368 5.0it/s 23.7s<50.8s
[K       4/10      2.89G       1.96      1.633      1.623          6       1024: 30% ━━━╸──────── 113/368 4.8it/s 23.9s<53.5s
[K       4/10      2.89G      1.959      1.631      1.624          5       1024: 30% ━━━╸──────── 114/368 5.0it/s 24.1s<50.6s
[K       4/10      2.89G      1.959      1.632      1.622          9       1024: 31% ━━━╸──────── 115/368 4.8it/s 24.3s<52.9s
[K       4/10      2.89G      1.958      1.631      1.623          4       1024: 31% ━━━╸──────── 116/368 5.0it/s 24.5s<50.3s
[K       4/10      2.89G       1.96      1.629      1.623          6       1024: 31% ━━━╸──────── 117/368 4.7it/s 24.8s<53.0s
[K       4/10      2.89G       1.96      1.626      1.619          6       1024: 32% ━━━╸──────── 118/368 5.0it/s 24.9s<50.2s
[K       4/10      2.89G       1.96      1.623      1.617          5       1024: 32% ━━━╸──────── 119/368 4.7it/s 25.2s<52.6s
[K       4/10      2.89G      1.961      1.623      1.614         10       1024: 32% ━━━╸──────── 120/368 5.0it/s 25.3s<49.3s
[K       4/10      2.89G      1.962      1.631      1.615          8       1024: 32% ━━━╸──────── 121/368 4.7it/s 25.6s<52.1s
[K       4/10      2.89G      1.961      1.627      1.612          6       1024: 33% ━━━╸──────── 122/368 5.1it/s 25.8s<48.6s
[K       4/10      2.89G      1.956      1.621      1.609          4       1024: 33% ━━━━──────── 123/368 4.8it/s 26.0s<51.1s
[K       4/10      2.89G      1.959       1.62      1.608          4       1024: 33% ━━━━──────── 124/368 5.1it/s 26.2s<48.0s
[K       4/10      2.89G      1.959      1.621      1.609         11       1024: 33% ━━━━──────── 125/368 4.8it/s 26.4s<50.2s
[K       4/10      2.89G       1.96      1.625      1.611          9       1024: 34% ━━━━──────── 126/368 5.1it/s 26.6s<47.4s
[K       4/10      2.89G       1.96      1.631      1.614          5       1024: 34% ━━━━──────── 127/368 4.7it/s 26.8s<50.9s
[K       4/10      2.89G      1.961      1.632      1.621          5       1024: 34% ━━━━──────── 128/368 5.0it/s 27.0s<47.8s
[K       4/10      2.89G      1.959       1.63       1.62          5       1024: 35% ━━━━──────── 129/368 4.8it/s 27.3s<50.1s
[K       4/10      2.89G      1.963      1.632      1.622          6       1024: 35% ━━━━──────── 130/368 5.0it/s 27.4s<47.5s
[K       4/10      2.89G       1.96      1.629       1.62          6       1024: 35% ━━━━──────── 131/368 4.7it/s 27.7s<49.9s
[K       4/10      2.89G      1.961       1.63      1.619          8       1024: 35% ━━━━──────── 132/368 5.0it/s 27.9s<47.3s
[K       4/10      2.89G      1.961       1.63      1.623         13       1024: 36% ━━━━──────── 133/368 4.7it/s 28.1s<50.2s
[K       4/10      2.89G      1.964       1.63      1.624          7       1024: 36% ━━━━──────── 134/368 4.9it/s 28.3s<47.4s
[K       4/10      2.89G      1.962      1.628      1.622          6       1024: 36% ━━━━──────── 135/368 4.8it/s 28.5s<49.0s
[K       4/10      2.89G      1.962      1.625       1.62          8       1024: 36% ━━━━──────── 136/368 5.0it/s 28.7s<46.6s
[K       4/10      2.89G      1.959      1.621      1.617          4       1024: 37% ━━━━──────── 137/368 4.7it/s 29.0s<49.5s
[K       4/10      2.89G      1.961      1.624      1.622          8       1024: 37% ━━━━──────── 138/368 4.9it/s 29.1s<47.3s
[K       4/10      2.89G      1.959       1.62       1.62          5       1024: 37% ━━━━╸─────── 139/368 4.7it/s 29.4s<49.1s
[K       4/10      2.89G      1.962      1.624      1.623          9       1024: 38% ━━━━╸─────── 140/368 4.9it/s 29.6s<46.3s
[K       4/10      2.89G      1.963      1.631      1.625          7       1024: 38% ━━━━╸─────── 141/368 4.7it/s 29.8s<48.8s
[K       4/10      2.89G      1.964      1.635      1.624          8       1024: 38% ━━━━╸─────── 142/368 4.9it/s 30.0s<45.8s
[K       4/10      2.89G      1.964      1.633      1.624          5       1024: 38% ━━━━╸─────── 143/368 4.7it/s 30.2s<48.2s
[K       4/10      2.89G      1.968      1.633      1.627          6       1024: 39% ━━━━╸─────── 144/368 5.0it/s 30.4s<44.7s
[K       4/10      2.89G      1.965      1.628      1.624          6       1024: 39% ━━━━╸─────── 145/368 4.7it/s 30.7s<47.4s
[K       4/10      2.89G      1.963       1.63      1.622          7       1024: 39% ━━━━╸─────── 146/368 5.0it/s 30.8s<44.5s
[K       4/10      2.89G      1.966      1.635      1.625          5       1024: 39% ━━━━╸─────── 147/368 4.6it/s 31.1s<47.6s
[K       4/10      2.89G      1.964      1.631      1.623          6       1024: 40% ━━━━╸─────── 148/368 4.9it/s 31.3s<44.7s
[K       4/10      2.89G      1.964      1.632      1.623          5       1024: 40% ━━━━╸─────── 149/368 4.7it/s 31.5s<46.5s
[K       4/10      2.89G      1.963      1.633      1.622          7       1024: 40% ━━━━╸─────── 150/368 4.9it/s 31.7s<44.2s
[K       4/10      2.89G      1.961      1.631       1.62          6       1024: 41% ━━━━╸─────── 151/368 4.8it/s 31.9s<45.1s
[K       4/10      2.89G      1.962      1.631      1.619         14       1024: 41% ━━━━╸─────── 152/368 5.3it/s 32.1s<40.9s
[K       4/10      2.89G      1.959      1.628      1.615          5       1024: 41% ━━━━╸─────── 153/368 5.0it/s 32.3s<43.3s
[K       4/10      2.89G      1.956      1.626      1.612          6       1024: 41% ━━━━━─────── 154/368 5.1it/s 32.5s<41.7s
[K       4/10      2.89G      1.956      1.623      1.613          4       1024: 42% ━━━━━─────── 155/368 4.8it/s 32.7s<44.6s
[K       4/10      2.89G      1.955      1.623      1.613         10       1024: 42% ━━━━━─────── 156/368 4.9it/s 32.9s<43.5s
[K       4/10      2.89G      1.954      1.619      1.612          7       1024: 42% ━━━━━─────── 157/368 4.6it/s 33.2s<45.9s
[K       4/10      2.89G      1.957      1.618      1.615          5       1024: 42% ━━━━━─────── 158/368 4.9it/s 33.4s<42.5s
[K       4/10      2.89G      1.956      1.615      1.616          5       1024: 43% ━━━━━─────── 159/368 4.7it/s 33.6s<44.5s
[K       4/10      2.89G      1.955      1.613      1.615          5       1024: 43% ━━━━━─────── 160/368 5.0it/s 33.8s<41.6s
[K       4/10      2.89G      1.954      1.612      1.614          4       1024: 43% ━━━━━─────── 161/368 4.7it/s 34.0s<44.0s
[K       4/10      2.89G      1.955       1.61      1.614          8       1024: 44% ━━━━━─────── 162/368 5.0it/s 34.2s<41.1s
[K       4/10      2.89G      1.954      1.606      1.611          4       1024: 44% ━━━━━─────── 163/368 4.7it/s 34.5s<43.2s
[K       4/10      2.89G      1.953      1.604       1.61          6       1024: 44% ━━━━━─────── 164/368 5.0it/s 34.6s<40.8s
[K       4/10      2.89G      1.952      1.606       1.61          9       1024: 44% ━━━━━─────── 165/368 4.7it/s 34.9s<42.9s
[K       4/10      2.89G      1.953      1.605      1.612          4       1024: 45% ━━━━━─────── 166/368 5.1it/s 35.0s<39.7s
[K       4/10      2.89G      1.953      1.605      1.612          4       1024: 45% ━━━━━─────── 167/368 4.8it/s 35.3s<42.2s
[K       4/10      2.89G      1.952      1.607      1.612          9       1024: 45% ━━━━━─────── 168/368 5.0it/s 35.5s<40.1s
[K       4/10      2.89G      1.952      1.609       1.61          6       1024: 45% ━━━━━╸────── 169/368 4.7it/s 35.7s<41.9s
[K       4/10      2.89G      1.952      1.607      1.611          4       1024: 46% ━━━━━╸────── 170/368 4.8it/s 35.9s<40.8s
[K       4/10      2.89G      1.949      1.608      1.608          8       1024: 46% ━━━━━╸────── 171/368 4.6it/s 36.2s<42.7s
[K       4/10      2.89G       1.95      1.607      1.607          5       1024: 46% ━━━━━╸────── 172/368 4.9it/s 36.3s<40.3s
[K       4/10      2.89G      1.949       1.61      1.608          4       1024: 47% ━━━━━╸────── 173/368 4.7it/s 36.6s<41.9s
[K       4/10      2.89G      1.948      1.607      1.606          7       1024: 47% ━━━━━╸────── 174/368 4.9it/s 36.8s<39.3s
[K       4/10      2.89G      1.948      1.608      1.604          9       1024: 47% ━━━━━╸────── 175/368 4.6it/s 37.0s<41.6s
[K       4/10      2.89G      1.949      1.605      1.603          6       1024: 47% ━━━━━╸────── 176/368 5.0it/s 37.2s<38.5s
[K       4/10      2.89G      1.949      1.605      1.604          7       1024: 48% ━━━━━╸────── 177/368 4.7it/s 37.4s<40.5s
[K       4/10      2.89G      1.948      1.605      1.603          8       1024: 48% ━━━━━╸────── 178/368 5.0it/s 37.6s<37.7s
[K       4/10      2.89G       1.95      1.607      1.606          6       1024: 48% ━━━━━╸────── 179/368 4.7it/s 37.9s<39.9s
[K       4/10      2.89G      1.947      1.604      1.603          5       1024: 48% ━━━━━╸────── 180/368 5.0it/s 38.0s<37.3s
[K       4/10      2.89G      1.949      1.607      1.607          9       1024: 49% ━━━━━╸────── 181/368 4.8it/s 38.3s<38.9s
[K       4/10      2.89G      1.947      1.604      1.606          4       1024: 49% ━━━━━╸────── 182/368 5.0it/s 38.4s<36.9s
[K       4/10      2.89G      1.947      1.603      1.605         10       1024: 49% ━━━━━╸────── 183/368 4.7it/s 38.7s<39.2s
[K       4/10      2.89G      1.948      1.602      1.606          6       1024: 50% ━━━━━━────── 184/368 5.0it/s 38.9s<36.9s
[K       4/10      2.89G      1.949      1.602      1.604         10       1024: 50% ━━━━━━────── 185/368 4.7it/s 39.1s<38.8s
[K       4/10      2.89G      1.946        1.6      1.602          7       1024: 50% ━━━━━━────── 186/368 4.9it/s 39.3s<36.9s
[K       4/10      2.89G      1.944      1.596        1.6          5       1024: 50% ━━━━━━────── 187/368 4.7it/s 39.5s<38.6s
[K       4/10      2.89G      1.944      1.594      1.599          5       1024: 51% ━━━━━━────── 188/368 5.0it/s 39.7s<36.0s
[K       4/10      2.89G      1.944      1.592      1.597          5       1024: 51% ━━━━━━────── 189/368 4.7it/s 40.0s<37.8s
[K       4/10      2.89G      1.943      1.592      1.596          7       1024: 51% ━━━━━━────── 190/368 5.0it/s 40.1s<35.9s
[K       4/10      2.89G      1.945      1.596      1.599          7       1024: 51% ━━━━━━────── 191/368 4.8it/s 40.4s<37.2s
[K       4/10      2.89G      1.944      1.595      1.599          9       1024: 52% ━━━━━━────── 192/368 5.0it/s 40.6s<34.9s
[K       4/10      2.89G      1.946      1.595      1.601          7       1024: 52% ━━━━━━────── 193/368 4.7it/s 40.8s<37.3s
[K       4/10      2.89G      1.946      1.597      1.602          9       1024: 52% ━━━━━━────── 194/368 4.9it/s 41.0s<35.3s
[K       4/10      2.89G      1.945      1.597      1.601          6       1024: 52% ━━━━━━────── 195/368 4.6it/s 41.2s<37.3s
[K       4/10      2.89G      1.942      1.596      1.599          5       1024: 53% ━━━━━━────── 196/368 5.0it/s 41.4s<34.4s
[K       4/10      2.89G      1.944      1.599        1.6          4       1024: 53% ━━━━━━────── 197/368 4.8it/s 41.7s<36.0s
[K       4/10      2.89G      1.944      1.596      1.599          8       1024: 53% ━━━━━━────── 198/368 5.0it/s 41.8s<33.8s
[K       4/10      2.89G      1.944      1.596      1.598          6       1024: 54% ━━━━━━────── 199/368 4.8it/s 42.1s<35.5s
[K       4/10      2.89G      1.944      1.595      1.597          5       1024: 54% ━━━━━━╸───── 200/368 5.0it/s 42.3s<33.5s
[K       4/10      2.89G      1.944      1.594      1.597         13       1024: 54% ━━━━━━╸───── 201/368 4.7it/s 42.5s<35.4s
[K       4/10      2.89G      1.945      1.596        1.6          4       1024: 54% ━━━━━━╸───── 202/368 5.0it/s 42.7s<33.5s
[K       4/10      2.89G      1.946      1.594      1.599          5       1024: 55% ━━━━━━╸───── 203/368 4.7it/s 42.9s<34.9s
[K       4/10      2.89G      1.946      1.597        1.6          8       1024: 55% ━━━━━━╸───── 204/368 4.9it/s 43.1s<33.3s
[K       4/10      2.89G      1.947      1.596        1.6          6       1024: 55% ━━━━━━╸───── 205/368 4.7it/s 43.4s<34.9s
[K       4/10      2.89G      1.946      1.595      1.601          6       1024: 55% ━━━━━━╸───── 206/368 4.9it/s 43.5s<33.0s
[K       4/10      2.89G      1.948      1.599      1.603         11       1024: 56% ━━━━━━╸───── 207/368 4.7it/s 43.8s<34.5s
[K       4/10      2.89G      1.947      1.598      1.603          6       1024: 56% ━━━━━━╸───── 208/368 5.0it/s 44.0s<32.1s
[K       4/10      2.89G      1.947      1.596      1.603          6       1024: 56% ━━━━━━╸───── 209/368 4.7it/s 44.2s<34.1s
[K       4/10      2.89G      1.946      1.595      1.601          6       1024: 57% ━━━━━━╸───── 210/368 5.0it/s 44.4s<31.8s
[K       4/10      2.89G      1.944      1.593        1.6          6       1024: 57% ━━━━━━╸───── 211/368 4.7it/s 44.6s<33.2s
[K       4/10      2.89G      1.941      1.589      1.598          5       1024: 57% ━━━━━━╸───── 212/368 5.0it/s 44.8s<31.3s
[K       4/10      2.89G      1.943      1.593      1.601          6       1024: 57% ━━━━━━╸───── 213/368 4.7it/s 45.0s<32.9s
[K       4/10      2.89G      1.941      1.592      1.601          9       1024: 58% ━━━━━━╸───── 214/368 5.0it/s 45.2s<30.6s
[K       4/10      2.89G      1.941      1.589        1.6          5       1024: 58% ━━━━━━━───── 215/368 4.7it/s 45.5s<32.4s
[K       4/10      2.89G      1.939       1.59      1.598          7       1024: 58% ━━━━━━━───── 216/368 5.0it/s 45.6s<30.1s
[K       4/10      2.89G      1.935      1.588      1.595          6       1024: 58% ━━━━━━━───── 217/368 4.8it/s 45.9s<31.7s
[K       4/10      2.89G      1.933      1.587      1.594          7       1024: 59% ━━━━━━━───── 218/368 5.0it/s 46.1s<29.9s
[K       4/10      2.89G      1.934      1.588      1.595          7       1024: 59% ━━━━━━━───── 219/368 4.8it/s 46.3s<31.3s
[K       4/10      2.89G      1.933      1.586      1.593          8       1024: 59% ━━━━━━━───── 220/368 5.0it/s 46.5s<29.6s
[K       4/10      2.89G      1.933      1.587      1.595         10       1024: 60% ━━━━━━━───── 221/368 4.7it/s 46.7s<31.2s
[K       4/10      2.89G      1.933      1.587      1.593          5       1024: 60% ━━━━━━━───── 222/368 4.9it/s 46.9s<29.5s
[K       4/10      2.89G      1.931       1.59      1.592          5       1024: 60% ━━━━━━━───── 223/368 4.7it/s 47.2s<30.9s
[K       4/10      2.89G       1.93      1.589      1.592          5       1024: 60% ━━━━━━━───── 224/368 4.9it/s 47.3s<29.4s
[K       4/10      2.89G      1.929      1.587      1.591          5       1024: 61% ━━━━━━━───── 225/368 4.7it/s 47.6s<30.6s
[K       4/10      2.89G      1.929      1.585      1.589          5       1024: 61% ━━━━━━━───── 226/368 5.0it/s 47.8s<28.4s
[K       4/10      2.89G      1.931      1.584       1.59          8       1024: 61% ━━━━━━━───── 227/368 4.8it/s 48.0s<29.7s
[K       4/10      2.89G       1.93      1.584       1.59          9       1024: 61% ━━━━━━━───── 228/368 5.1it/s 48.2s<27.7s
[K       4/10      2.89G       1.93      1.585       1.59          4       1024: 62% ━━━━━━━───── 229/368 4.7it/s 48.4s<29.4s
[K       4/10      2.89G      1.931      1.585      1.591          5       1024: 62% ━━━━━━━───── 230/368 4.8it/s 48.6s<28.5s
[K       4/10      2.89G      1.931      1.586       1.59          5       1024: 62% ━━━━━━━╸──── 231/368 4.5it/s 48.9s<30.2s
[K       4/10      2.89G      1.928      1.586      1.589          6       1024: 63% ━━━━━━━╸──── 232/368 4.9it/s 49.1s<28.0s
[K       4/10      2.89G      1.927      1.585      1.589          4       1024: 63% ━━━━━━━╸──── 233/368 4.6it/s 49.3s<29.4s
[K       4/10      2.89G      1.929      1.587      1.591          4       1024: 63% ━━━━━━━╸──── 234/368 4.9it/s 49.5s<27.4s
[K       4/10      2.89G      1.928      1.585      1.591          5       1024: 63% ━━━━━━━╸──── 235/368 4.7it/s 49.7s<28.6s
[K       4/10      2.89G      1.927      1.584      1.589          6       1024: 64% ━━━━━━━╸──── 236/368 4.9it/s 49.9s<26.8s
[K       4/10      2.89G      1.928      1.585      1.589          8       1024: 64% ━━━━━━━╸──── 237/368 4.6it/s 50.2s<28.3s
[K       4/10      2.89G      1.928      1.584      1.588          8       1024: 64% ━━━━━━━╸──── 238/368 4.9it/s 50.4s<26.6s
[K       4/10      2.89G      1.928      1.585      1.589          9       1024: 64% ━━━━━━━╸──── 239/368 4.6it/s 50.6s<27.9s
[K       4/10      2.89G      1.928      1.585      1.589          9       1024: 65% ━━━━━━━╸──── 240/368 5.0it/s 50.8s<25.8s
[K       4/10      2.89G       1.93      1.587       1.59          8       1024: 65% ━━━━━━━╸──── 241/368 4.7it/s 51.0s<26.9s
[K       4/10      2.89G      1.928      1.585      1.589          6       1024: 65% ━━━━━━━╸──── 242/368 5.0it/s 51.2s<25.2s
[K       4/10      2.89G      1.927      1.588      1.589          7       1024: 66% ━━━━━━━╸──── 243/368 4.8it/s 51.4s<26.2s
[K       4/10      2.89G      1.927      1.587      1.589          7       1024: 66% ━━━━━━━╸──── 244/368 5.1it/s 51.6s<24.5s
[K       4/10      2.89G      1.925      1.584      1.588          4       1024: 66% ━━━━━━━╸──── 245/368 4.8it/s 51.8s<25.8s
[K       4/10      2.89G      1.925      1.582      1.588          7       1024: 66% ━━━━━━━━──── 246/368 5.0it/s 52.0s<24.2s
[K       4/10      2.89G      1.925      1.581      1.586          5       1024: 67% ━━━━━━━━──── 247/368 4.7it/s 52.3s<25.5s
[K       4/10      2.89G      1.926      1.581      1.585          9       1024: 67% ━━━━━━━━──── 248/368 5.0it/s 52.5s<24.2s
[K       4/10      2.89G      1.925      1.582      1.585          7       1024: 67% ━━━━━━━━──── 249/368 4.7it/s 52.7s<25.6s
[K       4/10      2.89G      1.926      1.585      1.586          6       1024: 67% ━━━━━━━━──── 250/368 4.9it/s 52.9s<23.9s
[K       4/10      2.89G      1.926      1.584      1.585          9       1024: 68% ━━━━━━━━──── 251/368 4.7it/s 53.1s<25.1s
[K       4/10      2.89G      1.926      1.583      1.584          5       1024: 68% ━━━━━━━━──── 252/368 4.9it/s 53.3s<23.7s
[K       4/10      2.89G      1.927      1.582      1.584          7       1024: 68% ━━━━━━━━──── 253/368 4.6it/s 53.6s<24.8s
[K       4/10      2.89G      1.925      1.581      1.583          6       1024: 69% ━━━━━━━━──── 254/368 4.8it/s 53.8s<23.6s
[K       4/10      2.89G      1.925       1.58      1.582          6       1024: 69% ━━━━━━━━──── 255/368 4.6it/s 54.0s<24.4s
[K       4/10      2.89G      1.926      1.579      1.582         13       1024: 69% ━━━━━━━━──── 256/368 4.9it/s 54.2s<22.6s
[K       4/10      2.89G      1.925       1.58      1.581          4       1024: 69% ━━━━━━━━──── 257/368 4.7it/s 54.4s<23.6s
[K       4/10      2.89G      1.924       1.58       1.58          6       1024: 70% ━━━━━━━━──── 258/368 5.0it/s 54.6s<22.0s
[K       4/10      2.89G      1.924      1.579      1.579          8       1024: 70% ━━━━━━━━──── 259/368 4.7it/s 54.8s<23.1s
[K       4/10      2.89G      1.925      1.579      1.579          6       1024: 70% ━━━━━━━━──── 260/368 5.0it/s 55.0s<21.4s
[K       4/10      2.89G      1.924       1.58      1.578          5       1024: 70% ━━━━━━━━╸─── 261/368 4.8it/s 55.2s<22.4s
[K       4/10      2.89G      1.923      1.579      1.579          5       1024: 71% ━━━━━━━━╸─── 262/368 5.1it/s 55.4s<21.0s
[K       4/10      2.89G      1.924      1.579      1.578          4       1024: 71% ━━━━━━━━╸─── 263/368 4.7it/s 55.7s<22.2s
[K       4/10      2.89G      1.926      1.583       1.58         10       1024: 71% ━━━━━━━━╸─── 264/368 4.9it/s 55.9s<21.3s
[K       4/10      2.89G      1.926      1.582      1.579          5       1024: 72% ━━━━━━━━╸─── 265/368 4.7it/s 56.1s<22.0s
[K       4/10      2.89G      1.926      1.579      1.578          6       1024: 72% ━━━━━━━━╸─── 266/368 4.9it/s 56.3s<20.7s
[K       4/10      2.89G      1.927      1.581      1.579          5       1024: 72% ━━━━━━━━╸─── 267/368 4.7it/s 56.5s<21.5s
[K       4/10      2.89G      1.929      1.581       1.58          6       1024: 72% ━━━━━━━━╸─── 268/368 4.9it/s 56.7s<20.2s
[K       4/10      2.89G      1.927      1.578      1.579          6       1024: 73% ━━━━━━━━╸─── 269/368 4.7it/s 57.0s<21.2s
[K       4/10      2.89G      1.928       1.58       1.58          7       1024: 73% ━━━━━━━━╸─── 270/368 4.9it/s 57.1s<20.0s
[K       4/10      2.89G      1.928      1.582      1.581         13       1024: 73% ━━━━━━━━╸─── 271/368 4.8it/s 57.4s<20.4s
[K       4/10      2.89G      1.927       1.58       1.58          4       1024: 73% ━━━━━━━━╸─── 272/368 5.1it/s 57.5s<18.8s
[K       4/10      2.89G      1.929      1.582      1.581          7       1024: 74% ━━━━━━━━╸─── 273/368 4.8it/s 57.8s<19.6s
[K       4/10      2.89G      1.929      1.581      1.582          8       1024: 74% ━━━━━━━━╸─── 274/368 5.1it/s 57.9s<18.4s
[K       4/10      2.89G      1.931      1.584      1.583          9       1024: 74% ━━━━━━━━╸─── 275/368 4.8it/s 58.2s<19.2s
[K       4/10      2.89G      1.932      1.585      1.584          8       1024: 75% ━━━━━━━━━─── 276/368 5.1it/s 58.4s<18.2s
[K       4/10      2.89G      1.933      1.584      1.584          8       1024: 75% ━━━━━━━━━─── 277/368 4.8it/s 58.6s<19.1s
[K       4/10      2.89G      1.933      1.584      1.583          8       1024: 75% ━━━━━━━━━─── 278/368 5.1it/s 58.8s<17.8s
[K       4/10      2.89G      1.933      1.584      1.583          5       1024: 75% ━━━━━━━━━─── 279/368 4.7it/s 59.0s<19.0s
[K       4/10      2.89G      1.934      1.583      1.583          4       1024: 76% ━━━━━━━━━─── 280/368 5.0it/s 59.2s<17.5s
[K       4/10      2.89G      1.933      1.583      1.582          9       1024: 76% ━━━━━━━━━─── 281/368 4.8it/s 59.4s<18.1s
[K       4/10      2.89G      1.932      1.584      1.582          5       1024: 76% ━━━━━━━━━─── 282/368 5.1it/s 59.6s<16.8s
[K       4/10      2.89G      1.931      1.583      1.581          4       1024: 76% ━━━━━━━━━─── 283/368 4.7it/s 59.9s<17.9s
[K       4/10      2.89G      1.931      1.582       1.58          9       1024: 77% ━━━━━━━━━─── 284/368 5.0it/s 1:00<16.7s
[K       4/10      2.89G       1.93      1.584       1.58          7       1024: 77% ━━━━━━━━━─── 285/368 4.7it/s 1:00<17.5s
[K       4/10      2.89G       1.93      1.584      1.579          7       1024: 77% ━━━━━━━━━─── 286/368 5.0it/s 1:00<16.5s
[K       4/10      2.89G      1.931      1.585       1.58          5       1024: 77% ━━━━━━━━━─── 287/368 4.6it/s 1:01<17.5s
[K       4/10      2.89G      1.932      1.586       1.58          4       1024: 78% ━━━━━━━━━─── 288/368 4.9it/s 1:01<16.3s
[K       4/10      2.89G      1.931      1.585      1.578          7       1024: 78% ━━━━━━━━━─── 289/368 4.7it/s 1:01<16.9s
[K       4/10      2.89G      1.932      1.586      1.579          5       1024: 78% ━━━━━━━━━─── 290/368 4.9it/s 1:01<15.9s
[K       4/10      2.89G      1.931      1.585      1.579          7       1024: 79% ━━━━━━━━━─── 291/368 4.7it/s 1:02<16.4s
[K       4/10      2.89G      1.932      1.586      1.579         11       1024: 79% ━━━━━━━━━╸── 292/368 5.0it/s 1:02<15.1s
[K       4/10      2.89G      1.933      1.586       1.58          5       1024: 79% ━━━━━━━━━╸── 293/368 4.8it/s 1:02<15.7s
[K       4/10      2.89G      1.934      1.585       1.58          6       1024: 79% ━━━━━━━━━╸── 294/368 5.1it/s 1:02<14.6s
[K       4/10      2.89G      1.934      1.586       1.58         12       1024: 80% ━━━━━━━━━╸── 295/368 4.8it/s 1:02<15.2s
[K       4/10      2.89G      1.934      1.585       1.58          7       1024: 80% ━━━━━━━━━╸── 296/368 5.1it/s 1:03<14.2s
[K       4/10      2.89G      1.936      1.587      1.581          8       1024: 80% ━━━━━━━━━╸── 297/368 4.8it/s 1:03<14.9s
[K       4/10      2.89G      1.934      1.586       1.58          4       1024: 80% ━━━━━━━━━╸── 298/368 5.1it/s 1:03<13.8s
[K       4/10      2.89G      1.935      1.586       1.58          6       1024: 81% ━━━━━━━━━╸── 299/368 4.8it/s 1:03<14.5s
[K       4/10      2.89G      1.933      1.588       1.58          7       1024: 81% ━━━━━━━━━╸── 300/368 5.1it/s 1:03<13.4s
[K       4/10      2.89G      1.933      1.589       1.58          5       1024: 81% ━━━━━━━━━╸── 301/368 4.8it/s 1:04<14.0s
[K       4/10      2.89G      1.934       1.59      1.582          9       1024: 82% ━━━━━━━━━╸── 302/368 5.0it/s 1:04<13.2s
[K       4/10      2.89G      1.935      1.589      1.582          4       1024: 82% ━━━━━━━━━╸── 303/368 4.7it/s 1:04<13.8s
[K       4/10      2.89G      1.934      1.588      1.581          7       1024: 82% ━━━━━━━━━╸── 304/368 5.0it/s 1:04<12.8s
[K       4/10      2.89G      1.932      1.587      1.579          4       1024: 82% ━━━━━━━━━╸── 305/368 4.7it/s 1:05<13.4s
[K       4/10      2.89G      1.933      1.587      1.579          4       1024: 83% ━━━━━━━━━╸── 306/368 5.0it/s 1:05<12.5s
[K       4/10      2.89G      1.934      1.586      1.579          8       1024: 83% ━━━━━━━━━━── 307/368 4.7it/s 1:05<13.0s
[K       4/10      2.89G      1.934      1.586      1.581          6       1024: 83% ━━━━━━━━━━── 308/368 4.9it/s 1:05<12.2s
[K       4/10      2.89G      1.934      1.585       1.58          6       1024: 83% ━━━━━━━━━━── 309/368 4.7it/s 1:05<12.6s
[K       4/10      2.89G      1.934      1.586      1.579          4       1024: 84% ━━━━━━━━━━── 310/368 5.0it/s 1:06<11.6s
[K       4/10      2.89G      1.934      1.587      1.579          9       1024: 84% ━━━━━━━━━━── 311/368 4.7it/s 1:06<12.1s
[K       4/10      2.89G      1.934      1.586      1.578          4       1024: 84% ━━━━━━━━━━── 312/368 5.1it/s 1:06<11.1s
[K       4/10      2.89G      1.934      1.585      1.578          5       1024: 85% ━━━━━━━━━━── 313/368 4.8it/s 1:06<11.5s
[K       4/10      2.89G      1.934      1.587      1.579         10       1024: 85% ━━━━━━━━━━── 314/368 5.1it/s 1:06<10.6s
[K       4/10      2.89G      1.934      1.586      1.578          7       1024: 85% ━━━━━━━━━━── 315/368 4.8it/s 1:07<11.2s
[K       4/10      2.89G      1.934      1.586      1.578         10       1024: 85% ━━━━━━━━━━── 316/368 5.0it/s 1:07<10.3s
[K       4/10      2.89G      1.933      1.585      1.577          5       1024: 86% ━━━━━━━━━━── 317/368 4.8it/s 1:07<10.7s
[K       4/10      2.89G      1.932      1.583      1.576          4       1024: 86% ━━━━━━━━━━── 318/368 5.0it/s 1:07<9.9s
[K       4/10      2.89G      1.931      1.583      1.577          6       1024: 86% ━━━━━━━━━━── 319/368 4.7it/s 1:07<10.4s
[K       4/10      2.89G      1.931      1.583      1.577          7       1024: 86% ━━━━━━━━━━── 320/368 5.0it/s 1:08<9.6s
[K       4/10      2.89G      1.932      1.582      1.576          5       1024: 87% ━━━━━━━━━━── 321/368 4.7it/s 1:08<10.0s
[K       4/10      2.89G      1.932       1.58      1.575          7       1024: 87% ━━━━━━━━━━── 322/368 5.0it/s 1:08<9.3s
[K       4/10      2.89G       1.93      1.578      1.574          7       1024: 87% ━━━━━━━━━━╸─ 323/368 4.7it/s 1:08<9.6s
[K       4/10      2.89G      1.931      1.578      1.573          5       1024: 88% ━━━━━━━━━━╸─ 324/368 4.9it/s 1:09<8.9s
[K       4/10      2.89G       1.93      1.576      1.573          4       1024: 88% ━━━━━━━━━━╸─ 325/368 4.6it/s 1:09<9.3s
[K       4/10      2.89G      1.929      1.575      1.572          5       1024: 88% ━━━━━━━━━━╸─ 326/368 4.8it/s 1:09<8.8s
[K       4/10      2.89G      1.928      1.574      1.572          7       1024: 88% ━━━━━━━━━━╸─ 327/368 4.6it/s 1:09<9.0s
[K       4/10      2.89G      1.929      1.577      1.573         11       1024: 89% ━━━━━━━━━━╸─ 328/368 4.9it/s 1:09<8.1s
[K       4/10      2.89G      1.928      1.576      1.572          5       1024: 89% ━━━━━━━━━━╸─ 329/368 4.7it/s 1:10<8.4s
[K       4/10      2.89G      1.928      1.578      1.571          6       1024: 89% ━━━━━━━━━━╸─ 330/368 5.0it/s 1:10<7.6s
[K       4/10      2.89G      1.928      1.579      1.573          8       1024: 89% ━━━━━━━━━━╸─ 331/368 4.8it/s 1:10<7.7s
[K       4/10      2.89G      1.927       1.58      1.572          5       1024: 90% ━━━━━━━━━━╸─ 332/368 5.1it/s 1:10<7.0s
[K       4/10      2.89G       1.93       1.58      1.572          5       1024: 90% ━━━━━━━━━━╸─ 333/368 4.8it/s 1:10<7.3s
[K       4/10      2.89G       1.93      1.581      1.574          6       1024: 90% ━━━━━━━━━━╸─ 334/368 5.1it/s 1:11<6.7s
[K       4/10      2.89G       1.93      1.581      1.573          5       1024: 91% ━━━━━━━━━━╸─ 335/368 4.8it/s 1:11<6.9s
[K       4/10      2.89G       1.93      1.581      1.573          8       1024: 91% ━━━━━━━━━━╸─ 336/368 5.0it/s 1:11<6.4s
[K       4/10      2.89G      1.931      1.581      1.573          7       1024: 91% ━━━━━━━━━━╸─ 337/368 4.7it/s 1:11<6.6s
[K       4/10      2.89G       1.93       1.58      1.573          7       1024: 91% ━━━━━━━━━━━─ 338/368 5.0it/s 1:11<6.0s
[K       4/10      2.89G       1.93      1.579      1.572          6       1024: 92% ━━━━━━━━━━━─ 339/368 4.8it/s 1:12<6.1s
[K       4/10      2.89G      1.929      1.578      1.571          6       1024: 92% ━━━━━━━━━━━─ 340/368 5.0it/s 1:12<5.6s
[K       4/10      2.89G       1.93      1.579      1.571          6       1024: 92% ━━━━━━━━━━━─ 341/368 4.8it/s 1:12<5.7s
[K       4/10      2.89G      1.929      1.578       1.57          7       1024: 92% ━━━━━━━━━━━─ 342/368 5.0it/s 1:12<5.2s
[K       4/10      2.89G      1.927      1.576      1.569          6       1024: 93% ━━━━━━━━━━━─ 343/368 4.7it/s 1:13<5.3s
[K       4/10      2.89G      1.927      1.575      1.568          6       1024: 93% ━━━━━━━━━━━─ 344/368 4.9it/s 1:13<4.9s
[K       4/10      2.89G      1.927      1.578      1.568         12       1024: 93% ━━━━━━━━━━━─ 345/368 4.7it/s 1:13<4.9s
[K       4/10      2.89G      1.928       1.58      1.569          8       1024: 94% ━━━━━━━━━━━─ 346/368 5.0it/s 1:13<4.4s
[K       4/10      2.89G      1.928      1.579      1.568          9       1024: 94% ━━━━━━━━━━━─ 347/368 4.7it/s 1:13<4.4s
[K       4/10      2.89G      1.927      1.577      1.567          4       1024: 94% ━━━━━━━━━━━─ 348/368 5.0it/s 1:14<4.0s
[K       4/10      2.89G      1.927      1.577      1.566          9       1024: 94% ━━━━━━━━━━━─ 349/368 4.9it/s 1:14<3.9s
[K       4/10      2.89G      1.928      1.578      1.567          4       1024: 95% ━━━━━━━━━━━─ 350/368 5.2it/s 1:14<3.5s
[K       4/10      2.89G      1.929      1.577      1.567          5       1024: 95% ━━━━━━━━━━━─ 351/368 4.9it/s 1:14<3.5s
[K       4/10      2.89G      1.928      1.579      1.567          4       1024: 95% ━━━━━━━━━━━─ 352/368 5.1it/s 1:14<3.1s
[K       4/10      2.89G      1.928      1.577      1.565          4       1024: 95% ━━━━━━━━━━━╸ 353/368 4.8it/s 1:15<3.1s
[K       4/10      2.89G      1.929      1.581      1.568         12       1024: 96% ━━━━━━━━━━━╸ 354/368 5.0it/s 1:15<2.8s
[K       4/10      2.89G      1.929      1.581      1.568         14       1024: 96% ━━━━━━━━━━━╸ 355/368 4.7it/s 1:15<2.8s
[K       4/10      2.89G      1.928      1.579      1.567          8       1024: 96% ━━━━━━━━━━━╸ 356/368 5.0it/s 1:15<2.4s
[K       4/10      2.89G      1.928       1.58      1.567          6       1024: 97% ━━━━━━━━━━━╸ 357/368 4.7it/s 1:15<2.3s
[K       4/10      2.89G      1.928      1.579      1.567          8       1024: 97% ━━━━━━━━━━━╸ 358/368 5.0it/s 1:16<2.0s
[K       4/10      2.89G      1.927      1.578      1.566          9       1024: 97% ━━━━━━━━━━━╸ 359/368 4.7it/s 1:16<1.9s
[K       4/10      2.89G      1.927      1.579      1.567          9       1024: 97% ━━━━━━━━━━━╸ 360/368 4.9it/s 1:16<1.6s
[K       4/10      2.89G      1.926      1.579      1.566          7       1024: 98% ━━━━━━━━━━━╸ 361/368 4.7it/s 1:16<1.5s
[K       4/10      2.89G      1.926      1.578      1.565          5       1024: 98% ━━━━━━━━━━━╸ 362/368 4.9it/s 1:17<1.2s
[K       4/10      2.89G      1.927       1.58      1.567         13       1024: 98% ━━━━━━━━━━━╸ 363/368 4.6it/s 1:17<1.1s
[K       4/10      2.89G      1.927      1.579      1.566          6       1024: 98% ━━━━━━━━━━━╸ 364/368 5.0it/s 1:17<0.8s
[K       4/10      2.89G      1.926       1.58      1.566          6       1024: 99% ━━━━━━━━━━━╸ 365/368 4.7it/s 1:17<0.6s
[K       4/10      2.89G      1.927      1.581      1.566          4       1024: 99% ━━━━━━━━━━━╸ 366/368 4.9it/s 1:17<0.4s
[K       4/10      2.89G      1.926       1.58      1.565          6       1024: 99% ━━━━━━━━━━━╸ 367/368 4.7it/s 1:18<0.2s
[K       4/10      2.89G      1.926       1.58      1.565          6       1024: 100% ━━━━━━━━━━━━ 368/368 4.7it/s 1:18

[K                 Class     Images  Instances      Box(P          R      mAP50  mAP50-95): 2% ──────────── 1/35 2.5it/s 0.1s<13.5s
[K                 Class     Images  Instances      Box(P          R      mAP50  mAP50-95): 5% ╸─────────── 2/35 4.3it/s 0.2s<7.7s
[K                 Class     Images  Instances      Box(P          R      mAP50  mAP50-95): 8% ━─────────── 3/35 5.3it/s 0.4s<6.0s
[K                 Class     Images  Instances      Box(P          R      mAP50  mAP50-95): 11% ━─────────── 4/35 6.1it/s 0.5s<5.1s
[K                 Class     Images  Instances      Box(P          R      mAP50  mAP50-95): 14% ━╸────────── 5/35 6.7it/s 0.6s<4.5s
[K                 Class     Images  Instances      Box(P          R      mAP50  mAP50-95): 17% ━━────────── 6/35 7.1it/s 0.7s<4.1s
[K                 Class     Images  Instances      Box(P          R      mAP50  mAP50-95): 20% ━━────────── 7/35 7.3it/s 0.9s<3.8s
[K                 Class     Images  Instances      Box(P          R      mAP50  mAP50-95): 22% ━━╸───────── 8/35 7.6it/s 1.0s<3.6s
[K                 Class     Images  Instances      Box(P          R      mAP50  mAP50-95): 25% ━━━───────── 9/35 7.7it/s 1.1s<3.4s
[K                 Class     Images  Instances      Box(P          R      mAP50  mAP50-95): 28% ━━━───────── 10/35 7.6it/s 1.3s<3.3s
[K                 Class     Images  Instances      Box(P          R      mAP50  mAP50-95): 31% ━━━╸──────── 11/35 7.6it/s 1.4s<3.2s
[K                 Class     Images  Instances      Box(P          R      mAP50  mAP50-95): 34% ━━━━──────── 12/35 7.7it/s 1.5s<3.0s
[K                 Class     Images  Instances      Box(P          R      mAP50  mAP50-95): 37% ━━━━──────── 13/35 7.8it/s 1.6s<2.8s
[K                 Class     Images  Instances      Box(P          R      mAP50  mAP50-95): 40% ━━━━╸─────── 14/35 7.8it/s 1.8s<2.7s
[K                 Class     Images  Instances      Box(P          R      mAP50  mAP50-95): 42% ━━━━━─────── 15/35 7.9it/s 1.9s<2.5s
[K                 Class     Images  Instances      Box(P          R      mAP50  mAP50-95): 45% ━━━━━─────── 16/35 8.0it/s 2.0s<2.4s
[K                 Class     Images  Instances      Box(P          R      mAP50  mAP50-95): 48% ━━━━━╸────── 17/35 8.0it/s 2.1s<2.3s
[K                 Class     Images  Instances      Box(P          R      mAP50  mAP50-95): 51% ━━━━━━────── 18/35 8.0it/s 2.3s<2.1s
[K                 Class     Images  Instances      Box(P          R      mAP50  mAP50-95): 54% ━━━━━━╸───── 19/35 8.0it/s 2.4s<2.0s
[K                 Class     Images  Instances      Box(P          R      mAP50  mAP50-95): 57% ━━━━━━╸───── 20/35 8.1it/s 2.5s<1.9s
[K                 Class     Images  Instances      Box(P          R      mAP50  mAP50-95): 60% ━━━━━━━───── 21/35 8.1it/s 2.6s<1.7s
[K                 Class     Images  Instances      Box(P          R      mAP50  mAP50-95): 62% ━━━━━━━╸──── 22/35 8.1it/s 2.7s<1.6s
[K                 Class     Images  Instances      Box(P          R      mAP50  mAP50-95): 65% ━━━━━━━╸──── 23/35 8.1it/s 2.9s<1.5s
[K                 Class     Images  Instances      Box(P          R      mAP50  mAP50-95): 68% ━━━━━━━━──── 24/35 8.1it/s 3.0s<1.4s
[K                 Class     Images  Instances      Box(P          R      mAP50  mAP50-95): 71% ━━━━━━━━╸─── 25/35 8.1it/s 3.1s<1.2s
[K                 Class     Images  Instances      Box(P          R      mAP50  mAP50-95): 74% ━━━━━━━━╸─── 26/35 8.2it/s 3.2s<1.1s
[K                 Class     Images  Instances      Box(P          R      mAP50  mAP50-95): 77% ━━━━━━━━━─── 27/35 8.2it/s 3.4s<1.0s
[K                 Class     Images  Instances      Box(P          R      mAP50  mAP50-95): 80% ━━━━━━━━━╸── 28/35 8.3it/s 3.5s<0.8s
[K                 Class     Images  Instances      Box(P          R      mAP50  mAP50-95): 82% ━━━━━━━━━╸── 29/35 8.4it/s 3.6s<0.7s
[K                 Class     Images  Instances      Box(P          R      mAP50  mAP50-95): 85% ━━━━━━━━━━── 30/35 8.4it/s 3.7s<0.6s
[K                 Class     Images  Instances      Box(P          R      mAP50  mAP50-95): 88% ━━━━━━━━━━╸─ 31/35 8.4it/s 3.8s<0.5s
[K                 Class     Images  Instances      Box(P          R      mAP50  mAP50-95): 91% ━━━━━━━━━━╸─ 32/35 8.4it/s 4.0s<0.4s
[K                 Class     Images  Instances      Box(P          R      mAP50  mAP50-95): 94% ━━━━━━━━━━━─ 33/35 8.3it/s 4.1s<0.2s
[K                 Class     Images  Instances      Box(P          R      mAP50  mAP50-95): 97% ━━━━━━━━━━━╸ 34/35 8.3it/s 4.2s<0.1s
[K                 Class     Images  Instances      Box(P          R      mAP50  mAP50-95): 100% ━━━━━━━━━━━━ 35/35 8.2it/s 4.2s
                   all        275        480      0.615      0.468      0.535      0.225
WAFER_EPOCH 4/10 calls=828 map=0.22482

      Epoch    GPU_mem   box_loss   cls_loss   dfl_loss  Instances       Size

[K       5/10      2.89G      1.848       1.22      1.425          6       1024: 0% ──────────── 0/368  0.2s
[K       5/10      2.89G      2.038      1.668      1.823          8       1024: 0% ──────────── 1/368 1.2it/s 0.4s<4:59
[K       5/10      2.89G      2.273      1.516      1.708          6       1024: 0% ──────────── 2/368 2.5it/s 0.6s<2:24
[K       5/10      2.89G      2.177      1.492      1.673          6       1024: 0% ──────────── 3/368 3.0it/s 0.9s<2:02
[K       5/10      2.89G      2.051      1.506      1.602          8       1024: 1% ──────────── 4/368 3.8it/s 1.0s<1:37
[K       5/10      2.89G      1.971      1.432      1.522          4       1024: 1% ──────────── 5/368 3.8it/s 1.3s<1:34
[K       5/10      2.89G      1.943      1.442      1.541          8       1024: 1% ──────────── 6/368 4.3it/s 1.5s<1:24
[K       5/10      2.89G      1.869      1.425       1.54          4       1024: 1% ──────────── 7/368 4.2it/s 1.7s<1:25
[K       5/10      2.89G      1.864      1.444      1.567          8       1024: 2% ──────────── 8/368 4.6it/s 1.9s<1:19
[K       5/10      2.89G      1.858      1.443      1.545         10       1024: 2% ──────────── 9/368 4.4it/s 2.1s<1:21
[K       5/10      2.89G      1.872      1.491      1.594          9       1024: 2% ──────────── 10/368 4.8it/s 2.3s<1:15
[K       5/10      2.89G      1.901      1.492      1.602          5       1024: 2% ──────────── 11/368 4.6it/s 2.6s<1:18
[K       5/10      2.89G      1.861      1.448      1.575          5       1024: 3% ──────────── 12/368 4.9it/s 2.7s<1:13
[K       5/10      2.89G      1.874      1.513      1.628          7       1024: 3% ──────────── 13/368 4.7it/s 3.0s<1:16
[K       5/10      2.89G      1.883      1.495      1.623          6       1024: 3% ──────────── 14/368 5.0it/s 3.2s<1:11
[K       5/10      2.89G      1.877      1.535      1.631          5       1024: 4% ──────────── 15/368 4.7it/s 3.4s<1:14
[K       5/10      2.89G      1.842      1.507        1.6          4       1024: 4% ╸─────────── 16/368 5.1it/s 3.6s<1:09
[K       5/10      2.89G      1.827      1.487      1.577          6       1024: 4% ╸─────────── 17/368 4.8it/s 3.8s<1:13
[K       5/10      2.89G      1.841      1.467      1.568          5       1024: 4% ╸─────────── 18/368 5.2it/s 4.0s<1:08
[K       5/10      2.89G       1.84      1.443      1.552          4       1024: 5% ╸─────────── 19/368 4.8it/s 4.2s<1:13
[K       5/10      2.89G      1.838       1.45      1.548         12       1024: 5% ╸─────────── 20/368 4.9it/s 4.4s<1:11
[K       5/10      2.89G      1.844      1.464      1.547          7       1024: 5% ╸─────────── 21/368 4.6it/s 4.7s<1:15
[K       5/10      2.89G      1.848      1.458      1.543          5       1024: 5% ╸─────────── 22/368 4.8it/s 4.9s<1:11
[K       5/10      2.89G      1.832      1.436      1.529          4       1024: 6% ╸─────────── 23/368 4.6it/s 5.1s<1:14
[K       5/10      2.89G      1.837      1.434      1.522         10       1024: 6% ╸─────────── 24/368 4.9it/s 5.3s<1:10
[K       5/10      2.89G      1.841      1.438      1.528         12       1024: 6% ╸─────────── 25/368 4.7it/s 5.5s<1:13
[K       5/10      2.89G      1.831      1.443      1.526          4       1024: 7% ╸─────────── 26/368 5.0it/s 5.7s<1:08
[K       5/10      2.89G      1.824      1.442       1.54          4       1024: 7% ╸─────────── 27/368 4.8it/s 5.9s<1:12
[K       5/10      2.89G      1.835      1.448      1.546          8       1024: 7% ╸─────────── 28/368 5.0it/s 6.1s<1:08
[K       5/10      2.89G      1.826      1.438      1.536          9       1024: 7% ╸─────────── 29/368 4.7it/s 6.4s<1:12
[K       5/10      2.89G      1.804      1.435      1.525          4       1024: 8% ╸─────────── 30/368 5.0it/s 6.5s<1:07
[K       5/10      2.89G      1.794      1.437      1.511          5       1024: 8% ━─────────── 31/368 4.8it/s 6.8s<1:11
[K       5/10      2.89G      1.791      1.429        1.5          5       1024: 8% ━─────────── 32/368 5.1it/s 6.9s<1:06
[K       5/10      2.89G      1.797       1.43      1.496          6       1024: 8% ━─────────── 33/368 4.8it/s 7.2s<1:10
[K       5/10      2.89G      1.791      1.421      1.492          7       1024: 9% ━─────────── 34/368 5.1it/s 7.4s<1:06
[K       5/10      2.89G      1.788      1.422       1.49          9       1024: 9% ━─────────── 35/368 4.9it/s 7.6s<1:09
[K       5/10      2.89G      1.797      1.437      1.497          9       1024: 9% ━─────────── 36/368 5.0it/s 7.8s<1:06
[K       5/10      2.89G      1.794      1.427      1.492          6       1024: 10% ━─────────── 37/368 4.7it/s 8.0s<1:11
[K       5/10      2.89G      1.794      1.441        1.5         15       1024: 10% ━─────────── 38/368 4.9it/s 8.2s<1:07
[K       5/10      2.89G      1.792      1.454      1.504         10       1024: 10% ━─────────── 39/368 4.7it/s 8.5s<1:11
[K       5/10      2.89G      1.799      1.464      1.508          5       1024: 10% ━─────────── 40/368 5.0it/s 8.6s<1:06
[K       5/10      2.89G      1.806      1.467      1.504          4       1024: 11% ━─────────── 41/368 4.7it/s 8.9s<1:09
[K       5/10      2.89G      1.805      1.468      1.507          9       1024: 11% ━─────────── 42/368 5.0it/s 9.1s<1:05
[K       5/10      2.89G      1.809      1.472      1.509          6       1024: 11% ━─────────── 43/368 4.7it/s 9.3s<1:09
[K       5/10      2.89G      1.805      1.491      1.517          6       1024: 11% ━─────────── 44/368 5.0it/s 9.5s<1:05
[K       5/10      2.89G      1.799      1.484       1.51          6       1024: 12% ━─────────── 45/368 4.7it/s 9.7s<1:09
[K       5/10      2.89G      1.791      1.494      1.512          4       1024: 12% ━─────────── 46/368 5.0it/s 9.9s<1:04
[K       5/10      2.89G      1.799        1.5      1.516          5       1024: 12% ━╸────────── 47/368 4.8it/s 10.1s<1:07
[K       5/10      2.89G        1.8      1.497      1.512          7       1024: 13% ━╸────────── 48/368 5.1it/s 10.3s<1:03
[K       5/10      2.89G      1.806      1.497      1.516          9       1024: 13% ━╸────────── 49/368 4.8it/s 10.6s<1:07
[K       5/10      2.89G      1.807      1.493      1.519          4       1024: 13% ━╸────────── 50/368 5.1it/s 10.7s<1:03
[K       5/10      2.89G      1.812      1.489      1.515          7       1024: 13% ━╸────────── 51/368 4.8it/s 11.0s<1:06
[K       5/10      2.89G       1.81      1.478      1.511          5       1024: 14% ━╸────────── 52/368 5.1it/s 11.1s<1:03
[K       5/10      2.89G      1.812      1.487      1.514         13       1024: 14% ━╸────────── 53/368 4.8it/s 11.4s<1:06
[K       5/10      2.89G      1.813      1.491      1.519          7       1024: 14% ━╸────────── 54/368 5.1it/s 11.6s<1:02
[K       5/10      2.89G      1.807      1.484      1.511          5       1024: 14% ━╸────────── 55/368 4.8it/s 11.8s<1:05
[K       5/10      2.89G      1.801      1.477      1.508          5       1024: 15% ━╸────────── 56/368 5.1it/s 12.0s<1:01
[K       5/10      2.89G      1.805      1.483      1.513          4       1024: 15% ━╸────────── 57/368 4.8it/s 12.2s<1:05
[K       5/10      2.89G      1.808      1.484      1.515          7       1024: 15% ━╸────────── 58/368 5.1it/s 12.4s<1:01
[K       5/10      2.89G       1.81      1.483      1.509         10       1024: 16% ━╸────────── 59/368 4.7it/s 12.6s<1:05
[K       5/10      2.89G      1.812      1.499      1.511          4       1024: 16% ━╸────────── 60/368 5.0it/s 12.8s<1:01
[K       5/10      2.89G      1.812      1.496      1.513          5       1024: 16% ━╸────────── 61/368 4.8it/s 13.0s<1:04
[K       5/10      2.89G        1.8      1.488      1.504          6       1024: 16% ━━────────── 62/368 5.0it/s 13.2s<1:02
[K       5/10      2.89G      1.793      1.486      1.502          6       1024: 17% ━━────────── 63/368 4.7it/s 13.5s<1:05
[K       5/10      2.89G      1.797      1.497      1.503         12       1024: 17% ━━────────── 64/368 5.0it/s 13.7s<1:01
[K       5/10      2.89G      1.796      1.494      1.501          7       1024: 17% ━━────────── 65/368 4.7it/s 13.9s<1:05
[K       5/10      2.89G      1.799      1.491        1.5          7       1024: 17% ━━────────── 66/368 4.9it/s 14.1s<1:01
[K       5/10      2.89G      1.796      1.489      1.495          7       1024: 18% ━━────────── 67/368 4.7it/s 14.3s<1:05
[K       5/10      2.89G      1.801      1.496      1.498          7       1024: 18% ━━────────── 68/368 5.0it/s 14.5s<1:00
[K       5/10      2.89G        1.8      1.492      1.501          4       1024: 18% ━━────────── 69/368 4.8it/s 14.7s<1:03
[K       5/10      2.89G      1.796      1.485      1.497          7       1024: 19% ━━────────── 70/368 5.0it/s 14.9s<59.1s
[K       5/10      2.89G      1.805      1.494        1.5          5       1024: 19% ━━────────── 71/368 4.8it/s 15.2s<1:02
[K       5/10      2.89G      1.808      1.491      1.502         10       1024: 19% ━━────────── 72/368 5.1it/s 15.3s<58.5s
[K       5/10      2.89G      1.809       1.49      1.503          5       1024: 19% ━━────────── 73/368 4.7it/s 15.6s<1:03
[K       5/10      2.89G      1.805      1.492      1.504          9       1024: 20% ━━────────── 74/368 5.0it/s 15.8s<58.3s
[K       5/10      2.89G      1.803      1.486        1.5          5       1024: 20% ━━────────── 75/368 4.8it/s 16.0s<1:01
[K       5/10      2.89G       1.81      1.491      1.508         12       1024: 20% ━━────────── 76/368 5.1it/s 16.2s<57.7s
[K       5/10      2.89G       1.81      1.486      1.504          5       1024: 20% ━━╸───────── 77/368 4.8it/s 16.4s<1:01
[K       5/10      2.89G      1.811      1.485      1.502          6       1024: 21% ━━╸───────── 78/368 5.0it/s 16.6s<58.3s
[K       5/10      2.89G      1.814      1.482      1.501          7       1024: 21% ━━╸───────── 79/368 4.7it/s 16.9s<1:02
[K       5/10      2.89G      1.814      1.476      1.498          6       1024: 21% ━━╸───────── 80/368 4.9it/s 17.0s<58.8s
[K       5/10      2.89G      1.822      1.479      1.502          7       1024: 22% ━━╸───────── 81/368 4.6it/s 17.3s<1:03
[K       5/10      2.89G       1.82      1.472      1.498          7       1024: 22% ━━╸───────── 82/368 4.9it/s 17.5s<58.8s
[K       5/10      2.89G      1.819      1.466      1.497          7       1024: 22% ━━╸───────── 83/368 4.7it/s 17.7s<1:01
[K       5/10      2.89G      1.816      1.459      1.494          5       1024: 22% ━━╸───────── 84/368 5.2it/s 17.9s<54.9s
[K       5/10      2.89G      1.814      1.452       1.49          5       1024: 23% ━━╸───────── 85/368 4.9it/s 18.1s<58.2s
[K       5/10      2.89G      1.816      1.458      1.495          5       1024: 23% ━━╸───────── 86/368 5.0it/s 18.3s<56.0s
[K       5/10      2.89G      1.817      1.464      1.498          8       1024: 23% ━━╸───────── 87/368 4.8it/s 18.5s<58.7s
[K       5/10      2.89G      1.818       1.46        1.5          8       1024: 23% ━━╸───────── 88/368 5.1it/s 18.7s<55.4s
[K       5/10      2.89G      1.814      1.454      1.494          7       1024: 24% ━━╸───────── 89/368 4.8it/s 18.9s<58.2s
[K       5/10      2.89G      1.811      1.452      1.493          5       1024: 24% ━━╸───────── 90/368 5.1it/s 19.1s<55.0s
[K       5/10      2.89G      1.814      1.447      1.492          4       1024: 24% ━━╸───────── 91/368 4.8it/s 19.4s<57.9s
[K       5/10      2.89G      1.816      1.448      1.493          9       1024: 25% ━━━───────── 92/368 5.1it/s 19.5s<54.6s
[K       5/10      2.89G      1.821      1.456      1.496         10       1024: 25% ━━━───────── 93/368 4.8it/s 19.8s<57.7s
[K       5/10      2.89G      1.817       1.46      1.495          5       1024: 25% ━━━───────── 94/368 5.1it/s 20.0s<54.2s
[K       5/10      2.89G      1.816      1.456      1.494          5       1024: 25% ━━━───────── 95/368 4.8it/s 20.2s<56.3s
[K       5/10      2.89G      1.816      1.453      1.493          6       1024: 26% ━━━───────── 96/368 5.2it/s 20.4s<52.8s
[K       5/10      2.89G      1.812      1.457      1.491          4       1024: 26% ━━━───────── 97/368 5.0it/s 20.6s<54.3s
[K       5/10      2.89G      1.815      1.455      1.492          8       1024: 26% ━━━───────── 98/368 5.2it/s 20.8s<51.6s
[K       5/10      2.89G      1.819      1.458      1.496          5       1024: 26% ━━━───────── 99/368 4.9it/s 21.0s<54.8s
[K       5/10      2.89G      1.814      1.452      1.493          6       1024: 27% ━━━───────── 100/368 5.2it/s 21.2s<51.8s
[K       5/10      2.89G      1.812      1.448      1.488          7       1024: 27% ━━━───────── 101/368 4.9it/s 21.4s<54.1s
[K       5/10      2.89G      1.811       1.45      1.487          6       1024: 27% ━━━───────── 102/368 5.2it/s 21.6s<51.5s
[K       5/10      2.89G      1.809      1.446      1.484          7       1024: 27% ━━━───────── 103/368 4.9it/s 21.8s<54.2s
[K       5/10      2.89G      1.811      1.449      1.488          8       1024: 28% ━━━───────── 104/368 5.1it/s 22.0s<52.1s
[K       5/10      2.89G      1.806       1.45      1.488          4       1024: 28% ━━━───────── 105/368 4.7it/s 22.2s<55.8s
[K       5/10      2.89G      1.805      1.447      1.489          5       1024: 28% ━━━───────── 106/368 4.9it/s 22.4s<53.0s
[K       5/10      2.89G      1.809       1.45      1.493         11       1024: 29% ━━━───────── 107/368 4.6it/s 22.7s<56.2s
[K       5/10      2.89G      1.811      1.448      1.492          7       1024: 29% ━━━╸──────── 108/368 4.9it/s 22.9s<53.4s
[K       5/10      2.89G      1.811      1.447       1.49          7       1024: 29% ━━━╸──────── 109/368 4.6it/s 23.1s<55.9s
[K       5/10      2.89G      1.815      1.447       1.49         10       1024: 29% ━━━╸──────── 110/368 4.9it/s 23.3s<52.8s
[K       5/10      2.89G       1.81      1.443      1.487          5       1024: 30% ━━━╸──────── 111/368 4.7it/s 23.5s<55.2s
[K       5/10      2.89G      1.815      1.445      1.491          9       1024: 30% ━━━╸──────── 112/368 5.0it/s 23.7s<51.3s
[K       5/10      2.89G      1.814      1.445      1.493          8       1024: 30% ━━━╸──────── 113/368 4.7it/s 24.0s<54.3s
[K       5/10      2.89G      1.809      1.444      1.493          6       1024: 30% ━━━╸──────── 114/368 5.0it/s 24.1s<50.7s
[K       5/10      2.89G       1.81      1.445      1.495          5       1024: 31% ━━━╸──────── 115/368 4.7it/s 24.4s<53.3s
[K       5/10      2.89G      1.812      1.444      1.497          5       1024: 31% ━━━╸──────── 116/368 5.0it/s 24.5s<49.9s
[K       5/10      2.89G      1.815      1.442      1.499          4       1024: 31% ━━━╸──────── 117/368 4.9it/s 24.8s<51.6s
[K       5/10      2.89G      1.814      1.439      1.498          7       1024: 32% ━━━╸──────── 118/368 5.1it/s 25.0s<49.1s
[K       5/10      2.89G      1.819      1.441      1.501          6       1024: 32% ━━━╸──────── 119/368 4.8it/s 25.2s<51.8s
[K       5/10      2.89G      1.818      1.442      1.502          9       1024: 32% ━━━╸──────── 120/368 5.1it/s 25.4s<48.7s
[K       5/10      2.89G      1.823      1.444      1.505          9       1024: 32% ━━━╸──────── 121/368 5.0it/s 25.6s<49.6s
[K       5/10      2.89G      1.824      1.444      1.507          9       1024: 33% ━━━╸──────── 122/368 5.2it/s 25.8s<47.3s
[K       5/10      2.89G      1.823      1.442      1.504          4       1024: 33% ━━━━──────── 123/368 4.9it/s 26.0s<50.4s
[K       5/10      2.89G      1.821      1.444      1.508          8       1024: 33% ━━━━──────── 124/368 5.1it/s 26.2s<47.8s
[K       5/10      2.89G      1.822      1.443      1.507          4       1024: 33% ━━━━──────── 125/368 4.8it/s 26.4s<51.1s
[K       5/10      2.89G      1.822      1.442       1.51          6       1024: 34% ━━━━──────── 126/368 5.0it/s 26.6s<48.3s
[K       5/10      2.89G      1.822      1.443      1.513          7       1024: 34% ━━━━──────── 127/368 4.8it/s 26.8s<50.4s
[K       5/10      2.89G      1.822      1.445      1.511          5       1024: 34% ━━━━──────── 128/368 4.9it/s 27.0s<48.5s
[K       5/10      2.89G      1.823      1.445      1.512          5       1024: 35% ━━━━──────── 129/368 4.7it/s 27.3s<51.0s
[K       5/10      2.89G      1.823      1.446      1.512          6       1024: 35% ━━━━──────── 130/368 4.9it/s 27.5s<48.1s
[K       5/10      2.89G      1.821      1.447      1.513          4       1024: 35% ━━━━──────── 131/368 4.7it/s 27.7s<50.5s
[K       5/10      2.89G      1.825      1.452      1.516          5       1024: 35% ━━━━──────── 132/368 4.9it/s 27.9s<48.1s
[K       5/10      2.89G      1.825      1.451      1.514          8       1024: 36% ━━━━──────── 133/368 4.7it/s 28.1s<50.1s
[K       5/10      2.89G      1.823      1.449      1.514          6       1024: 36% ━━━━──────── 134/368 5.0it/s 28.3s<46.7s
[K       5/10      2.89G      1.826       1.45      1.517          6       1024: 36% ━━━━──────── 135/368 4.7it/s 28.6s<49.6s
[K       5/10      2.89G      1.827      1.449      1.519          7       1024: 36% ━━━━──────── 136/368 5.1it/s 28.7s<45.6s
[K       5/10      2.89G      1.832      1.448       1.52          6       1024: 37% ━━━━──────── 137/368 4.8it/s 29.0s<47.7s
[K       5/10      2.89G      1.834      1.456      1.523         10       1024: 37% ━━━━──────── 138/368 5.2it/s 29.1s<44.4s
[K       5/10      2.89G      1.835      1.455      1.523          5       1024: 37% ━━━━╸─────── 139/368 4.8it/s 29.4s<47.6s
[K       5/10      2.89G      1.838      1.454      1.523          7       1024: 38% ━━━━╸─────── 140/368 5.1it/s 29.5s<44.8s
[K       5/10      2.89G      1.837      1.452      1.523          4       1024: 38% ━━━━╸─────── 141/368 4.8it/s 29.8s<47.0s
[K       5/10      2.89G      1.837       1.45      1.522          7       1024: 38% ━━━━╸─────── 142/368 5.1it/s 30.0s<44.2s
[K       5/10      2.89G      1.837      1.451      1.523          9       1024: 38% ━━━━╸─────── 143/368 4.9it/s 30.2s<46.3s
[K       5/10      2.89G      1.841      1.461      1.525          6       1024: 39% ━━━━╸─────── 144/368 5.1it/s 30.4s<43.8s
[K       5/10      2.89G      1.844      1.462      1.527          5       1024: 39% ━━━━╸─────── 145/368 4.8it/s 30.6s<46.0s
[K       5/10      2.89G      1.842      1.459      1.523          6       1024: 39% ━━━━╸─────── 146/368 5.1it/s 30.8s<43.3s
[K       5/10      2.89G      1.843      1.463      1.527          9       1024: 39% ━━━━╸─────── 147/368 4.8it/s 31.0s<46.2s
[K       5/10      2.89G      1.844      1.462      1.528          5       1024: 40% ━━━━╸─────── 148/368 5.0it/s 31.2s<43.8s
[K       5/10      2.89G      1.844      1.459      1.527          5       1024: 40% ━━━━╸─────── 149/368 4.7it/s 31.5s<46.3s
[K       5/10      2.89G      1.844      1.461      1.527         11       1024: 40% ━━━━╸─────── 150/368 5.0it/s 31.6s<43.8s
[K       5/10      2.89G      1.845      1.463       1.53          7       1024: 41% ━━━━╸─────── 151/368 4.8it/s 31.9s<45.4s
[K       5/10      2.89G      1.843      1.462      1.528          5       1024: 41% ━━━━╸─────── 152/368 5.1it/s 32.0s<41.9s
[K       5/10      2.89G      1.842      1.462      1.529          6       1024: 41% ━━━━╸─────── 153/368 4.9it/s 32.3s<43.8s
[K       5/10      2.89G      1.843      1.462      1.531          5       1024: 41% ━━━━━─────── 154/368 5.1it/s 32.4s<41.6s
[K       5/10      2.89G      1.842      1.463       1.53          9       1024: 42% ━━━━━─────── 155/368 4.8it/s 32.7s<44.1s
[K       5/10      2.89G      1.841       1.46      1.529          5       1024: 42% ━━━━━─────── 156/368 5.0it/s 32.9s<42.2s
[K       5/10      2.89G      1.842      1.458      1.529          5       1024: 42% ━━━━━─────── 157/368 4.8it/s 33.1s<44.3s
[K       5/10      2.89G      1.842      1.459       1.53          9       1024: 42% ━━━━━─────── 158/368 5.0it/s 33.3s<42.4s
[K       5/10      2.89G      1.841      1.458      1.527          4       1024: 43% ━━━━━─────── 159/368 4.7it/s 33.5s<44.4s
[K       5/10      2.89G      1.838      1.455      1.525          6       1024: 43% ━━━━━─────── 160/368 5.0it/s 33.7s<41.5s
[K       5/10      2.89G      1.836      1.453      1.524          6       1024: 43% ━━━━━─────── 161/368 4.7it/s 34.0s<43.9s
[K       5/10      2.89G      1.835      1.453      1.522          9       1024: 44% ━━━━━─────── 162/368 5.0it/s 34.1s<41.1s
[K       5/10      2.89G      1.834       1.45       1.52          7       1024: 44% ━━━━━─────── 163/368 4.7it/s 34.4s<43.2s
[K       5/10      2.89G      1.837       1.45      1.522          6       1024: 44% ━━━━━─────── 164/368 5.2it/s 34.5s<39.2s
[K       5/10      2.89G      1.842      1.449      1.523          4       1024: 44% ━━━━━─────── 165/368 4.9it/s 34.8s<41.5s
[K       5/10      2.89G      1.842      1.452      1.523          5       1024: 45% ━━━━━─────── 166/368 5.1it/s 34.9s<39.4s
[K       5/10      2.89G      1.842       1.45      1.522          4       1024: 45% ━━━━━─────── 167/368 4.8it/s 35.2s<41.5s
[K       5/10      2.89G      1.841      1.449      1.523          7       1024: 45% ━━━━━─────── 168/368 5.1it/s 35.4s<39.1s
[K       5/10      2.89G      1.841      1.447      1.522          4       1024: 45% ━━━━━╸────── 169/368 4.8it/s 35.6s<41.7s
[K       5/10      2.89G      1.842      1.445      1.521          5       1024: 46% ━━━━━╸────── 170/368 5.1it/s 35.8s<39.1s
[K       5/10      2.89G      1.843      1.447      1.524         10       1024: 46% ━━━━━╸────── 171/368 4.7it/s 36.0s<41.8s
[K       5/10      2.89G      1.842      1.446      1.524          5       1024: 46% ━━━━━╸────── 172/368 5.0it/s 36.2s<39.3s
[K       5/10      2.89G      1.845      1.445      1.526          4       1024: 47% ━━━━━╸────── 173/368 4.7it/s 36.5s<41.7s
[K       5/10      2.89G      1.845      1.442      1.526          4       1024: 47% ━━━━━╸────── 174/368 5.0it/s 36.7s<39.2s
[K       5/10      2.89G      1.844      1.442      1.526          4       1024: 47% ━━━━━╸────── 175/368 4.7it/s 36.9s<41.2s
[K       5/10      2.89G      1.845      1.443      1.526          5       1024: 47% ━━━━━╸────── 176/368 4.8it/s 37.1s<39.6s
[K       5/10      2.89G      1.845      1.442      1.526          5       1024: 48% ━━━━━╸────── 177/368 4.6it/s 37.3s<41.3s
[K       5/10      2.89G      1.845      1.442      1.527         11       1024: 48% ━━━━━╸────── 178/368 4.9it/s 37.5s<39.1s
[K       5/10      2.89G      1.847      1.445      1.529          9       1024: 48% ━━━━━╸────── 179/368 4.7it/s 37.7s<40.2s
[K       5/10      2.89G      1.847      1.445      1.529          9       1024: 48% ━━━━━╸────── 180/368 5.0it/s 37.9s<37.8s
[K       5/10      2.89G      1.848      1.442      1.528          7       1024: 49% ━━━━━╸────── 181/368 4.7it/s 38.2s<39.5s
[K       5/10      2.89G      1.848      1.442      1.529          5       1024: 49% ━━━━━╸────── 182/368 5.0it/s 38.3s<36.8s
[K       5/10      2.89G      1.847       1.44      1.529          5       1024: 49% ━━━━━╸────── 183/368 4.7it/s 38.6s<39.0s
[K       5/10      2.89G      1.849      1.444      1.529          7       1024: 50% ━━━━━━────── 184/368 5.0it/s 38.8s<36.5s
[K       5/10      2.89G      1.851      1.443      1.529          7       1024: 50% ━━━━━━────── 185/368 4.8it/s 39.0s<38.2s
[K       5/10      2.89G       1.85      1.442      1.527          4       1024: 50% ━━━━━━────── 186/368 5.1it/s 39.2s<35.7s
[K       5/10      2.89G      1.848       1.44      1.525          7       1024: 50% ━━━━━━────── 187/368 4.8it/s 39.4s<37.9s
[K       5/10      2.89G       1.85       1.44      1.528          5       1024: 51% ━━━━━━────── 188/368 5.1it/s 39.6s<35.6s
[K       5/10      2.89G      1.851      1.441      1.527          8       1024: 51% ━━━━━━────── 189/368 4.8it/s 39.8s<37.4s
[K       5/10      2.89G       1.85       1.44      1.528          5       1024: 51% ━━━━━━────── 190/368 5.0it/s 40.0s<35.3s
[K       5/10      2.89G      1.848      1.439      1.526          6       1024: 51% ━━━━━━────── 191/368 4.7it/s 40.3s<37.5s
[K       5/10      2.89G      1.849      1.439      1.526         13       1024: 52% ━━━━━━────── 192/368 5.0it/s 40.4s<35.5s
[K       5/10      2.89G      1.849      1.445      1.526         11       1024: 52% ━━━━━━────── 193/368 4.8it/s 40.7s<36.8s
[K       5/10      2.89G      1.849      1.447      1.527          7       1024: 52% ━━━━━━────── 194/368 5.0it/s 40.9s<34.8s
[K       5/10      2.89G      1.848      1.445      1.525          5       1024: 52% ━━━━━━────── 195/368 4.7it/s 41.1s<36.6s
[K       5/10      2.89G      1.849      1.448      1.524          4       1024: 53% ━━━━━━────── 196/368 5.0it/s 41.3s<34.6s
[K       5/10      2.89G      1.849      1.451      1.526          8       1024: 53% ━━━━━━────── 197/368 4.7it/s 41.5s<36.3s
[K       5/10      2.89G      1.848      1.448      1.524          4       1024: 53% ━━━━━━────── 198/368 5.0it/s 41.7s<33.8s
[K       5/10      2.89G      1.848      1.448      1.525          9       1024: 54% ━━━━━━────── 199/368 4.7it/s 42.0s<35.9s
[K       5/10      2.89G      1.848      1.449      1.527          5       1024: 54% ━━━━━━╸───── 200/368 5.0it/s 42.1s<33.5s
[K       5/10      2.89G      1.847      1.446      1.526          5       1024: 54% ━━━━━━╸───── 201/368 4.8it/s 42.4s<35.1s
[K       5/10      2.89G      1.847      1.445      1.526          5       1024: 54% ━━━━━━╸───── 202/368 5.0it/s 42.5s<32.9s
[K       5/10      2.89G      1.847      1.446      1.526          4       1024: 55% ━━━━━━╸───── 203/368 4.8it/s 42.8s<34.1s
[K       5/10      2.89G      1.847      1.445      1.525          7       1024: 55% ━━━━━━╸───── 204/368 5.1it/s 42.9s<32.2s
[K       5/10      2.89G      1.846      1.446      1.524          8       1024: 55% ━━━━━━╸───── 205/368 4.8it/s 43.2s<33.9s
[K       5/10      2.89G      1.844      1.446      1.522          8       1024: 55% ━━━━━━╸───── 206/368 5.2it/s 43.4s<30.9s
[K       5/10      2.89G      1.844      1.443      1.522          4       1024: 56% ━━━━━━╸───── 207/368 4.9it/s 43.6s<32.7s
[K       5/10      2.89G      1.846      1.445      1.523          4       1024: 56% ━━━━━━╸───── 208/368 5.1it/s 43.8s<31.3s
[K       5/10      2.89G      1.846      1.449      1.524          5       1024: 56% ━━━━━━╸───── 209/368 4.7it/s 44.0s<33.6s
[K       5/10      2.89G      1.846       1.45      1.523         10       1024: 57% ━━━━━━╸───── 210/368 4.9it/s 44.2s<32.0s
[K       5/10      2.89G      1.845       1.45      1.523          6       1024: 57% ━━━━━━╸───── 211/368 4.7it/s 44.5s<33.6s
[K       5/10      2.89G      1.845      1.449      1.522          5       1024: 57% ━━━━━━╸───── 212/368 5.0it/s 44.6s<31.5s
[K       5/10      2.89G      1.846      1.448      1.522          4       1024: 57% ━━━━━━╸───── 213/368 4.7it/s 44.9s<32.9s
[K       5/10      2.89G      1.847       1.45      1.523         10       1024: 58% ━━━━━━╸───── 214/368 4.8it/s 45.1s<31.8s
[K       5/10      2.89G      1.848      1.452      1.524          6       1024: 58% ━━━━━━━───── 215/368 4.7it/s 45.3s<32.8s
[K       5/10      2.89G      1.847      1.454      1.524          5       1024: 58% ━━━━━━━───── 216/368 4.9it/s 45.5s<31.3s
[K       5/10      2.89G      1.848      1.452      1.524          5       1024: 58% ━━━━━━━───── 217/368 4.6it/s 45.8s<32.9s
[K       5/10      2.89G      1.849      1.451      1.523          8       1024: 59% ━━━━━━━───── 218/368 4.9it/s 45.9s<30.4s
[K       5/10      2.89G      1.849      1.452      1.523          9       1024: 59% ━━━━━━━───── 219/368 4.7it/s 46.2s<31.9s
[K       5/10      2.89G      1.846      1.451      1.522          4       1024: 59% ━━━━━━━───── 220/368 5.0it/s 46.3s<29.7s
[K       5/10      2.89G      1.847       1.45      1.523          4       1024: 60% ━━━━━━━───── 221/368 4.8it/s 46.6s<30.6s
[K       5/10      2.89G      1.848      1.453      1.524          9       1024: 60% ━━━━━━━───── 222/368 5.0it/s 46.8s<29.0s
[K       5/10      2.89G      1.849      1.456      1.524          8       1024: 60% ━━━━━━━───── 223/368 4.7it/s 47.0s<30.7s
[K       5/10      2.89G      1.847      1.454      1.523          6       1024: 60% ━━━━━━━───── 224/368 5.0it/s 47.2s<28.7s
[K       5/10      2.89G      1.847      1.453      1.522          5       1024: 61% ━━━━━━━───── 225/368 4.7it/s 47.4s<30.5s
[K       5/10      2.89G      1.849      1.453      1.525          5       1024: 61% ━━━━━━━───── 226/368 4.9it/s 47.6s<28.8s
[K       5/10      2.89G       1.85      1.457      1.526          5       1024: 61% ━━━━━━━───── 227/368 4.8it/s 47.8s<29.6s
[K       5/10      2.89G      1.851       1.46      1.529         14       1024: 61% ━━━━━━━───── 228/368 5.0it/s 48.0s<27.9s
[K       5/10      2.89G       1.85       1.46      1.527          7       1024: 62% ━━━━━━━───── 229/368 4.7it/s 48.3s<29.3s
[K       5/10      2.89G      1.849      1.458      1.526          4       1024: 62% ━━━━━━━───── 230/368 5.0it/s 48.4s<27.6s
[K       5/10      2.89G       1.85      1.461      1.527          9       1024: 62% ━━━━━━━╸──── 231/368 4.8it/s 48.7s<28.8s
[K       5/10      2.89G      1.849      1.463      1.526         10       1024: 63% ━━━━━━━╸──── 232/368 5.0it/s 48.9s<27.2s
[K       5/10      2.89G      1.849      1.462      1.525          4       1024: 63% ━━━━━━━╸──── 233/368 4.8it/s 49.1s<28.4s
[K       5/10      2.89G      1.849      1.462      1.525          6       1024: 63% ━━━━━━━╸──── 234/368 4.9it/s 49.3s<27.3s
[K       5/10      2.89G      1.849      1.463      1.526         13       1024: 63% ━━━━━━━╸──── 235/368 4.7it/s 49.5s<28.3s
[K       5/10      2.89G      1.848      1.461      1.524          5       1024: 64% ━━━━━━━╸──── 236/368 5.0it/s 49.7s<26.4s
[K       5/10      2.89G      1.845      1.462      1.525          4       1024: 64% ━━━━━━━╸──── 237/368 4.8it/s 49.9s<27.6s
[K       5/10      2.89G      1.847      1.465      1.525          7       1024: 64% ━━━━━━━╸──── 238/368 5.0it/s 50.1s<25.8s
[K       5/10      2.89G      1.847      1.464      1.525          5       1024: 64% ━━━━━━━╸──── 239/368 4.8it/s 50.4s<27.0s
[K       5/10      2.89G       1.85      1.468      1.529          8       1024: 65% ━━━━━━━╸──── 240/368 5.1it/s 50.5s<25.2s
[K       5/10      2.89G      1.851      1.469      1.531          6       1024: 65% ━━━━━━━╸──── 241/368 4.8it/s 50.8s<26.6s
[K       5/10      2.89G       1.85      1.467      1.531          4       1024: 65% ━━━━━━━╸──── 242/368 5.1it/s 51.0s<24.8s
[K       5/10      2.89G      1.849      1.466       1.53          5       1024: 66% ━━━━━━━╸──── 243/368 4.8it/s 51.2s<26.1s
[K       5/10      2.89G       1.85      1.466       1.53          5       1024: 66% ━━━━━━━╸──── 244/368 5.1it/s 51.4s<24.5s
[K       5/10      2.89G       1.85      1.463      1.529          5       1024: 66% ━━━━━━━╸──── 245/368 4.8it/s 51.6s<25.5s
[K       5/10      2.89G      1.851      1.463       1.53         10       1024: 66% ━━━━━━━━──── 246/368 5.1it/s 51.8s<24.0s
[K       5/10      2.89G      1.852      1.463      1.531          5       1024: 67% ━━━━━━━━──── 247/368 4.7it/s 52.0s<25.6s
[K       5/10      2.89G      1.852      1.465      1.532          4       1024: 67% ━━━━━━━━──── 248/368 4.9it/s 52.2s<24.3s
[K       5/10      2.89G       1.85      1.463      1.532          5       1024: 67% ━━━━━━━━──── 249/368 4.6it/s 52.5s<25.9s
[K       5/10      2.89G      1.848      1.463      1.531          4       1024: 67% ━━━━━━━━──── 250/368 4.8it/s 52.7s<24.6s
[K       5/10      2.89G      1.849      1.461      1.531          6       1024: 68% ━━━━━━━━──── 251/368 4.6it/s 52.9s<25.4s
[K       5/10      2.89G       1.85      1.461       1.53          5       1024: 68% ━━━━━━━━──── 252/368 4.9it/s 53.1s<23.9s
[K       5/10      2.89G      1.849      1.459      1.529          5       1024: 68% ━━━━━━━━──── 253/368 4.6it/s 53.3s<24.8s
[K       5/10      2.89G       1.85      1.457      1.529          6       1024: 69% ━━━━━━━━──── 254/368 5.1it/s 53.5s<22.4s
[K       5/10      2.89G       1.85      1.458      1.528          6       1024: 69% ━━━━━━━━──── 255/368 4.8it/s 53.8s<23.6s
[K       5/10      2.89G       1.85      1.458      1.528          7       1024: 69% ━━━━━━━━──── 256/368 5.1it/s 53.9s<22.0s
[K       5/10      2.89G      1.849      1.458      1.527          4       1024: 69% ━━━━━━━━──── 257/368 4.8it/s 54.2s<23.2s
[K       5/10      2.89G      1.848       1.46      1.526          6       1024: 70% ━━━━━━━━──── 258/368 5.0it/s 54.4s<22.0s
[K       5/10      2.89G      1.849      1.461      1.527         15       1024: 70% ━━━━━━━━──── 259/368 4.7it/s 54.6s<23.0s
[K       5/10      2.89G       1.85      1.463      1.528         17       1024: 70% ━━━━━━━━──── 260/368 5.0it/s 54.8s<21.7s
[K       5/10      2.89G      1.849      1.461      1.527          5       1024: 70% ━━━━━━━━╸─── 261/368 4.7it/s 55.0s<22.8s
[K       5/10      2.89G      1.848      1.461      1.527          7       1024: 71% ━━━━━━━━╸─── 262/368 4.9it/s 55.2s<21.8s
[K       5/10      2.89G      1.848      1.462      1.528         13       1024: 71% ━━━━━━━━╸─── 263/368 4.6it/s 55.5s<22.9s
[K       5/10      2.89G      1.848      1.461      1.527          7       1024: 71% ━━━━━━━━╸─── 264/368 4.9it/s 55.6s<21.2s
[K       5/10      2.89G      1.849      1.464      1.529         11       1024: 72% ━━━━━━━━╸─── 265/368 4.7it/s 55.9s<22.0s
[K       5/10      2.89G      1.848      1.464      1.528          6       1024: 72% ━━━━━━━━╸─── 266/368 4.9it/s 56.1s<20.7s
[K       5/10      2.89G      1.848      1.466      1.528          8       1024: 72% ━━━━━━━━╸─── 267/368 4.7it/s 56.3s<21.4s
[K       5/10      2.89G      1.847      1.467      1.529          6       1024: 72% ━━━━━━━━╸─── 268/368 4.9it/s 56.5s<20.2s
[K       5/10      2.89G      1.846      1.466      1.528          6       1024: 73% ━━━━━━━━╸─── 269/368 4.7it/s 56.7s<21.0s
[K       5/10      2.89G      1.847      1.467      1.529          7       1024: 73% ━━━━━━━━╸─── 270/368 5.0it/s 56.9s<19.7s
[K       5/10      2.89G      1.847      1.466      1.529          7       1024: 73% ━━━━━━━━╸─── 271/368 4.7it/s 57.1s<20.6s
[K       5/10      2.89G      1.848      1.466       1.53          9       1024: 73% ━━━━━━━━╸─── 272/368 5.1it/s 57.3s<18.8s
[K       5/10      2.89G      1.849      1.467       1.53         11       1024: 74% ━━━━━━━━╸─── 273/368 4.8it/s 57.6s<19.7s
[K       5/10      2.89G       1.85      1.469      1.532         10       1024: 74% ━━━━━━━━╸─── 274/368 5.0it/s 57.7s<18.8s
[K       5/10      2.89G       1.85      1.469      1.532          6       1024: 74% ━━━━━━━━╸─── 275/368 4.7it/s 58.0s<19.7s
[K       5/10      2.89G      1.849       1.47      1.532          4       1024: 75% ━━━━━━━━━─── 276/368 5.0it/s 58.2s<18.3s
[K       5/10      2.89G      1.849      1.469      1.531          9       1024: 75% ━━━━━━━━━─── 277/368 4.8it/s 58.4s<19.1s
[K       5/10      2.89G      1.848      1.468       1.53          5       1024: 75% ━━━━━━━━━─── 278/368 5.1it/s 58.6s<17.7s
[K       5/10      2.89G      1.847      1.466      1.529          5       1024: 75% ━━━━━━━━━─── 279/368 4.8it/s 58.8s<18.5s
[K       5/10      2.89G      1.847      1.466      1.529          7       1024: 76% ━━━━━━━━━─── 280/368 4.9it/s 59.0s<17.8s
[K       5/10      2.89G      1.847      1.469      1.529         12       1024: 76% ━━━━━━━━━─── 281/368 4.6it/s 59.3s<18.9s
[K       5/10      2.89G      1.849       1.47      1.531          9       1024: 76% ━━━━━━━━━─── 282/368 4.8it/s 59.4s<17.8s
[K       5/10      2.89G      1.849      1.468      1.531          5       1024: 76% ━━━━━━━━━─── 283/368 4.6it/s 59.7s<18.6s
[K       5/10      2.89G      1.848      1.469       1.53          4       1024: 77% ━━━━━━━━━─── 284/368 4.9it/s 59.9s<17.3s
[K       5/10      2.89G      1.849      1.469       1.53         10       1024: 77% ━━━━━━━━━─── 285/368 4.6it/s 1:00<18.2s
[K       5/10      2.89G      1.847      1.467       1.53          4       1024: 77% ━━━━━━━━━─── 286/368 4.9it/s 1:00<16.8s
[K       5/10      2.89G      1.846      1.466      1.529          6       1024: 77% ━━━━━━━━━─── 287/368 4.7it/s 1:01<17.4s
[K       5/10      2.89G      1.846      1.466      1.529          7       1024: 78% ━━━━━━━━━─── 288/368 4.9it/s 1:01<16.3s
[K       5/10      2.89G      1.846      1.464      1.528          5       1024: 78% ━━━━━━━━━─── 289/368 4.7it/s 1:01<16.8s
[K       5/10      2.89G      1.847      1.462      1.528          5       1024: 78% ━━━━━━━━━─── 290/368 5.0it/s 1:01<15.6s
[K       5/10      2.89G      1.846      1.461      1.528          5       1024: 79% ━━━━━━━━━─── 291/368 4.7it/s 1:01<16.3s
[K       5/10      2.89G      1.844      1.459      1.527          4       1024: 79% ━━━━━━━━━╸── 292/368 5.0it/s 1:02<15.1s
[K       5/10      2.89G      1.843      1.459      1.527          4       1024: 79% ━━━━━━━━━╸── 293/368 4.8it/s 1:02<15.6s
[K       5/10      2.89G      1.843      1.457      1.527          6       1024: 79% ━━━━━━━━━╸── 294/368 5.1it/s 1:02<14.6s
[K       5/10      2.89G      1.843      1.458      1.527          9       1024: 80% ━━━━━━━━━╸── 295/368 4.7it/s 1:02<15.4s
[K       5/10      2.89G      1.842      1.456      1.525          6       1024: 80% ━━━━━━━━━╸── 296/368 5.0it/s 1:02<14.3s
[K       5/10      2.89G      1.842      1.455      1.526          8       1024: 80% ━━━━━━━━━╸── 297/368 4.8it/s 1:03<14.9s
[K       5/10      2.89G      1.842      1.454      1.526          6       1024: 80% ━━━━━━━━━╸── 298/368 5.0it/s 1:03<14.0s
[K       5/10      2.89G      1.842      1.457      1.528          5       1024: 81% ━━━━━━━━━╸── 299/368 4.7it/s 1:03<14.6s
[K       5/10      2.89G      1.842      1.456      1.528          7       1024: 81% ━━━━━━━━━╸── 300/368 5.0it/s 1:03<13.7s
[K       5/10      2.89G      1.841      1.454      1.527          4       1024: 81% ━━━━━━━━━╸── 301/368 4.7it/s 1:04<14.2s
[K       5/10      2.89G      1.844      1.457      1.527          4       1024: 82% ━━━━━━━━━╸── 302/368 4.9it/s 1:04<13.4s
[K       5/10      2.89G      1.843      1.455      1.526          6       1024: 82% ━━━━━━━━━╸── 303/368 4.7it/s 1:04<13.8s
[K       5/10      2.89G      1.842      1.455      1.525          7       1024: 82% ━━━━━━━━━╸── 304/368 5.0it/s 1:04<12.8s
[K       5/10      2.89G      1.842      1.455      1.525          7       1024: 82% ━━━━━━━━━╸── 305/368 4.8it/s 1:04<13.3s
[K       5/10      2.89G      1.843      1.456      1.525         11       1024: 83% ━━━━━━━━━╸── 306/368 5.0it/s 1:05<12.3s
[K       5/10      2.89G      1.844      1.455      1.524          5       1024: 83% ━━━━━━━━━━── 307/368 4.8it/s 1:05<12.8s
[K       5/10      2.89G      1.843      1.454      1.524          6       1024: 83% ━━━━━━━━━━── 308/368 5.0it/s 1:05<11.9s
[K       5/10      2.89G      1.842      1.453      1.523          6       1024: 83% ━━━━━━━━━━── 309/368 4.8it/s 1:05<12.3s
[K       5/10      2.89G      1.843      1.455      1.524          7       1024: 84% ━━━━━━━━━━── 310/368 5.0it/s 1:05<11.6s
[K       5/10      2.89G      1.843      1.454      1.524          8       1024: 84% ━━━━━━━━━━── 311/368 4.7it/s 1:06<12.1s
[K       5/10      2.89G      1.843      1.453      1.523          9       1024: 84% ━━━━━━━━━━── 312/368 5.0it/s 1:06<11.1s
[K       5/10      2.89G      1.843      1.452      1.523          6       1024: 85% ━━━━━━━━━━── 313/368 4.7it/s 1:06<11.7s
[K       5/10      2.89G      1.843      1.452      1.522          4       1024: 85% ━━━━━━━━━━── 314/368 5.0it/s 1:06<10.8s
[K       5/10      2.89G      1.843      1.451      1.521          4       1024: 85% ━━━━━━━━━━── 315/368 4.7it/s 1:06<11.2s
[K       5/10      2.89G      1.843       1.45       1.52          6       1024: 85% ━━━━━━━━━━── 316/368 5.0it/s 1:07<10.5s
[K       5/10      2.89G      1.842      1.449       1.52          6       1024: 86% ━━━━━━━━━━── 317/368 4.7it/s 1:07<10.9s
[K       5/10      2.89G      1.841      1.448       1.52          8       1024: 86% ━━━━━━━━━━── 318/368 4.9it/s 1:07<10.3s
[K       5/10      2.89G       1.84      1.446      1.519          6       1024: 86% ━━━━━━━━━━── 319/368 4.7it/s 1:07<10.5s
[K       5/10      2.89G      1.841      1.447       1.52         11       1024: 86% ━━━━━━━━━━── 320/368 4.8it/s 1:08<10.0s
[K       5/10      2.89G       1.84      1.445      1.519          6       1024: 87% ━━━━━━━━━━── 321/368 4.7it/s 1:08<10.0s
[K       5/10      2.89G       1.84      1.447      1.519         12       1024: 87% ━━━━━━━━━━── 322/368 5.0it/s 1:08<9.2s
[K       5/10      2.89G       1.84      1.449      1.519          4       1024: 87% ━━━━━━━━━━╸─ 323/368 4.8it/s 1:08<9.4s
[K       5/10      2.89G      1.839      1.447      1.518          6       1024: 88% ━━━━━━━━━━╸─ 324/368 5.0it/s 1:08<8.8s
[K       5/10      2.89G      1.841      1.446      1.518          4       1024: 88% ━━━━━━━━━━╸─ 325/368 4.8it/s 1:09<9.0s
[K       5/10      2.89G       1.84      1.445      1.518          6       1024: 88% ━━━━━━━━━━╸─ 326/368 5.0it/s 1:09<8.3s
[K       5/10      2.89G      1.841      1.445      1.519          4       1024: 88% ━━━━━━━━━━╸─ 327/368 4.8it/s 1:09<8.5s
[K       5/10      2.89G      1.841      1.446      1.519          8       1024: 89% ━━━━━━━━━━╸─ 328/368 5.0it/s 1:09<7.9s
[K       5/10      2.89G      1.842      1.446      1.519          4       1024: 89% ━━━━━━━━━━╸─ 329/368 4.8it/s 1:09<8.2s
[K       5/10      2.89G      1.843      1.446      1.518          4       1024: 89% ━━━━━━━━━━╸─ 330/368 5.0it/s 1:10<7.6s
[K       5/10      2.89G      1.843      1.445      1.517          4       1024: 89% ━━━━━━━━━━╸─ 331/368 4.7it/s 1:10<7.8s
[K       5/10      2.89G      1.843      1.447      1.517          6       1024: 90% ━━━━━━━━━━╸─ 332/368 5.0it/s 1:10<7.2s
[K       5/10      2.89G      1.843      1.447      1.517          6       1024: 90% ━━━━━━━━━━╸─ 333/368 4.7it/s 1:10<7.4s
[K       5/10      2.89G      1.841      1.445      1.516          5       1024: 90% ━━━━━━━━━━╸─ 334/368 4.9it/s 1:10<6.9s
[K       5/10      2.89G      1.841      1.445      1.516          4       1024: 91% ━━━━━━━━━━╸─ 335/368 4.6it/s 1:11<7.1s
[K       5/10      2.89G       1.84      1.445      1.515          7       1024: 91% ━━━━━━━━━━╸─ 336/368 4.9it/s 1:11<6.5s
[K       5/10      2.89G      1.841      1.445      1.515          7       1024: 91% ━━━━━━━━━━╸─ 337/368 4.6it/s 1:11<6.7s
[K       5/10      2.89G       1.84      1.443      1.514          4       1024: 91% ━━━━━━━━━━━─ 338/368 4.9it/s 1:11<6.1s
[K       5/10      2.89G      1.841      1.443      1.514          5       1024: 92% ━━━━━━━━━━━─ 339/368 4.7it/s 1:12<6.2s
[K       5/10      2.89G      1.841      1.444      1.515          9       1024: 92% ━━━━━━━━━━━─ 340/368 5.0it/s 1:12<5.6s
[K       5/10      2.89G      1.841      1.445      1.516          6       1024: 92% ━━━━━━━━━━━─ 341/368 4.7it/s 1:12<5.7s
[K       5/10      2.89G      1.842      1.445      1.515          4       1024: 92% ━━━━━━━━━━━─ 342/368 5.1it/s 1:12<5.1s
[K       5/10      2.89G      1.841      1.444      1.514          8       1024: 93% ━━━━━━━━━━━─ 343/368 4.8it/s 1:12<5.2s
[K       5/10      2.89G      1.842      1.443      1.514          5       1024: 93% ━━━━━━━━━━━─ 344/368 5.1it/s 1:13<4.7s
[K       5/10      2.89G      1.842      1.443      1.513          9       1024: 93% ━━━━━━━━━━━─ 345/368 4.8it/s 1:13<4.8s
[K       5/10      2.89G      1.843      1.444      1.514         11       1024: 94% ━━━━━━━━━━━─ 346/368 5.1it/s 1:13<4.3s
[K       5/10      2.89G      1.843      1.445      1.513          9       1024: 94% ━━━━━━━━━━━─ 347/368 4.8it/s 1:13<4.3s
[K       5/10      2.89G      1.843      1.445      1.513          7       1024: 94% ━━━━━━━━━━━─ 348/368 5.1it/s 1:13<3.9s
[K       5/10      2.89G      1.843      1.444      1.513          7       1024: 94% ━━━━━━━━━━━─ 349/368 4.8it/s 1:14<3.9s
[K       5/10      2.89G      1.842      1.443      1.512          5       1024: 95% ━━━━━━━━━━━─ 350/368 5.1it/s 1:14<3.5s
[K       5/10      2.89G      1.842      1.442      1.512          7       1024: 95% ━━━━━━━━━━━─ 351/368 4.8it/s 1:14<3.5s
[K       5/10      2.89G      1.842      1.441      1.511          6       1024: 95% ━━━━━━━━━━━─ 352/368 5.1it/s 1:14<3.1s
[K       5/10      2.89G      1.842       1.44       1.51          6       1024: 95% ━━━━━━━━━━━╸ 353/368 4.8it/s 1:14<3.1s
[K       5/10      2.89G      1.842       1.44       1.51          5       1024: 96% ━━━━━━━━━━━╸ 354/368 5.0it/s 1:15<2.8s
[K       5/10      2.89G      1.841      1.438      1.509          6       1024: 96% ━━━━━━━━━━━╸ 355/368 4.7it/s 1:15<2.8s
[K       5/10      2.89G       1.84      1.437      1.509          8       1024: 96% ━━━━━━━━━━━╸ 356/368 5.0it/s 1:15<2.4s
[K       5/10      2.89G      1.841      1.438      1.509          7       1024: 97% ━━━━━━━━━━━╸ 357/368 4.7it/s 1:15<2.3s
[K       5/10      2.89G      1.841      1.437      1.509          4       1024: 97% ━━━━━━━━━━━╸ 358/368 5.0it/s 1:15<2.0s
[K       5/10      2.89G      1.842      1.437      1.508          5       1024: 97% ━━━━━━━━━━━╸ 359/368 4.7it/s 1:16<1.9s
[K       5/10      2.89G      1.842      1.435      1.508          4       1024: 97% ━━━━━━━━━━━╸ 360/368 5.0it/s 1:16<1.6s
[K       5/10      2.89G      1.842      1.435       1.51          4       1024: 98% ━━━━━━━━━━━╸ 361/368 4.7it/s 1:16<1.5s
[K       5/10      2.89G      1.842      1.434      1.509          8       1024: 98% ━━━━━━━━━━━╸ 362/368 5.0it/s 1:16<1.2s
[K       5/10      2.89G      1.842      1.434       1.51          7       1024: 98% ━━━━━━━━━━━╸ 363/368 4.7it/s 1:17<1.1s
[K       5/10      2.89G      1.841      1.436      1.509          7       1024: 98% ━━━━━━━━━━━╸ 364/368 5.0it/s 1:17<0.8s
[K       5/10      2.89G      1.842      1.437      1.509          6       1024: 99% ━━━━━━━━━━━╸ 365/368 4.7it/s 1:17<0.6s
[K       5/10      2.89G      1.843      1.439       1.51         21       1024: 99% ━━━━━━━━━━━╸ 366/368 5.0it/s 1:17<0.4s
[K       5/10      2.89G      1.844      1.441      1.511          7       1024: 99% ━━━━━━━━━━━╸ 367/368 4.8it/s 1:17<0.2s
[K       5/10      2.89G      1.844      1.441      1.511          7       1024: 100% ━━━━━━━━━━━━ 368/368 4.8it/s 1:17

[K                 Class     Images  Instances      Box(P          R      mAP50  mAP50-95): 2% ──────────── 1/35 2.3it/s 0.1s<15.1s
[K                 Class     Images  Instances      Box(P          R      mAP50  mAP50-95): 5% ╸─────────── 2/35 4.1it/s 0.3s<8.0s
[K                 Class     Images  Instances      Box(P          R      mAP50  mAP50-95): 8% ━─────────── 3/35 5.3it/s 0.4s<6.0s
[K                 Class     Images  Instances      Box(P          R      mAP50  mAP50-95): 11% ━─────────── 4/35 6.2it/s 0.5s<5.0s
[K                 Class     Images  Instances      Box(P          R      mAP50  mAP50-95): 14% ━╸────────── 5/35 6.8it/s 0.6s<4.4s
[K                 Class     Images  Instances      Box(P          R      mAP50  mAP50-95): 17% ━━────────── 6/35 7.4it/s 0.7s<3.9s
[K                 Class     Images  Instances      Box(P          R      mAP50  mAP50-95): 20% ━━────────── 7/35 7.7it/s 0.9s<3.6s
[K                 Class     Images  Instances      Box(P          R      mAP50  mAP50-95): 22% ━━╸───────── 8/35 7.8it/s 1.0s<3.5s
[K                 Class     Images  Instances      Box(P          R      mAP50  mAP50-95): 25% ━━━───────── 9/35 7.8it/s 1.1s<3.3s
[K                 Class     Images  Instances      Box(P          R      mAP50  mAP50-95): 28% ━━━───────── 10/35 7.8it/s 1.2s<3.2s
[K                 Class     Images  Instances      Box(P          R      mAP50  mAP50-95): 31% ━━━╸──────── 11/35 7.9it/s 1.4s<3.0s
[K                 Class     Images  Instances      Box(P          R      mAP50  mAP50-95): 34% ━━━━──────── 12/35 8.0it/s 1.5s<2.9s
[K                 Class     Images  Instances      Box(P          R      mAP50  mAP50-95): 37% ━━━━──────── 13/35 8.1it/s 1.6s<2.7s
[K                 Class     Images  Instances      Box(P          R      mAP50  mAP50-95): 40% ━━━━╸─────── 14/35 8.1it/s 1.7s<2.6s
[K                 Class     Images  Instances      Box(P          R      mAP50  mAP50-95): 42% ━━━━━─────── 15/35 8.1it/s 1.8s<2.5s
[K                 Class     Images  Instances      Box(P          R      mAP50  mAP50-95): 45% ━━━━━─────── 16/35 8.1it/s 2.0s<2.3s
[K                 Class     Images  Instances      Box(P          R      mAP50  mAP50-95): 48% ━━━━━╸────── 17/35 8.1it/s 2.1s<2.2s
[K                 Class     Images  Instances      Box(P          R      mAP50  mAP50-95): 51% ━━━━━━────── 18/35 8.0it/s 2.2s<2.1s
[K                 Class     Images  Instances      Box(P          R      mAP50  mAP50-95): 54% ━━━━━━╸───── 19/35 8.0it/s 2.3s<2.0s
[K                 Class     Images  Instances      Box(P          R      mAP50  mAP50-95): 57% ━━━━━━╸───── 20/35 8.1it/s 2.5s<1.9s
[K                 Class     Images  Instances      Box(P          R      mAP50  mAP50-95): 60% ━━━━━━━───── 21/35 8.1it/s 2.6s<1.7s
[K                 Class     Images  Instances      Box(P          R      mAP50  mAP50-95): 62% ━━━━━━━╸──── 22/35 8.0it/s 2.7s<1.6s
[K                 Class     Images  Instances      Box(P          R      mAP50  mAP50-95): 65% ━━━━━━━╸──── 23/35 8.0it/s 2.8s<1.5s
[K                 Class     Images  Instances      Box(P          R      mAP50  mAP50-95): 68% ━━━━━━━━──── 24/35 8.0it/s 3.0s<1.4s
[K                 Class     Images  Instances      Box(P          R      mAP50  mAP50-95): 71% ━━━━━━━━╸─── 25/35 8.2it/s 3.1s<1.2s
[K                 Class     Images  Instances      Box(P          R      mAP50  mAP50-95): 74% ━━━━━━━━╸─── 26/35 8.2it/s 3.2s<1.1s
[K                 Class     Images  Instances      Box(P          R      mAP50  mAP50-95): 77% ━━━━━━━━━─── 27/35 8.2it/s 3.3s<1.0s
[K                 Class     Images  Instances      Box(P          R      mAP50  mAP50-95): 80% ━━━━━━━━━╸── 28/35 8.2it/s 3.4s<0.9s
[K                 Class     Images  Instances      Box(P          R      mAP50  mAP50-95): 82% ━━━━━━━━━╸── 29/35 8.4it/s 3.6s<0.7s
[K                 Class     Images  Instances      Box(P          R      mAP50  mAP50-95): 85% ━━━━━━━━━━── 30/35 8.4it/s 3.7s<0.6s
[K                 Class     Images  Instances      Box(P          R      mAP50  mAP50-95): 88% ━━━━━━━━━━╸─ 31/35 8.4it/s 3.8s<0.5s
[K                 Class     Images  Instances      Box(P          R      mAP50  mAP50-95): 91% ━━━━━━━━━━╸─ 32/35 8.4it/s 3.9s<0.4s
[K                 Class     Images  Instances      Box(P          R      mAP50  mAP50-95): 94% ━━━━━━━━━━━─ 33/35 8.3it/s 4.0s<0.2s
[K                 Class     Images  Instances      Box(P          R      mAP50  mAP50-95): 97% ━━━━━━━━━━━╸ 34/35 8.3it/s 4.2s<0.1s
[K                 Class     Images  Instances      Box(P          R      mAP50  mAP50-95): 100% ━━━━━━━━━━━━ 35/35 8.3it/s 4.2s
                   all        275        480      0.584      0.533      0.591      0.254
WAFER_EPOCH 5/10 calls=1012 map=0.25376

      Epoch    GPU_mem   box_loss   cls_loss   dfl_loss  Instances       Size

[K       6/10      2.89G      1.702      1.504      1.692          4       1024: 0% ──────────── 0/368  0.2s
[K       6/10      2.89G      1.869       1.75      1.805         13       1024: 0% ──────────── 1/368 1.2it/s 0.4s<5:07
[K       6/10      2.89G       2.03      1.625      1.712          6       1024: 0% ──────────── 2/368 2.5it/s 0.6s<2:27
[K       6/10      2.89G      1.925      1.558      1.625         12       1024: 0% ──────────── 3/368 2.9it/s 0.9s<2:04
[K       6/10      2.89G      1.917      1.589       1.55          4       1024: 1% ──────────── 4/368 3.7it/s 1.0s<1:38
[K       6/10      2.89G      1.895      1.527      1.475          6       1024: 1% ──────────── 5/368 3.8it/s 1.3s<1:35
[K       6/10      2.89G      1.904      1.435       1.44          5       1024: 1% ──────────── 6/368 4.4it/s 1.5s<1:23
[K       6/10      2.89G       1.93      1.405      1.448          6       1024: 1% ──────────── 7/368 4.3it/s 1.7s<1:24
[K       6/10      2.89G      1.951      1.427      1.494          7       1024: 2% ──────────── 8/368 4.6it/s 1.9s<1:18
[K       6/10      2.89G      1.937      1.417      1.475          5       1024: 2% ──────────── 9/368 4.5it/s 2.1s<1:20
[K       6/10      2.89G      1.921      1.389      1.471          5       1024: 2% ──────────── 10/368 4.9it/s 2.3s<1:13
[K       6/10      2.89G      1.905      1.367      1.458          5       1024: 2% ──────────── 11/368 4.6it/s 2.6s<1:18
[K       6/10      2.89G      1.924      1.381      1.473          7       1024: 3% ──────────── 12/368 5.0it/s 2.7s<1:12
[K       6/10      2.89G       1.93      1.394      1.465          6       1024: 3% ──────────── 13/368 4.8it/s 3.0s<1:14
[K       6/10      2.89G      1.891      1.368      1.449          5       1024: 3% ──────────── 14/368 5.0it/s 3.1s<1:10
[K       6/10      2.89G      1.899      1.368      1.455          8       1024: 4% ──────────── 15/368 4.7it/s 3.4s<1:14
[K       6/10      2.89G      1.874      1.349      1.436          7       1024: 4% ╸─────────── 16/368 5.0it/s 3.6s<1:10
[K       6/10      2.89G      1.888      1.367       1.45          7       1024: 4% ╸─────────── 17/368 4.8it/s 3.8s<1:13
[K       6/10      2.89G      1.863      1.338      1.433          6       1024: 4% ╸─────────── 18/368 5.1it/s 4.0s<1:09
[K       6/10      2.89G      1.854      1.313       1.43          4       1024: 5% ╸─────────── 19/368 4.7it/s 4.2s<1:14
[K       6/10      2.89G       1.87      1.345      1.456          9       1024: 5% ╸─────────── 20/368 5.0it/s 4.4s<1:10
[K       6/10      2.89G        1.9      1.349      1.474          4       1024: 5% ╸─────────── 21/368 4.7it/s 4.7s<1:13
[K       6/10      2.89G      1.894      1.365      1.476          5       1024: 5% ╸─────────── 22/368 5.0it/s 4.8s<1:09
[K       6/10      2.89G      1.893      1.368      1.468          6       1024: 6% ╸─────────── 23/368 4.7it/s 5.1s<1:13
[K       6/10      2.89G      1.881      1.367      1.464          7       1024: 6% ╸─────────── 24/368 4.9it/s 5.3s<1:10
[K       6/10      2.89G      1.879      1.358      1.459          6       1024: 6% ╸─────────── 25/368 4.7it/s 5.5s<1:14
[K       6/10      2.89G      1.871      1.347      1.452          8       1024: 7% ╸─────────── 26/368 4.8it/s 5.7s<1:12
[K       6/10      2.89G      1.853      1.326      1.443          4       1024: 7% ╸─────────── 27/368 4.6it/s 6.0s<1:14
[K       6/10      2.89G      1.842      1.323      1.435          5       1024: 7% ╸─────────── 28/368 4.9it/s 6.1s<1:09
[K       6/10      2.89G      1.839      1.318      1.431          6       1024: 7% ╸─────────── 29/368 4.7it/s 6.4s<1:13
[K       6/10      2.89G       1.84       1.31      1.426          5       1024: 8% ╸─────────── 30/368 5.0it/s 6.5s<1:08
[K       6/10      2.89G      1.834      1.305      1.424          5       1024: 8% ━─────────── 31/368 4.7it/s 6.8s<1:11
[K       6/10      2.89G      1.838      1.324      1.441         11       1024: 8% ━─────────── 32/368 5.0it/s 7.0s<1:07
[K       6/10      2.89G      1.829      1.325      1.437          6       1024: 8% ━─────────── 33/368 4.8it/s 7.2s<1:10
[K       6/10      2.89G      1.821      1.319      1.441          5       1024: 9% ━─────────── 34/368 5.1it/s 7.4s<1:05
[K       6/10      2.89G      1.828      1.314       1.44          6       1024: 9% ━─────────── 35/368 4.8it/s 7.6s<1:10
[K       6/10      2.89G      1.819      1.309      1.433          9       1024: 9% ━─────────── 36/368 5.0it/s 7.8s<1:06
[K       6/10      2.89G      1.829        1.3      1.454          4       1024: 10% ━─────────── 37/368 4.7it/s 8.1s<1:10
[K       6/10      2.89G      1.834      1.295      1.463          8       1024: 10% ━─────────── 38/368 5.0it/s 8.2s<1:06
[K       6/10      2.89G      1.832       1.29      1.457          4       1024: 10% ━─────────── 39/368 4.7it/s 8.5s<1:10
[K       6/10      2.89G       1.83      1.283      1.451          5       1024: 10% ━─────────── 40/368 5.0it/s 8.7s<1:06
[K       6/10      2.89G      1.821      1.274      1.451          5       1024: 11% ━─────────── 41/368 4.8it/s 8.9s<1:09
[K       6/10      2.89G      1.826      1.271      1.451          4       1024: 11% ━─────────── 42/368 4.9it/s 9.1s<1:06
[K       6/10      2.89G      1.829      1.269      1.451          4       1024: 11% ━─────────── 43/368 4.8it/s 9.3s<1:08
[K       6/10      2.89G      1.825       1.28      1.448          6       1024: 11% ━─────────── 44/368 5.2it/s 9.5s<1:03
[K       6/10      2.89G      1.821      1.272      1.442          5       1024: 12% ━─────────── 45/368 4.9it/s 9.7s<1:06
[K       6/10      2.89G       1.83      1.278      1.442          9       1024: 12% ━─────────── 46/368 5.1it/s 9.9s<1:03
[K       6/10      2.89G      1.828      1.278      1.439          5       1024: 12% ━╸────────── 47/368 4.8it/s 10.1s<1:07
[K       6/10      2.89G      1.835      1.315      1.445          5       1024: 13% ━╸────────── 48/368 5.1it/s 10.3s<1:03
[K       6/10      2.89G      1.836      1.315      1.447         12       1024: 13% ━╸────────── 49/368 4.8it/s 10.5s<1:07
[K       6/10      2.89G      1.841      1.307      1.451          5       1024: 13% ━╸────────── 50/368 5.1it/s 10.7s<1:02
[K       6/10      2.89G      1.839      1.314      1.453          7       1024: 13% ━╸────────── 51/368 4.8it/s 11.0s<1:06
[K       6/10      2.89G      1.838      1.316      1.455         10       1024: 14% ━╸────────── 52/368 5.0it/s 11.1s<1:03
[K       6/10      2.89G      1.834      1.306      1.449          4       1024: 14% ━╸────────── 53/368 4.7it/s 11.4s<1:06
[K       6/10      2.89G      1.832      1.301      1.449          5       1024: 14% ━╸────────── 54/368 5.0it/s 11.6s<1:02
[K       6/10      2.89G      1.828      1.292      1.446          5       1024: 14% ━╸────────── 55/368 4.8it/s 11.8s<1:06
[K       6/10      2.89G      1.829        1.3       1.45          7       1024: 15% ━╸────────── 56/368 5.1it/s 12.0s<1:02
[K       6/10      2.89G       1.83      1.298      1.449         10       1024: 15% ━╸────────── 57/368 4.7it/s 12.2s<1:06
[K       6/10      2.89G       1.83      1.305      1.452          9       1024: 15% ━╸────────── 58/368 4.9it/s 12.4s<1:03
[K       6/10      2.89G      1.818      1.296      1.446          4       1024: 16% ━╸────────── 59/368 4.6it/s 12.7s<1:07
[K       6/10      2.89G      1.822      1.302      1.445          7       1024: 16% ━╸────────── 60/368 4.9it/s 12.8s<1:03
[K       6/10      2.89G      1.824      1.316       1.45          9       1024: 16% ━╸────────── 61/368 4.7it/s 13.1s<1:06
[K       6/10      2.89G      1.828      1.315       1.45          4       1024: 16% ━━────────── 62/368 4.9it/s 13.3s<1:02
[K       6/10      2.89G      1.826      1.308      1.445          5       1024: 17% ━━────────── 63/368 4.7it/s 13.5s<1:05
[K       6/10      2.89G      1.822      1.308      1.441          4       1024: 17% ━━────────── 64/368 4.9it/s 13.7s<1:02
[K       6/10      2.89G      1.822      1.307      1.444          7       1024: 17% ━━────────── 65/368 4.6it/s 14.0s<1:06
[K       6/10      2.89G      1.821      1.303      1.443          7       1024: 17% ━━────────── 66/368 5.0it/s 14.1s<1:01
[K       6/10      2.89G      1.818      1.301      1.439          5       1024: 18% ━━────────── 67/368 4.6it/s 14.4s<1:06
[K       6/10      2.89G       1.82      1.303      1.442         11       1024: 18% ━━────────── 68/368 4.9it/s 14.6s<1:01
[K       6/10      2.89G       1.82      1.306      1.445         10       1024: 18% ━━────────── 69/368 4.5it/s 14.8s<1:06
[K       6/10      2.89G      1.817      1.301      1.442          5       1024: 19% ━━────────── 70/368 4.8it/s 15.0s<1:02
[K       6/10      2.89G      1.825      1.317      1.455          7       1024: 19% ━━────────── 71/368 4.6it/s 15.3s<1:04
[K       6/10      2.89G      1.819      1.318      1.452          9       1024: 19% ━━────────── 72/368 4.9it/s 15.5s<1:01
[K       6/10      2.89G       1.81      1.315       1.45          4       1024: 19% ━━────────── 73/368 4.6it/s 15.7s<1:04
[K       6/10      2.89G      1.807      1.311       1.45          5       1024: 20% ━━────────── 74/368 4.8it/s 15.9s<1:01
[K       6/10      2.89G      1.801      1.312      1.447         10       1024: 20% ━━────────── 75/368 4.7it/s 16.1s<1:02
[K       6/10      2.89G      1.798      1.317      1.448         11       1024: 20% ━━────────── 76/368 4.9it/s 16.3s<59.1s
[K       6/10      2.89G      1.792       1.32      1.447          6       1024: 20% ━━╸───────── 77/368 4.7it/s 16.5s<1:02
[K       6/10      2.89G      1.795      1.321      1.449          5       1024: 21% ━━╸───────── 78/368 5.0it/s 16.7s<57.7s
[K       6/10      2.89G      1.791      1.318      1.448          4       1024: 21% ━━╸───────── 79/368 4.8it/s 17.0s<1:01
[K       6/10      2.89G      1.788      1.311      1.444          6       1024: 21% ━━╸───────── 80/368 5.1it/s 17.1s<57.0s
[K       6/10      2.89G      1.784       1.31      1.443          7       1024: 22% ━━╸───────── 81/368 4.7it/s 17.4s<1:01
[K       6/10      2.89G      1.777      1.311      1.442          4       1024: 22% ━━╸───────── 82/368 5.0it/s 17.6s<56.8s
[K       6/10      2.89G      1.773      1.311      1.442          8       1024: 22% ━━╸───────── 83/368 4.8it/s 17.8s<59.8s
[K       6/10      2.89G      1.769      1.308      1.439          5       1024: 22% ━━╸───────── 84/368 5.0it/s 18.0s<56.4s
[K       6/10      2.89G      1.769      1.313       1.44         12       1024: 23% ━━╸───────── 85/368 4.8it/s 18.2s<59.4s
[K       6/10      2.89G      1.768      1.315      1.436          7       1024: 23% ━━╸───────── 86/368 5.1it/s 18.4s<55.6s
[K       6/10      2.89G      1.768      1.315      1.436          9       1024: 23% ━━╸───────── 87/368 4.8it/s 18.6s<59.0s
[K       6/10      2.89G       1.77      1.321      1.435          5       1024: 23% ━━╸───────── 88/368 5.1it/s 18.8s<54.8s
[K       6/10      2.89G      1.772      1.324      1.439          7       1024: 24% ━━╸───────── 89/368 4.8it/s 19.0s<58.1s
[K       6/10      2.89G       1.77      1.323      1.438          5       1024: 24% ━━╸───────── 90/368 5.0it/s 19.2s<55.1s
[K       6/10      2.89G      1.771      1.323      1.436          7       1024: 24% ━━╸───────── 91/368 4.7it/s 19.5s<58.4s
[K       6/10      2.89G      1.772      1.326      1.436          9       1024: 25% ━━━───────── 92/368 5.0it/s 19.7s<55.3s
[K       6/10      2.89G      1.769      1.321      1.433          6       1024: 25% ━━━───────── 93/368 4.7it/s 19.9s<58.2s
[K       6/10      2.89G      1.765      1.319      1.429         11       1024: 25% ━━━───────── 94/368 4.9it/s 20.1s<55.4s
[K       6/10      2.89G      1.762      1.317      1.428          4       1024: 25% ━━━───────── 95/368 4.7it/s 20.3s<58.5s
[K       6/10      2.89G      1.757      1.314      1.427          6       1024: 26% ━━━───────── 96/368 4.9it/s 20.5s<55.3s
[K       6/10      2.89G      1.761      1.317      1.434          5       1024: 26% ━━━───────── 97/368 4.7it/s 20.7s<57.5s
[K       6/10      2.89G      1.758      1.314      1.431          7       1024: 26% ━━━───────── 98/368 5.2it/s 20.9s<52.2s
[K       6/10      2.89G      1.758       1.32      1.433          8       1024: 26% ━━━───────── 99/368 4.9it/s 21.1s<55.3s
[K       6/10      2.89G      1.758      1.319       1.43          6       1024: 27% ━━━───────── 100/368 5.1it/s 21.3s<52.2s
[K       6/10      2.89G      1.755      1.316      1.432          6       1024: 27% ━━━───────── 101/368 4.9it/s 21.6s<55.0s
[K       6/10      2.89G      1.759      1.321      1.433         13       1024: 27% ━━━───────── 102/368 5.1it/s 21.7s<52.1s
[K       6/10      2.89G      1.759      1.326      1.432          7       1024: 27% ━━━───────── 103/368 4.8it/s 22.0s<55.0s
[K       6/10      2.89G      1.757      1.322      1.428          4       1024: 28% ━━━───────── 104/368 5.1it/s 22.1s<52.0s
[K       6/10      2.89G      1.758      1.329      1.429          5       1024: 28% ━━━───────── 105/368 4.8it/s 22.4s<55.1s
[K       6/10      2.89G       1.76      1.326      1.427          7       1024: 28% ━━━───────── 106/368 5.1it/s 22.6s<51.9s
[K       6/10      2.89G      1.761      1.327      1.428         12       1024: 29% ━━━───────── 107/368 4.8it/s 22.8s<54.8s
[K       6/10      2.89G       1.76      1.326      1.428          6       1024: 29% ━━━╸──────── 108/368 5.0it/s 23.0s<51.8s
[K       6/10      2.89G       1.76      1.323      1.427          5       1024: 29% ━━━╸──────── 109/368 4.7it/s 23.2s<54.9s
[K       6/10      2.89G       1.76      1.326      1.428         12       1024: 29% ━━━╸──────── 110/368 5.0it/s 23.4s<51.7s
[K       6/10      2.89G      1.761      1.324      1.427          8       1024: 30% ━━━╸──────── 111/368 4.8it/s 23.7s<54.1s
[K       6/10      2.89G       1.76      1.324      1.432          5       1024: 30% ━━━╸──────── 112/368 4.9it/s 23.8s<51.9s
[K       6/10      2.89G      1.762      1.323      1.431          7       1024: 30% ━━━╸──────── 113/368 4.7it/s 24.1s<54.4s
[K       6/10      2.89G      1.761      1.321       1.43          5       1024: 30% ━━━╸──────── 114/368 5.0it/s 24.3s<51.3s
[K       6/10      2.89G       1.76      1.319      1.428          4       1024: 31% ━━━╸──────── 115/368 4.8it/s 24.5s<52.9s
[K       6/10      2.89G      1.759      1.315      1.425          6       1024: 31% ━━━╸──────── 116/368 4.9it/s 24.7s<51.0s
[K       6/10      2.89G      1.761       1.32      1.427         12       1024: 31% ━━━╸──────── 117/368 4.7it/s 24.9s<53.9s
[K       6/10      2.89G      1.763      1.323      1.428          5       1024: 32% ━━━╸──────── 118/368 5.0it/s 25.1s<50.0s
[K       6/10      2.89G      1.763      1.322      1.427          5       1024: 32% ━━━╸──────── 119/368 4.8it/s 25.3s<52.0s
[K       6/10      2.89G      1.762      1.318      1.426          6       1024: 32% ━━━╸──────── 120/368 5.1it/s 25.5s<48.8s
[K       6/10      2.89G      1.764      1.319      1.426         10       1024: 32% ━━━╸──────── 121/368 4.8it/s 25.8s<51.3s
[K       6/10      2.89G      1.764      1.318      1.428          6       1024: 33% ━━━╸──────── 122/368 5.0it/s 25.9s<49.0s
[K       6/10      2.89G      1.762      1.317      1.426          4       1024: 33% ━━━━──────── 123/368 4.8it/s 26.2s<50.9s
[K       6/10      2.89G      1.764      1.317      1.427          6       1024: 33% ━━━━──────── 124/368 5.1it/s 26.3s<48.2s
[K       6/10      2.89G      1.759      1.313      1.424          5       1024: 33% ━━━━──────── 125/368 4.8it/s 26.6s<50.3s
[K       6/10      2.89G      1.759      1.314      1.424          4       1024: 34% ━━━━──────── 126/368 5.1it/s 26.7s<47.3s
[K       6/10      2.89G      1.757      1.311      1.424          5       1024: 34% ━━━━──────── 127/368 4.9it/s 27.0s<49.0s
[K       6/10      2.89G      1.757       1.31      1.423          6       1024: 34% ━━━━──────── 128/368 5.2it/s 27.1s<46.3s
[K       6/10      2.89G      1.754      1.309      1.423          9       1024: 35% ━━━━──────── 129/368 4.9it/s 27.4s<48.8s
[K       6/10      2.89G      1.755      1.307      1.422          5       1024: 35% ━━━━──────── 130/368 5.2it/s 27.6s<46.2s
[K       6/10      2.89G      1.756      1.305      1.421          4       1024: 35% ━━━━──────── 131/368 5.0it/s 27.8s<47.5s
[K       6/10      2.89G      1.759      1.314      1.426          8       1024: 35% ━━━━──────── 132/368 5.2it/s 27.9s<45.3s
[K       6/10      2.89G       1.76      1.316      1.429          8       1024: 36% ━━━━──────── 133/368 4.9it/s 28.2s<47.7s
[K       6/10      2.89G      1.758      1.316      1.427          5       1024: 36% ━━━━──────── 134/368 5.2it/s 28.4s<45.2s
[K       6/10      2.89G       1.76      1.317      1.426         10       1024: 36% ━━━━──────── 135/368 4.9it/s 28.6s<47.8s
[K       6/10      2.89G      1.763       1.32      1.428          8       1024: 36% ━━━━──────── 136/368 5.1it/s 28.8s<45.4s
[K       6/10      2.89G      1.763      1.317      1.426          9       1024: 37% ━━━━──────── 137/368 4.8it/s 29.0s<47.7s
[K       6/10      2.89G      1.765      1.319      1.428          9       1024: 37% ━━━━──────── 138/368 5.1it/s 29.2s<45.1s
[K       6/10      2.89G      1.766      1.319      1.427         11       1024: 37% ━━━━╸─────── 139/368 4.8it/s 29.4s<47.9s
[K       6/10      2.89G      1.767       1.32      1.428          5       1024: 38% ━━━━╸─────── 140/368 5.1it/s 29.6s<44.9s
[K       6/10      2.89G      1.767       1.32      1.427          5       1024: 38% ━━━━╸─────── 141/368 4.7it/s 29.9s<47.9s
[K       6/10      2.89G      1.768      1.326       1.43          6       1024: 38% ━━━━╸─────── 142/368 4.9it/s 30.0s<45.7s
[K       6/10      2.89G      1.766      1.329      1.429          5       1024: 38% ━━━━╸─────── 143/368 4.7it/s 30.3s<48.2s
[K       6/10      2.89G      1.768      1.333      1.433          6       1024: 39% ━━━━╸─────── 144/368 4.8it/s 30.5s<46.4s
[K       6/10      2.89G      1.769       1.33      1.432          7       1024: 39% ━━━━╸─────── 145/368 4.6it/s 30.7s<48.2s
[K       6/10      2.89G      1.767      1.328      1.431          7       1024: 39% ━━━━╸─────── 146/368 4.9it/s 30.9s<45.1s
[K       6/10      2.89G      1.766      1.326      1.431          8       1024: 39% ━━━━╸─────── 147/368 4.6it/s 31.2s<47.6s
[K       6/10      2.89G      1.766      1.323       1.43          4       1024: 40% ━━━━╸─────── 148/368 5.0it/s 31.3s<44.0s
[K       6/10      2.89G      1.765      1.324      1.433          4       1024: 40% ━━━━╸─────── 149/368 4.7it/s 31.6s<46.4s
[K       6/10      2.89G      1.763      1.325      1.433          6       1024: 40% ━━━━╸─────── 150/368 5.0it/s 31.7s<43.3s
[K       6/10      2.89G      1.765      1.325      1.434          4       1024: 41% ━━━━╸─────── 151/368 4.8it/s 32.0s<45.5s
[K       6/10      2.89G      1.766      1.327      1.435          5       1024: 41% ━━━━╸─────── 152/368 5.0it/s 32.2s<43.3s
[K       6/10      2.89G      1.766      1.324      1.433          9       1024: 41% ━━━━╸─────── 153/368 4.7it/s 32.4s<45.3s
[K       6/10      2.89G      1.766      1.323      1.435          4       1024: 41% ━━━━━─────── 154/368 5.0it/s 32.6s<42.6s
[K       6/10      2.89G      1.768      1.327      1.439         13       1024: 42% ━━━━━─────── 155/368 4.7it/s 32.8s<45.3s
[K       6/10      2.89G       1.77      1.328      1.443         10       1024: 42% ━━━━━─────── 156/368 5.0it/s 33.0s<42.7s
[K       6/10      2.89G      1.772      1.331      1.447          5       1024: 42% ━━━━━─────── 157/368 4.7it/s 33.3s<45.1s
[K       6/10      2.89G      1.774      1.332      1.445          4       1024: 42% ━━━━━─────── 158/368 5.0it/s 33.4s<42.4s
[K       6/10      2.89G      1.774      1.332      1.445          7       1024: 43% ━━━━━─────── 159/368 4.7it/s 33.7s<44.3s
[K       6/10      2.89G      1.772      1.329      1.444         10       1024: 43% ━━━━━─────── 160/368 4.9it/s 33.9s<42.2s
[K       6/10      2.89G       1.77      1.327      1.442          5       1024: 43% ━━━━━─────── 161/368 4.7it/s 34.1s<44.2s
[K       6/10      2.89G      1.769      1.324      1.441          5       1024: 44% ━━━━━─────── 162/368 4.9it/s 34.3s<41.9s
[K       6/10      2.89G      1.768      1.325      1.444          4       1024: 44% ━━━━━─────── 163/368 4.7it/s 34.5s<43.8s
[K       6/10      2.89G      1.775       1.33      1.445          4       1024: 44% ━━━━━─────── 164/368 4.9it/s 34.7s<41.3s
[K       6/10      2.89G      1.775      1.331      1.445         12       1024: 44% ━━━━━─────── 165/368 4.7it/s 35.0s<42.9s
[K       6/10      2.89G      1.777      1.334      1.446          5       1024: 45% ━━━━━─────── 166/368 5.0it/s 35.1s<40.2s
[K       6/10      2.89G      1.777      1.333      1.444          4       1024: 45% ━━━━━─────── 167/368 4.8it/s 35.4s<41.9s
[K       6/10      2.89G      1.778      1.334      1.446         12       1024: 45% ━━━━━─────── 168/368 5.1it/s 35.5s<39.3s
[K       6/10      2.89G      1.777      1.334      1.445          5       1024: 45% ━━━━━╸────── 169/368 4.8it/s 35.8s<41.1s
[K       6/10      2.89G      1.776      1.332      1.445          8       1024: 46% ━━━━━╸────── 170/368 5.1it/s 35.9s<38.8s
[K       6/10      2.89G      1.776      1.331      1.445          8       1024: 46% ━━━━━╸────── 171/368 4.8it/s 36.2s<40.8s
[K       6/10      2.89G      1.778      1.333      1.447         11       1024: 46% ━━━━━╸────── 172/368 5.1it/s 36.4s<38.2s
[K       6/10      2.89G      1.774       1.33      1.444          5       1024: 47% ━━━━━╸────── 173/368 4.9it/s 36.6s<39.8s
[K       6/10      2.89G      1.773       1.33      1.444          5       1024: 47% ━━━━━╸────── 174/368 5.3it/s 36.7s<36.9s
[K       6/10      2.89G      1.773       1.33      1.444          4       1024: 47% ━━━━━╸────── 175/368 4.9it/s 37.0s<39.2s
[K       6/10      2.89G      1.774      1.332      1.445          6       1024: 47% ━━━━━╸────── 176/368 5.2it/s 37.2s<37.0s
[K       6/10      2.89G      1.774      1.332      1.445         11       1024: 48% ━━━━━╸────── 177/368 5.0it/s 37.4s<38.2s
[K       6/10      2.89G      1.775      1.336      1.448          9       1024: 48% ━━━━━╸────── 178/368 5.2it/s 37.5s<36.2s
[K       6/10      2.89G      1.774      1.336      1.449          8       1024: 48% ━━━━━╸────── 179/368 5.0it/s 37.8s<38.2s
[K       6/10      2.89G      1.776       1.34       1.45          9       1024: 48% ━━━━━╸────── 180/368 5.2it/s 38.0s<36.2s
[K       6/10      2.89G      1.775       1.34      1.449          7       1024: 49% ━━━━━╸────── 181/368 4.9it/s 38.2s<38.5s
[K       6/10      2.89G      1.774      1.336      1.449          5       1024: 49% ━━━━━╸────── 182/368 5.0it/s 38.4s<37.0s
[K       6/10      2.89G      1.774      1.334      1.447          5       1024: 49% ━━━━━╸────── 183/368 4.7it/s 38.6s<39.1s
[K       6/10      2.89G      1.774      1.333      1.447          5       1024: 50% ━━━━━━────── 184/368 5.0it/s 38.8s<36.8s
[K       6/10      2.89G      1.773      1.332      1.447          8       1024: 50% ━━━━━━────── 185/368 4.7it/s 39.1s<38.8s
[K       6/10      2.89G      1.772       1.33      1.447          4       1024: 50% ━━━━━━────── 186/368 4.9it/s 39.2s<37.3s
[K       6/10      2.89G      1.773      1.329      1.447          7       1024: 50% ━━━━━━────── 187/368 4.6it/s 39.5s<39.0s
[K       6/10      2.89G      1.773      1.327      1.446          8       1024: 51% ━━━━━━────── 188/368 4.9it/s 39.7s<36.8s
[K       6/10      2.89G      1.774      1.326      1.446          5       1024: 51% ━━━━━━────── 189/368 4.6it/s 39.9s<38.7s
[K       6/10      2.89G      1.774      1.325      1.446          8       1024: 51% ━━━━━━────── 190/368 4.9it/s 40.1s<36.5s
[K       6/10      2.89G      1.773      1.324      1.445          5       1024: 51% ━━━━━━────── 191/368 4.7it/s 40.4s<38.1s
[K       6/10      2.89G      1.774      1.325      1.446          4       1024: 52% ━━━━━━────── 192/368 4.9it/s 40.5s<36.2s
[K       6/10      2.89G      1.774      1.323      1.446          5       1024: 52% ━━━━━━────── 193/368 4.7it/s 40.8s<37.1s
[K       6/10      2.89G      1.774      1.324      1.444          9       1024: 52% ━━━━━━────── 194/368 5.1it/s 40.9s<34.4s
[K       6/10      2.89G      1.773      1.322      1.443          5       1024: 52% ━━━━━━────── 195/368 4.8it/s 41.2s<36.2s
[K       6/10      2.89G      1.772      1.321      1.444         10       1024: 53% ━━━━━━────── 196/368 5.1it/s 41.4s<33.9s
[K       6/10      2.89G      1.771      1.319      1.442          5       1024: 53% ━━━━━━────── 197/368 4.8it/s 41.6s<35.8s
[K       6/10      2.89G      1.771      1.321      1.443          9       1024: 53% ━━━━━━────── 198/368 5.1it/s 41.8s<33.7s
[K       6/10      2.89G      1.769      1.319      1.442          4       1024: 54% ━━━━━━────── 199/368 4.8it/s 42.0s<35.1s
[K       6/10      2.89G      1.769      1.318       1.44          7       1024: 54% ━━━━━━╸───── 200/368 5.0it/s 42.2s<33.3s
[K       6/10      2.89G      1.769      1.317       1.44          4       1024: 54% ━━━━━━╸───── 201/368 4.7it/s 42.4s<35.5s
[K       6/10      2.89G      1.769      1.316      1.441          4       1024: 54% ━━━━━━╸───── 202/368 5.0it/s 42.6s<33.3s
[K       6/10      2.89G      1.769      1.315      1.442          5       1024: 55% ━━━━━━╸───── 203/368 4.7it/s 42.9s<35.2s
[K       6/10      2.89G       1.77      1.315      1.442          7       1024: 55% ━━━━━━╸───── 204/368 4.9it/s 43.1s<33.7s
[K       6/10      2.89G      1.768      1.314      1.441          5       1024: 55% ━━━━━━╸───── 205/368 4.6it/s 43.3s<35.3s
[K       6/10      2.89G      1.769      1.313       1.44          4       1024: 55% ━━━━━━╸───── 206/368 4.8it/s 43.5s<33.4s
[K       6/10      2.89G      1.769      1.316      1.441          5       1024: 56% ━━━━━━╸───── 207/368 4.6it/s 43.7s<35.1s
[K       6/10      2.89G      1.769      1.318      1.441          5       1024: 56% ━━━━━━╸───── 208/368 4.9it/s 43.9s<32.6s
[K       6/10      2.89G      1.769      1.318      1.441          5       1024: 56% ━━━━━━╸───── 209/368 4.6it/s 44.2s<34.3s
[K       6/10      2.89G      1.769      1.318      1.442          8       1024: 57% ━━━━━━╸───── 210/368 5.0it/s 44.3s<31.8s
[K       6/10      2.89G       1.77      1.319      1.443          7       1024: 57% ━━━━━━╸───── 211/368 4.7it/s 44.6s<33.2s
[K       6/10      2.89G       1.77      1.318      1.443         12       1024: 57% ━━━━━━╸───── 212/368 5.0it/s 44.8s<31.1s
[K       6/10      2.89G       1.77      1.317      1.443          5       1024: 57% ━━━━━━╸───── 213/368 4.8it/s 45.0s<32.6s
[K       6/10      2.89G       1.77      1.315      1.443          5       1024: 58% ━━━━━━╸───── 214/368 5.0it/s 45.2s<30.5s
[K       6/10      2.89G      1.769      1.313      1.442          4       1024: 58% ━━━━━━━───── 215/368 4.8it/s 45.4s<32.0s
[K       6/10      2.89G       1.77      1.312      1.441          5       1024: 58% ━━━━━━━───── 216/368 5.0it/s 45.6s<30.2s
[K       6/10      2.89G      1.771      1.313      1.443          5       1024: 58% ━━━━━━━───── 217/368 4.7it/s 45.9s<32.4s
[K       6/10      2.89G      1.772      1.315      1.445          6       1024: 59% ━━━━━━━───── 218/368 4.9it/s 46.0s<30.4s
[K       6/10      2.89G      1.774      1.316      1.445         13       1024: 59% ━━━━━━━───── 219/368 4.7it/s 46.3s<32.0s
[K       6/10      2.89G      1.773      1.315      1.445          4       1024: 59% ━━━━━━━───── 220/368 4.9it/s 46.5s<30.1s
[K       6/10      2.89G      1.776      1.316      1.447         12       1024: 60% ━━━━━━━───── 221/368 4.7it/s 46.7s<31.5s
[K       6/10      2.89G      1.776      1.317      1.446          5       1024: 60% ━━━━━━━───── 222/368 4.9it/s 46.9s<29.8s
[K       6/10      2.89G      1.776      1.315      1.446          4       1024: 60% ━━━━━━━───── 223/368 4.8it/s 47.1s<30.5s
[K       6/10      2.89G      1.777      1.313      1.446          5       1024: 60% ━━━━━━━───── 224/368 5.1it/s 47.3s<28.2s
[K       6/10      2.89G      1.777      1.314      1.446          9       1024: 61% ━━━━━━━───── 225/368 4.8it/s 47.5s<29.6s
[K       6/10      2.89G      1.779      1.315      1.447          4       1024: 61% ━━━━━━━───── 226/368 5.1it/s 47.7s<28.0s
[K       6/10      2.89G      1.779      1.314      1.447          7       1024: 61% ━━━━━━━───── 227/368 4.7it/s 48.0s<30.0s
[K       6/10      2.89G       1.78      1.315      1.448         13       1024: 61% ━━━━━━━───── 228/368 5.0it/s 48.1s<27.9s
[K       6/10      2.89G      1.779      1.313      1.446          7       1024: 62% ━━━━━━━───── 229/368 4.8it/s 48.4s<29.2s
[K       6/10      2.89G      1.781      1.314      1.445          4       1024: 62% ━━━━━━━───── 230/368 5.0it/s 48.6s<27.4s
[K       6/10      2.89G      1.781      1.313      1.445          7       1024: 62% ━━━━━━━╸──── 231/368 4.8it/s 48.8s<28.8s
[K       6/10      2.89G       1.78      1.311      1.445          6       1024: 63% ━━━━━━━╸──── 232/368 5.0it/s 49.0s<27.1s
[K       6/10      2.89G       1.78      1.312      1.445          5       1024: 63% ━━━━━━━╸──── 233/368 4.7it/s 49.2s<28.7s
[K       6/10      2.89G      1.778      1.311      1.444          5       1024: 63% ━━━━━━━╸──── 234/368 5.0it/s 49.4s<26.9s
[K       6/10      2.89G      1.777       1.31      1.444          4       1024: 63% ━━━━━━━╸──── 235/368 4.7it/s 49.7s<28.3s
[K       6/10      2.89G      1.776      1.308      1.443          4       1024: 64% ━━━━━━━╸──── 236/368 5.0it/s 49.8s<26.3s
[K       6/10      2.89G      1.776       1.31      1.441          9       1024: 64% ━━━━━━━╸──── 237/368 4.7it/s 50.1s<27.8s
[K       6/10      2.89G      1.776      1.309      1.441          8       1024: 64% ━━━━━━━╸──── 238/368 4.9it/s 50.3s<26.6s
[K       6/10      2.89G      1.776      1.308      1.441          7       1024: 64% ━━━━━━━╸──── 239/368 4.7it/s 50.5s<27.5s
[K       6/10      2.89G      1.775      1.308       1.44          5       1024: 65% ━━━━━━━╸──── 240/368 4.9it/s 50.7s<26.1s
[K       6/10      2.89G      1.775      1.308       1.44          5       1024: 65% ━━━━━━━╸──── 241/368 4.7it/s 50.9s<27.2s
[K       6/10      2.89G      1.776       1.31      1.443          4       1024: 65% ━━━━━━━╸──── 242/368 4.9it/s 51.1s<25.5s
[K       6/10      2.89G      1.774      1.309      1.444          4       1024: 66% ━━━━━━━╸──── 243/368 4.7it/s 51.4s<26.6s
[K       6/10      2.89G      1.773      1.308      1.443          6       1024: 66% ━━━━━━━╸──── 244/368 4.9it/s 51.5s<25.4s
[K       6/10      2.89G      1.773      1.312      1.445          5       1024: 66% ━━━━━━━╸──── 245/368 4.7it/s 51.8s<26.3s
[K       6/10      2.89G      1.774       1.31      1.444          5       1024: 66% ━━━━━━━━──── 246/368 5.0it/s 52.0s<24.4s
[K       6/10      2.89G      1.772      1.308      1.443          5       1024: 67% ━━━━━━━━──── 247/368 4.8it/s 52.2s<25.4s
[K       6/10      2.89G      1.772      1.309      1.444         13       1024: 67% ━━━━━━━━──── 248/368 5.0it/s 52.4s<23.8s
[K       6/10      2.89G      1.771       1.31      1.444          7       1024: 67% ━━━━━━━━──── 249/368 4.8it/s 52.6s<25.0s
[K       6/10      2.89G      1.771      1.308      1.444          4       1024: 67% ━━━━━━━━──── 250/368 5.0it/s 52.8s<23.4s
[K       6/10      2.89G       1.77      1.307      1.443          5       1024: 68% ━━━━━━━━──── 251/368 4.7it/s 53.0s<25.0s
[K       6/10      2.89G      1.771      1.307      1.442          5       1024: 68% ━━━━━━━━──── 252/368 5.0it/s 53.2s<23.2s
[K       6/10      2.89G      1.773      1.309      1.445          5       1024: 68% ━━━━━━━━──── 253/368 4.7it/s 53.5s<24.3s
[K       6/10      2.89G      1.774      1.312      1.447         10       1024: 69% ━━━━━━━━──── 254/368 4.9it/s 53.7s<23.4s
[K       6/10      2.89G      1.774      1.311      1.446          6       1024: 69% ━━━━━━━━──── 255/368 4.6it/s 53.9s<24.4s
[K       6/10      2.89G      1.775      1.311      1.447          9       1024: 69% ━━━━━━━━──── 256/368 4.8it/s 54.1s<23.3s
[K       6/10      2.89G      1.775      1.312      1.446          9       1024: 69% ━━━━━━━━──── 257/368 4.6it/s 54.3s<24.0s
[K       6/10      2.89G      1.773      1.311      1.445          5       1024: 70% ━━━━━━━━──── 258/368 4.9it/s 54.5s<22.3s
[K       6/10      2.89G      1.773       1.31      1.445          4       1024: 70% ━━━━━━━━──── 259/368 4.7it/s 54.7s<23.1s
[K       6/10      2.89G      1.774      1.311      1.446         21       1024: 70% ━━━━━━━━──── 260/368 5.0it/s 54.9s<21.5s
[K       6/10      2.89G      1.774       1.31      1.446          7       1024: 70% ━━━━━━━━╸─── 261/368 4.8it/s 55.2s<22.3s
[K       6/10      2.89G      1.775      1.312      1.446          5       1024: 71% ━━━━━━━━╸─── 262/368 5.0it/s 55.3s<21.1s
[K       6/10      2.89G      1.774      1.311      1.445          5       1024: 71% ━━━━━━━━╸─── 263/368 4.8it/s 55.6s<21.9s
[K       6/10      2.89G      1.774      1.313      1.445          6       1024: 71% ━━━━━━━━╸─── 264/368 5.1it/s 55.7s<20.4s
[K       6/10      2.89G      1.774      1.312      1.445          5       1024: 72% ━━━━━━━━╸─── 265/368 4.9it/s 56.0s<21.0s
[K       6/10      2.89G      1.773      1.311      1.444          8       1024: 72% ━━━━━━━━╸─── 266/368 5.1it/s 56.1s<19.8s
[K       6/10      2.89G      1.773       1.31      1.444          5       1024: 72% ━━━━━━━━╸─── 267/368 4.8it/s 56.4s<20.8s
[K       6/10      2.89G      1.775       1.31      1.444          5       1024: 72% ━━━━━━━━╸─── 268/368 5.2it/s 56.6s<19.4s
[K       6/10      2.89G      1.777       1.31      1.445          7       1024: 73% ━━━━━━━━╸─── 269/368 4.9it/s 56.8s<20.0s
[K       6/10      2.89G      1.777      1.309      1.444          6       1024: 73% ━━━━━━━━╸─── 270/368 5.2it/s 57.0s<19.0s
[K       6/10      2.89G      1.778      1.309      1.444          5       1024: 73% ━━━━━━━━╸─── 271/368 4.9it/s 57.2s<19.9s
[K       6/10      2.89G       1.78      1.309      1.445          7       1024: 73% ━━━━━━━━╸─── 272/368 5.1it/s 57.4s<18.7s
[K       6/10      2.89G      1.778      1.309      1.445         11       1024: 74% ━━━━━━━━╸─── 273/368 4.8it/s 57.6s<19.7s
[K       6/10      2.89G      1.779      1.309      1.445          9       1024: 74% ━━━━━━━━╸─── 274/368 5.1it/s 57.8s<18.4s
[K       6/10      2.89G       1.78      1.312      1.446          5       1024: 74% ━━━━━━━━╸─── 275/368 4.8it/s 58.0s<19.4s
[K       6/10      2.89G      1.781      1.313      1.447          6       1024: 75% ━━━━━━━━━─── 276/368 5.0it/s 58.2s<18.3s
[K       6/10      2.89G      1.779      1.311      1.446          4       1024: 75% ━━━━━━━━━─── 277/368 4.8it/s 58.4s<19.0s
[K       6/10      2.89G      1.778       1.31      1.445          5       1024: 75% ━━━━━━━━━─── 278/368 5.1it/s 58.6s<17.7s
[K       6/10      2.89G      1.777      1.309      1.443          8       1024: 75% ━━━━━━━━━─── 279/368 4.9it/s 58.9s<18.3s
[K       6/10      2.89G      1.778      1.309      1.445          5       1024: 76% ━━━━━━━━━─── 280/368 5.0it/s 59.0s<17.5s
[K       6/10      2.89G      1.778       1.31      1.447          5       1024: 76% ━━━━━━━━━─── 281/368 4.7it/s 59.3s<18.4s
[K       6/10      2.89G      1.777       1.31      1.448          6       1024: 76% ━━━━━━━━━─── 282/368 5.0it/s 59.5s<17.3s
[K       6/10      2.89G      1.778      1.312       1.45          9       1024: 76% ━━━━━━━━━─── 283/368 4.7it/s 59.7s<17.9s
[K       6/10      2.89G      1.779      1.313      1.448          8       1024: 77% ━━━━━━━━━─── 284/368 4.9it/s 59.9s<17.0s
[K       6/10      2.89G      1.779      1.315      1.448         10       1024: 77% ━━━━━━━━━─── 285/368 4.7it/s 1:00<17.8s
[K       6/10      2.89G      1.779      1.315      1.447          5       1024: 77% ━━━━━━━━━─── 286/368 4.9it/s 1:00<16.6s
[K       6/10      2.89G      1.779      1.314      1.448          4       1024: 77% ━━━━━━━━━─── 287/368 4.7it/s 1:01<17.3s
[K       6/10      2.89G       1.78      1.316      1.449          8       1024: 78% ━━━━━━━━━─── 288/368 4.9it/s 1:01<16.2s
[K       6/10      2.89G       1.78      1.316      1.449          5       1024: 78% ━━━━━━━━━─── 289/368 4.7it/s 1:01<16.8s
[K       6/10      2.89G       1.78      1.318      1.451          8       1024: 78% ━━━━━━━━━─── 290/368 5.0it/s 1:01<15.6s
[K       6/10      2.89G      1.781      1.318      1.451          7       1024: 79% ━━━━━━━━━─── 291/368 4.7it/s 1:01<16.2s
[K       6/10      2.89G       1.78      1.317      1.451          5       1024: 79% ━━━━━━━━━╸── 292/368 4.9it/s 1:02<15.5s
[K       6/10      2.89G       1.78      1.317       1.45          6       1024: 79% ━━━━━━━━━╸── 293/368 4.7it/s 1:02<16.1s
[K       6/10      2.89G      1.781      1.319      1.452          9       1024: 79% ━━━━━━━━━╸── 294/368 4.9it/s 1:02<15.0s
[K       6/10      2.89G      1.781      1.318      1.451          9       1024: 80% ━━━━━━━━━╸── 295/368 4.7it/s 1:02<15.4s
[K       6/10      2.89G       1.78      1.317      1.452          4       1024: 80% ━━━━━━━━━╸── 296/368 5.0it/s 1:02<14.4s
[K       6/10      2.89G      1.779      1.316      1.452          5       1024: 80% ━━━━━━━━━╸── 297/368 4.9it/s 1:03<14.5s
[K       6/10      2.89G      1.781      1.321      1.454          5       1024: 80% ━━━━━━━━━╸── 298/368 5.1it/s 1:03<13.8s
[K       6/10      2.89G      1.781      1.322      1.456          7       1024: 81% ━━━━━━━━━╸── 299/368 4.8it/s 1:03<14.4s
[K       6/10      2.89G       1.78      1.321      1.455          7       1024: 81% ━━━━━━━━━╸── 300/368 5.0it/s 1:03<13.7s
[K       6/10      2.89G      1.781      1.323      1.457          7       1024: 81% ━━━━━━━━━╸── 301/368 4.7it/s 1:04<14.4s
[K       6/10      2.89G      1.781      1.323      1.457          9       1024: 82% ━━━━━━━━━╸── 302/368 4.9it/s 1:04<13.5s
[K       6/10      2.89G      1.781      1.322      1.457          9       1024: 82% ━━━━━━━━━╸── 303/368 4.7it/s 1:04<13.8s
[K       6/10      2.89G       1.78      1.321      1.455          5       1024: 82% ━━━━━━━━━╸── 304/368 4.9it/s 1:04<13.1s
[K       6/10      2.89G      1.781      1.321      1.455          8       1024: 82% ━━━━━━━━━╸── 305/368 4.8it/s 1:04<13.0s
[K       6/10      2.89G      1.781       1.32      1.455          6       1024: 83% ━━━━━━━━━╸── 306/368 5.1it/s 1:04<12.1s
[K       6/10      2.89G      1.782      1.319      1.454          5       1024: 83% ━━━━━━━━━━── 307/368 4.8it/s 1:05<12.7s
[K       6/10      2.89G      1.781       1.32      1.454          7       1024: 83% ━━━━━━━━━━── 308/368 5.0it/s 1:05<12.0s
[K       6/10      2.89G      1.782       1.32      1.454          4       1024: 83% ━━━━━━━━━━── 309/368 4.9it/s 1:05<12.1s
[K       6/10      2.89G      1.783      1.321      1.454          5       1024: 84% ━━━━━━━━━━── 310/368 5.1it/s 1:05<11.3s
[K       6/10      2.89G      1.781      1.321      1.454          5       1024: 84% ━━━━━━━━━━── 311/368 4.8it/s 1:06<11.9s
[K       6/10      2.89G      1.782      1.323      1.454          6       1024: 84% ━━━━━━━━━━── 312/368 5.1it/s 1:06<11.0s
[K       6/10      2.89G      1.783      1.325      1.457          8       1024: 85% ━━━━━━━━━━── 313/368 4.8it/s 1:06<11.4s
[K       6/10      2.89G      1.783      1.324      1.456          8       1024: 85% ━━━━━━━━━━── 314/368 5.1it/s 1:06<10.5s
[K       6/10      2.89G      1.783      1.322      1.456          4       1024: 85% ━━━━━━━━━━── 315/368 4.8it/s 1:06<11.0s
[K       6/10      2.89G      1.783      1.322      1.456          4       1024: 85% ━━━━━━━━━━── 316/368 5.1it/s 1:07<10.2s
[K       6/10      2.89G      1.783      1.321      1.455          7       1024: 86% ━━━━━━━━━━── 317/368 4.8it/s 1:07<10.6s
[K       6/10      2.89G      1.782       1.32      1.455          9       1024: 86% ━━━━━━━━━━── 318/368 5.1it/s 1:07<9.8s
[K       6/10      2.89G      1.782      1.319      1.456          4       1024: 86% ━━━━━━━━━━── 319/368 4.8it/s 1:07<10.3s
[K       6/10      2.89G      1.783      1.319      1.457         11       1024: 86% ━━━━━━━━━━── 320/368 5.1it/s 1:07<9.5s
[K       6/10      2.89G      1.783      1.319      1.456          5       1024: 87% ━━━━━━━━━━── 321/368 4.7it/s 1:08<9.9s
[K       6/10      2.89G      1.783      1.318      1.455          6       1024: 87% ━━━━━━━━━━── 322/368 5.0it/s 1:08<9.2s
[K       6/10      2.89G      1.784      1.319      1.456          5       1024: 87% ━━━━━━━━━━╸─ 323/368 4.7it/s 1:08<9.6s
[K       6/10      2.89G      1.784      1.321      1.456          8       1024: 88% ━━━━━━━━━━╸─ 324/368 4.9it/s 1:08<8.9s
[K       6/10      2.89G      1.783      1.319      1.455          5       1024: 88% ━━━━━━━━━━╸─ 325/368 4.7it/s 1:09<9.2s
[K       6/10      2.89G      1.784      1.318      1.455          4       1024: 88% ━━━━━━━━━━╸─ 326/368 4.9it/s 1:09<8.5s
[K       6/10      2.89G      1.784      1.321      1.456         14       1024: 88% ━━━━━━━━━━╸─ 327/368 4.7it/s 1:09<8.8s
[K       6/10      2.89G      1.783       1.32      1.456          6       1024: 89% ━━━━━━━━━━╸─ 328/368 5.0it/s 1:09<8.0s
[K       6/10      2.89G      1.784       1.32      1.457          9       1024: 89% ━━━━━━━━━━╸─ 329/368 4.7it/s 1:09<8.3s
[K       6/10      2.89G      1.786       1.32      1.458         10       1024: 89% ━━━━━━━━━━╸─ 330/368 5.0it/s 1:10<7.6s
[K       6/10      2.89G      1.786       1.32      1.459          9       1024: 89% ━━━━━━━━━━╸─ 331/368 4.8it/s 1:10<7.7s
[K       6/10      2.89G      1.786      1.322      1.459          6       1024: 90% ━━━━━━━━━━╸─ 332/368 5.1it/s 1:10<7.1s
[K       6/10      2.89G      1.787      1.327      1.461          5       1024: 90% ━━━━━━━━━━╸─ 333/368 4.8it/s 1:10<7.3s
[K       6/10      2.89G      1.786      1.326       1.46          4       1024: 90% ━━━━━━━━━━╸─ 334/368 5.1it/s 1:10<6.7s
[K       6/10      2.89G      1.785      1.325       1.46          6       1024: 91% ━━━━━━━━━━╸─ 335/368 4.8it/s 1:11<6.8s
[K       6/10      2.89G      1.785      1.325      1.461          4       1024: 91% ━━━━━━━━━━╸─ 336/368 5.1it/s 1:11<6.3s
[K       6/10      2.89G      1.785      1.325      1.461          9       1024: 91% ━━━━━━━━━━╸─ 337/368 4.8it/s 1:11<6.5s
[K       6/10      2.89G      1.786      1.326      1.462         12       1024: 91% ━━━━━━━━━━━─ 338/368 4.9it/s 1:11<6.1s
[K       6/10      2.89G      1.786      1.327      1.463         12       1024: 92% ━━━━━━━━━━━─ 339/368 4.7it/s 1:11<6.2s
[K       6/10      2.89G      1.785      1.326      1.463          5       1024: 92% ━━━━━━━━━━━─ 340/368 5.0it/s 1:12<5.7s
[K       6/10      2.89G      1.786      1.326      1.463          6       1024: 92% ━━━━━━━━━━━─ 341/368 4.7it/s 1:12<5.8s
[K       6/10      2.89G      1.785      1.325      1.464          4       1024: 92% ━━━━━━━━━━━─ 342/368 4.9it/s 1:12<5.3s
[K       6/10      2.89G      1.785      1.324      1.464          7       1024: 93% ━━━━━━━━━━━─ 343/368 4.7it/s 1:12<5.3s
[K       6/10      2.89G      1.786      1.323      1.464          5       1024: 93% ━━━━━━━━━━━─ 344/368 5.0it/s 1:12<4.8s
[K       6/10      2.89G      1.785      1.322      1.463          7       1024: 93% ━━━━━━━━━━━─ 345/368 4.8it/s 1:13<4.8s
[K       6/10      2.89G      1.785      1.322      1.463          4       1024: 94% ━━━━━━━━━━━─ 346/368 5.0it/s 1:13<4.4s
[K       6/10      2.89G      1.786      1.325      1.466          7       1024: 94% ━━━━━━━━━━━─ 347/368 4.7it/s 1:13<4.4s
[K       6/10      2.89G      1.786      1.324      1.465          7       1024: 94% ━━━━━━━━━━━─ 348/368 5.0it/s 1:13<4.0s
[K       6/10      2.89G      1.786      1.324      1.465          8       1024: 94% ━━━━━━━━━━━─ 349/368 4.7it/s 1:14<4.0s
[K       6/10      2.89G      1.785      1.325      1.465          5       1024: 95% ━━━━━━━━━━━─ 350/368 5.1it/s 1:14<3.6s
[K       6/10      2.89G      1.786      1.326      1.466          7       1024: 95% ━━━━━━━━━━━─ 351/368 4.8it/s 1:14<3.5s
[K       6/10      2.89G      1.787      1.327      1.466         13       1024: 95% ━━━━━━━━━━━─ 352/368 5.1it/s 1:14<3.2s
[K       6/10      2.89G      1.787      1.327      1.466          4       1024: 95% ━━━━━━━━━━━╸ 353/368 4.8it/s 1:14<3.1s
[K       6/10      2.89G      1.788      1.328      1.466          6       1024: 96% ━━━━━━━━━━━╸ 354/368 5.1it/s 1:15<2.8s
[K       6/10      2.89G      1.788      1.326      1.466          4       1024: 96% ━━━━━━━━━━━╸ 355/368 4.8it/s 1:15<2.7s
[K       6/10      2.89G      1.786      1.325      1.465          5       1024: 96% ━━━━━━━━━━━╸ 356/368 5.1it/s 1:15<2.4s
[K       6/10      2.89G      1.786      1.325      1.466          8       1024: 97% ━━━━━━━━━━━╸ 357/368 4.8it/s 1:15<2.3s
[K       6/10      2.89G      1.786      1.327      1.466          8       1024: 97% ━━━━━━━━━━━╸ 358/368 5.0it/s 1:15<2.0s
[K       6/10      2.89G      1.787      1.327      1.467          7       1024: 97% ━━━━━━━━━━━╸ 359/368 4.7it/s 1:16<1.9s
[K       6/10      2.89G      1.785      1.327      1.466          4       1024: 97% ━━━━━━━━━━━╸ 360/368 5.0it/s 1:16<1.6s
[K       6/10      2.89G      1.785      1.326      1.466         10       1024: 98% ━━━━━━━━━━━╸ 361/368 4.7it/s 1:16<1.5s
[K       6/10      2.89G      1.784      1.325      1.465          7       1024: 98% ━━━━━━━━━━━╸ 362/368 5.0it/s 1:16<1.2s
[K       6/10      2.89G      1.785      1.325      1.465          6       1024: 98% ━━━━━━━━━━━╸ 363/368 4.7it/s 1:16<1.1s
[K       6/10      2.89G      1.785      1.324      1.464          5       1024: 98% ━━━━━━━━━━━╸ 364/368 5.0it/s 1:17<0.8s
[K       6/10      2.89G      1.784      1.324      1.465          4       1024: 99% ━━━━━━━━━━━╸ 365/368 4.7it/s 1:17<0.6s
[K       6/10      2.89G      1.784      1.325      1.465          7       1024: 99% ━━━━━━━━━━━╸ 366/368 4.9it/s 1:17<0.4s
[K       6/10      2.89G      1.783      1.325      1.465         10       1024: 99% ━━━━━━━━━━━╸ 367/368 4.7it/s 1:17<0.2s
[K       6/10      2.89G      1.783      1.325      1.465         10       1024: 100% ━━━━━━━━━━━━ 368/368 4.8it/s 1:17

[K                 Class     Images  Instances      Box(P          R      mAP50  mAP50-95): 2% ──────────── 1/35 2.5it/s 0.1s<13.5s
[K                 Class     Images  Instances      Box(P          R      mAP50  mAP50-95): 5% ╸─────────── 2/35 4.3it/s 0.2s<7.7s
[K                 Class     Images  Instances      Box(P          R      mAP50  mAP50-95): 8% ━─────────── 3/35 5.4it/s 0.4s<5.9s
[K                 Class     Images  Instances      Box(P          R      mAP50  mAP50-95): 11% ━─────────── 4/35 6.2it/s 0.5s<5.0s
[K                 Class     Images  Instances      Box(P          R      mAP50  mAP50-95): 14% ━╸────────── 5/35 6.9it/s 0.6s<4.3s
[K                 Class     Images  Instances      Box(P          R      mAP50  mAP50-95): 17% ━━────────── 6/35 7.3it/s 0.7s<4.0s
[K                 Class     Images  Instances      Box(P          R      mAP50  mAP50-95): 20% ━━────────── 7/35 7.5it/s 0.9s<3.8s
[K                 Class     Images  Instances      Box(P          R      mAP50  mAP50-95): 22% ━━╸───────── 8/35 7.8it/s 1.0s<3.4s
[K                 Class     Images  Instances      Box(P          R      mAP50  mAP50-95): 25% ━━━───────── 9/35 7.9it/s 1.1s<3.3s
[K                 Class     Images  Instances      Box(P          R      mAP50  mAP50-95): 28% ━━━───────── 10/35 7.9it/s 1.2s<3.1s
[K                 Class     Images  Instances      Box(P          R      mAP50  mAP50-95): 31% ━━━╸──────── 11/35 8.0it/s 1.3s<3.0s
[K                 Class     Images  Instances      Box(P          R      mAP50  mAP50-95): 34% ━━━━──────── 12/35 8.0it/s 1.5s<2.9s
[K                 Class     Images  Instances      Box(P          R      mAP50  mAP50-95): 37% ━━━━──────── 13/35 8.2it/s 1.6s<2.7s
[K                 Class     Images  Instances      Box(P          R      mAP50  mAP50-95): 40% ━━━━╸─────── 14/35 8.1it/s 1.7s<2.6s
[K                 Class     Images  Instances      Box(P          R      mAP50  mAP50-95): 42% ━━━━━─────── 15/35 8.1it/s 1.8s<2.5s
[K                 Class     Images  Instances      Box(P          R      mAP50  mAP50-95): 45% ━━━━━─────── 16/35 8.1it/s 2.0s<2.4s
[K                 Class     Images  Instances      Box(P          R      mAP50  mAP50-95): 48% ━━━━━╸────── 17/35 8.1it/s 2.1s<2.2s
[K                 Class     Images  Instances      Box(P          R      mAP50  mAP50-95): 51% ━━━━━━────── 18/35 8.1it/s 2.2s<2.1s
[K                 Class     Images  Instances      Box(P          R      mAP50  mAP50-95): 54% ━━━━━━╸───── 19/35 8.1it/s 2.3s<2.0s
[K                 Class     Images  Instances      Box(P          R      mAP50  mAP50-95): 57% ━━━━━━╸───── 20/35 8.1it/s 2.5s<1.9s
[K                 Class     Images  Instances      Box(P          R      mAP50  mAP50-95): 60% ━━━━━━━───── 21/35 8.1it/s 2.6s<1.7s
[K                 Class     Images  Instances      Box(P          R      mAP50  mAP50-95): 62% ━━━━━━━╸──── 22/35 8.1it/s 2.7s<1.6s
[K                 Class     Images  Instances      Box(P          R      mAP50  mAP50-95): 65% ━━━━━━━╸──── 23/35 8.1it/s 2.8s<1.5s
[K                 Class     Images  Instances      Box(P          R      mAP50  mAP50-95): 68% ━━━━━━━━──── 24/35 8.1it/s 2.9s<1.4s
[K                 Class     Images  Instances      Box(P          R      mAP50  mAP50-95): 71% ━━━━━━━━╸─── 25/35 8.0it/s 3.1s<1.2s
[K                 Class     Images  Instances      Box(P          R      mAP50  mAP50-95): 74% ━━━━━━━━╸─── 26/35 8.0it/s 3.2s<1.1s
[K                 Class     Images  Instances      Box(P          R      mAP50  mAP50-95): 77% ━━━━━━━━━─── 27/35 8.1it/s 3.3s<1.0s
[K                 Class     Images  Instances      Box(P          R      mAP50  mAP50-95): 80% ━━━━━━━━━╸── 28/35 8.1it/s 3.4s<0.9s
[K                 Class     Images  Instances      Box(P          R      mAP50  mAP50-95): 82% ━━━━━━━━━╸── 29/35 8.3it/s 3.6s<0.7s
[K                 Class     Images  Instances      Box(P          R      mAP50  mAP50-95): 85% ━━━━━━━━━━── 30/35 8.4it/s 3.7s<0.6s
[K                 Class     Images  Instances      Box(P          R      mAP50  mAP50-95): 88% ━━━━━━━━━━╸─ 31/35 8.3it/s 3.8s<0.5s
[K                 Class     Images  Instances      Box(P          R      mAP50  mAP50-95): 91% ━━━━━━━━━━╸─ 32/35 8.4it/s 3.9s<0.4s
[K                 Class     Images  Instances      Box(P          R      mAP50  mAP50-95): 94% ━━━━━━━━━━━─ 33/35 8.6it/s 4.0s<0.2s
[K                 Class     Images  Instances      Box(P          R      mAP50  mAP50-95): 97% ━━━━━━━━━━━╸ 34/35 8.6it/s 4.1s<0.1s
[K                 Class     Images  Instances      Box(P          R      mAP50  mAP50-95): 100% ━━━━━━━━━━━━ 35/35 8.4it/s 4.2s
                   all        275        480       0.73      0.598      0.656      0.306
WAFER_EPOCH 6/10 calls=1196 map=0.30585

      Epoch    GPU_mem   box_loss   cls_loss   dfl_loss  Instances       Size

[K       7/10      2.89G      1.509      1.155      1.184          9       1024: 0% ──────────── 0/368  0.2s
[K       7/10      2.89G      1.572      1.119      1.131          7       1024: 0% ──────────── 1/368 1.2it/s 0.4s<5:09
[K       7/10      2.89G      1.612      1.064      1.254          5       1024: 0% ──────────── 2/368 2.4it/s 0.6s<2:30
[K       7/10      2.89G      1.727      1.039        1.3          5       1024: 0% ──────────── 3/368 2.9it/s 0.9s<2:04
[K       7/10      2.89G      1.762      0.996      1.315          6       1024: 1% ──────────── 4/368 3.8it/s 1.0s<1:36
[K       7/10      2.89G      1.745      1.002      1.398          7       1024: 1% ──────────── 5/368 3.9it/s 1.3s<1:33
[K       7/10      2.89G      1.733      1.065       1.43          8       1024: 1% ──────────── 6/368 4.4it/s 1.4s<1:22
[K       7/10      2.89G      1.722      1.108      1.389          5       1024: 1% ──────────── 7/368 4.4it/s 1.7s<1:22
[K       7/10      2.89G      1.737       1.13      1.367          7       1024: 2% ──────────── 8/368 4.8it/s 1.9s<1:15
[K       7/10      2.89G      1.706      1.105      1.374          5       1024: 2% ──────────── 9/368 4.6it/s 2.1s<1:19
[K       7/10      2.89G      1.695      1.105      1.364          6       1024: 2% ──────────── 10/368 5.0it/s 2.3s<1:12
[K       7/10      2.89G      1.693      1.124      1.375          6       1024: 2% ──────────── 11/368 4.7it/s 2.5s<1:16
[K       7/10      2.89G      1.668      1.132      1.366          7       1024: 3% ──────────── 12/368 5.0it/s 2.7s<1:11
[K       7/10      2.89G      1.669      1.115      1.352          4       1024: 3% ──────────── 13/368 4.8it/s 2.9s<1:14
[K       7/10      2.89G      1.654       1.11      1.343          5       1024: 3% ──────────── 14/368 5.1it/s 3.1s<1:10
[K       7/10      2.89G      1.643      1.099      1.339          4       1024: 4% ──────────── 15/368 4.8it/s 3.3s<1:14
[K       7/10      2.89G      1.619      1.082      1.328          4       1024: 4% ╸─────────── 16/368 5.1it/s 3.5s<1:09
[K       7/10      2.89G      1.634      1.092      1.328          5       1024: 4% ╸─────────── 17/368 4.8it/s 3.8s<1:14
[K       7/10      2.89G      1.637      1.097      1.318          6       1024: 4% ╸─────────── 18/368 5.0it/s 3.9s<1:10
[K       7/10      2.89G      1.679      1.141       1.36          6       1024: 5% ╸─────────── 19/368 4.7it/s 4.2s<1:14
[K       7/10      2.89G      1.691      1.138      1.368          4       1024: 5% ╸─────────── 20/368 4.8it/s 4.4s<1:12
[K       7/10      2.89G      1.683       1.14      1.371          6       1024: 5% ╸─────────── 21/368 4.6it/s 4.6s<1:15
[K       7/10      2.89G      1.687      1.159      1.376         13       1024: 5% ╸─────────── 22/368 4.9it/s 4.8s<1:10
[K       7/10      2.89G      1.696      1.161      1.376          8       1024: 6% ╸─────────── 23/368 4.7it/s 5.0s<1:13
[K       7/10      2.89G      1.679      1.153      1.376          4       1024: 6% ╸─────────── 24/368 5.0it/s 5.2s<1:09
[K       7/10      2.89G       1.69      1.174      1.392          6       1024: 6% ╸─────────── 25/368 4.7it/s 5.5s<1:14
[K       7/10      2.89G      1.676      1.166      1.385          7       1024: 7% ╸─────────── 26/368 5.0it/s 5.7s<1:09
[K       7/10      2.89G      1.686      1.201        1.4         16       1024: 7% ╸─────────── 27/368 4.7it/s 5.9s<1:12
[K       7/10      2.89G      1.694      1.209      1.402          5       1024: 7% ╸─────────── 28/368 5.0it/s 6.1s<1:08
[K       7/10      2.89G       1.71      1.222      1.418          9       1024: 7% ╸─────────── 29/368 4.8it/s 6.3s<1:11
[K       7/10      2.89G      1.699      1.215       1.41          8       1024: 8% ╸─────────── 30/368 5.1it/s 6.5s<1:07
[K       7/10      2.89G      1.704      1.207      1.402          7       1024: 8% ━─────────── 31/368 4.8it/s 6.7s<1:10
[K       7/10      2.89G      1.698      1.218      1.419          6       1024: 8% ━─────────── 32/368 5.0it/s 6.9s<1:07
[K       7/10      2.89G      1.697      1.229      1.415         10       1024: 8% ━─────────── 33/368 4.7it/s 7.1s<1:11
[K       7/10      2.89G      1.707      1.231      1.415          6       1024: 9% ━─────────── 34/368 5.0it/s 7.3s<1:07
[K       7/10      2.89G      1.725      1.237      1.425          8       1024: 9% ━─────────── 35/368 4.7it/s 7.6s<1:11
[K       7/10      2.89G       1.73       1.24       1.43          4       1024: 9% ━─────────── 36/368 5.0it/s 7.8s<1:07
[K       7/10      2.89G      1.735      1.259      1.433          6       1024: 10% ━─────────── 37/368 4.7it/s 8.0s<1:11
[K       7/10      2.89G      1.734      1.261      1.431          4       1024: 10% ━─────────── 38/368 4.9it/s 8.2s<1:08
[K       7/10      2.89G      1.729      1.249      1.428          5       1024: 10% ━─────────── 39/368 4.6it/s 8.4s<1:12
[K       7/10      2.89G      1.732      1.261      1.431         12       1024: 10% ━─────────── 40/368 4.8it/s 8.6s<1:09
[K       7/10      2.89G      1.744      1.264      1.439          5       1024: 11% ━─────────── 41/368 4.6it/s 8.9s<1:11
[K       7/10      2.89G      1.737      1.268      1.438          5       1024: 11% ━─────────── 42/368 4.9it/s 9.1s<1:06
[K       7/10      2.89G      1.726      1.255      1.434          4       1024: 11% ━─────────── 43/368 4.7it/s 9.3s<1:09
[K       7/10      2.89G      1.729      1.256      1.429         15       1024: 11% ━─────────── 44/368 5.0it/s 9.5s<1:05
[K       7/10      2.89G      1.724      1.256      1.437          4       1024: 12% ━─────────── 45/368 4.7it/s 9.7s<1:08
[K       7/10      2.89G      1.721      1.249      1.431          5       1024: 12% ━─────────── 46/368 5.0it/s 9.9s<1:04
[K       7/10      2.89G      1.728      1.246      1.426          6       1024: 12% ━╸────────── 47/368 4.8it/s 10.1s<1:07
[K       7/10      2.89G      1.732       1.26       1.44          6       1024: 13% ━╸────────── 48/368 5.0it/s 10.3s<1:04
[K       7/10      2.89G      1.731      1.252      1.439          6       1024: 13% ━╸────────── 49/368 4.6it/s 10.6s<1:09
[K       7/10      2.89G      1.729       1.25      1.445          5       1024: 13% ━╸────────── 50/368 5.0it/s 10.8s<1:04
[K       7/10      2.89G      1.728      1.249       1.44          5       1024: 13% ━╸────────── 51/368 4.7it/s 11.0s<1:08
[K       7/10      2.89G      1.727      1.245      1.438          5       1024: 14% ━╸────────── 52/368 4.9it/s 11.2s<1:04
[K       7/10      2.89G      1.728      1.245      1.438          6       1024: 14% ━╸────────── 53/368 4.6it/s 11.4s<1:09
[K       7/10      2.89G      1.728      1.247      1.439          6       1024: 14% ━╸────────── 54/368 4.5it/s 11.7s<1:09
[K       7/10      2.89G      1.725      1.243      1.436          5       1024: 14% ━╸────────── 55/368 4.2it/s 12.0s<1:15
[K       7/10      2.89G       1.73      1.252      1.438          7       1024: 15% ━╸────────── 56/368 4.3it/s 12.2s<1:12
[K       7/10      2.89G      1.734      1.245      1.435          4       1024: 15% ━╸────────── 57/368 4.2it/s 12.5s<1:15
[K       7/10      2.89G      1.729      1.242      1.437          4       1024: 15% ━╸────────── 58/368 4.5it/s 12.6s<1:08
[K       7/10      2.89G      1.733      1.254       1.44         16       1024: 16% ━╸────────── 59/368 4.3it/s 12.9s<1:11
[K       7/10      2.89G      1.728      1.247      1.434          6       1024: 16% ━╸────────── 60/368 4.7it/s 13.1s<1:05
[K       7/10      2.89G      1.729      1.248      1.438          6       1024: 16% ━╸────────── 61/368 4.5it/s 13.3s<1:08
[K       7/10      2.89G      1.731      1.242      1.436          6       1024: 16% ━━────────── 62/368 4.9it/s 13.5s<1:03
[K       7/10      2.89G      1.737      1.242      1.443          5       1024: 17% ━━────────── 63/368 4.6it/s 13.7s<1:06
[K       7/10      2.89G      1.746      1.242      1.444          5       1024: 17% ━━────────── 64/368 4.9it/s 13.9s<1:02
[K       7/10      2.89G      1.744      1.243      1.442          4       1024: 17% ━━────────── 65/368 4.6it/s 14.2s<1:05
[K       7/10      2.89G       1.75      1.243      1.441          5       1024: 17% ━━────────── 66/368 4.9it/s 14.4s<1:02
[K       7/10      2.89G      1.747      1.238      1.439          4       1024: 18% ━━────────── 67/368 4.6it/s 14.6s<1:05
[K       7/10      2.89G      1.745      1.233      1.437          7       1024: 18% ━━────────── 68/368 4.9it/s 14.8s<1:02
[K       7/10      2.89G      1.749      1.249      1.445          8       1024: 18% ━━────────── 69/368 4.6it/s 15.0s<1:05
[K       7/10      2.89G      1.753      1.245      1.446          6       1024: 19% ━━────────── 70/368 5.0it/s 15.2s<1:00
[K       7/10      2.89G      1.754      1.242      1.444          8       1024: 19% ━━────────── 71/368 4.7it/s 15.5s<1:03
[K       7/10      2.89G      1.751       1.24      1.443          7       1024: 19% ━━────────── 72/368 5.0it/s 15.6s<59.1s
[K       7/10      2.89G      1.753      1.246      1.439          6       1024: 19% ━━────────── 73/368 4.7it/s 15.9s<1:03
[K       7/10      2.89G      1.748      1.241      1.441          5       1024: 20% ━━────────── 74/368 5.0it/s 16.1s<58.8s
[K       7/10      2.89G      1.752      1.253      1.445          7       1024: 20% ━━────────── 75/368 4.9it/s 16.3s<1:00
[K       7/10      2.89G      1.752      1.249      1.442          4       1024: 20% ━━────────── 76/368 5.1it/s 16.5s<56.9s
[K       7/10      2.89G      1.756      1.247      1.444          5       1024: 20% ━━╸───────── 77/368 4.9it/s 16.7s<59.5s
[K       7/10      2.89G      1.756      1.246      1.443          9       1024: 21% ━━╸───────── 78/368 5.0it/s 16.9s<57.5s
[K       7/10      2.89G      1.762      1.251      1.445         10       1024: 21% ━━╸───────── 79/368 4.8it/s 17.1s<1:01
[K       7/10      2.89G      1.765      1.247      1.445          5       1024: 21% ━━╸───────── 80/368 5.1it/s 17.3s<56.9s
[K       7/10      2.89G      1.761      1.243      1.443          5       1024: 22% ━━╸───────── 81/368 4.8it/s 17.5s<59.8s
[K       7/10      2.89G      1.757      1.241      1.441          8       1024: 22% ━━╸───────── 82/368 5.2it/s 17.7s<54.6s
[K       7/10      2.89G      1.757      1.238      1.442          4       1024: 22% ━━╸───────── 83/368 4.9it/s 17.9s<58.3s
[K       7/10      2.89G      1.762      1.249      1.452          6       1024: 22% ━━╸───────── 84/368 5.1it/s 18.1s<55.7s
[K       7/10      2.89G      1.758      1.246      1.451          5       1024: 23% ━━╸───────── 85/368 4.8it/s 18.4s<59.5s
[K       7/10      2.89G      1.757      1.242      1.448          5       1024: 23% ━━╸───────── 86/368 4.9it/s 18.6s<58.0s
[K       7/10      2.89G      1.755      1.236      1.447          5       1024: 23% ━━╸───────── 87/368 4.5it/s 18.8s<1:02
[K       7/10      2.89G      1.757       1.24      1.445          6       1024: 23% ━━╸───────── 88/368 4.8it/s 19.0s<58.8s
[K       7/10      2.89G      1.756      1.241      1.443          4       1024: 24% ━━╸───────── 89/368 4.6it/s 19.3s<1:01
[K       7/10      2.89G      1.755      1.239      1.442         10       1024: 24% ━━╸───────── 90/368 4.8it/s 19.4s<57.4s
[K       7/10      2.89G      1.757      1.239       1.44         12       1024: 24% ━━╸───────── 91/368 4.6it/s 19.7s<59.7s
[K       7/10      2.89G      1.755      1.247      1.442          7       1024: 25% ━━━───────── 92/368 5.0it/s 19.9s<55.5s
[K       7/10      2.89G      1.756       1.25      1.443          6       1024: 25% ━━━───────── 93/368 4.7it/s 20.1s<58.0s
[K       7/10      2.89G      1.756      1.249      1.444         11       1024: 25% ━━━───────── 94/368 5.0it/s 20.3s<55.3s
[K       7/10      2.89G      1.752      1.246      1.443          4       1024: 25% ━━━───────── 95/368 4.7it/s 20.5s<58.1s
[K       7/10      2.89G      1.752      1.248      1.445          7       1024: 26% ━━━───────── 96/368 5.0it/s 20.7s<54.8s
[K       7/10      2.89G      1.754      1.253      1.448          8       1024: 26% ━━━───────── 97/368 4.6it/s 21.0s<58.7s
[K       7/10      2.89G      1.754      1.249      1.447          6       1024: 26% ━━━───────── 98/368 4.9it/s 21.1s<54.9s
[K       7/10      2.89G      1.749      1.246      1.446          4       1024: 26% ━━━───────── 99/368 4.6it/s 21.4s<58.8s
[K       7/10      2.89G       1.75      1.248      1.447          6       1024: 27% ━━━───────── 100/368 4.9it/s 21.6s<55.0s
[K       7/10      2.89G      1.748      1.254       1.45          5       1024: 27% ━━━───────── 101/368 4.6it/s 21.8s<58.4s
[K       7/10      2.89G      1.749      1.257      1.451          8       1024: 27% ━━━───────── 102/368 4.8it/s 22.0s<55.1s
[K       7/10      2.89G      1.748      1.255       1.45         10       1024: 27% ━━━───────── 103/368 4.6it/s 22.3s<57.5s
[K       7/10      2.89G      1.743      1.253       1.45          4       1024: 28% ━━━───────── 104/368 4.9it/s 22.4s<53.4s
[K       7/10      2.89G      1.743      1.255      1.454          9       1024: 28% ━━━───────── 105/368 4.7it/s 22.7s<55.6s
[K       7/10      2.89G      1.742      1.255      1.454         13       1024: 28% ━━━───────── 106/368 5.0it/s 22.9s<52.0s
[K       7/10      2.89G      1.744       1.26      1.456         15       1024: 29% ━━━───────── 107/368 4.7it/s 23.1s<55.8s
[K       7/10      2.89G      1.744      1.261      1.458         12       1024: 29% ━━━╸──────── 108/368 5.0it/s 23.3s<52.0s
[K       7/10      2.89G      1.744      1.259      1.455          7       1024: 29% ━━━╸──────── 109/368 4.7it/s 23.5s<54.8s
[K       7/10      2.89G      1.745      1.265      1.457          9       1024: 29% ━━━╸──────── 110/368 5.0it/s 23.7s<51.8s
[K       7/10      2.89G      1.745      1.267      1.456          7       1024: 30% ━━━╸──────── 111/368 4.7it/s 24.0s<54.7s
[K       7/10      2.89G      1.741      1.264      1.455          5       1024: 30% ━━━╸──────── 112/368 5.0it/s 24.1s<51.4s
[K       7/10      2.89G      1.739       1.26      1.453          5       1024: 30% ━━━╸──────── 113/368 4.7it/s 24.4s<54.2s
[K       7/10      2.89G       1.74       1.26      1.451          7       1024: 30% ━━━╸──────── 114/368 4.9it/s 24.6s<51.4s
[K       7/10      2.89G       1.74       1.26      1.453          8       1024: 31% ━━━╸──────── 115/368 4.6it/s 24.8s<54.6s
[K       7/10      2.89G      1.745      1.262      1.455          7       1024: 31% ━━━╸──────── 116/368 4.8it/s 25.0s<52.5s
[K       7/10      2.89G      1.743      1.261      1.452          4       1024: 31% ━━━╸──────── 117/368 4.6it/s 25.3s<54.3s
[K       7/10      2.89G      1.744      1.259       1.45          4       1024: 32% ━━━╸──────── 118/368 4.9it/s 25.4s<51.3s
[K       7/10      2.89G      1.741      1.257      1.448          9       1024: 32% ━━━╸──────── 119/368 4.7it/s 25.7s<53.5s
[K       7/10      2.89G      1.742      1.262       1.45          9       1024: 32% ━━━╸──────── 120/368 5.0it/s 25.9s<50.0s
[K       7/10      2.89G      1.742      1.262       1.45         10       1024: 32% ━━━╸──────── 121/368 4.7it/s 26.1s<52.3s
[K       7/10      2.89G      1.741       1.26      1.447          5       1024: 33% ━━━╸──────── 122/368 5.0it/s 26.3s<49.1s
[K       7/10      2.89G      1.741      1.263      1.448          4       1024: 33% ━━━━──────── 123/368 4.7it/s 26.5s<51.6s
[K       7/10      2.89G      1.742      1.263      1.446          7       1024: 33% ━━━━──────── 124/368 5.0it/s 26.7s<48.5s
[K       7/10      2.89G      1.744      1.263      1.449          6       1024: 33% ━━━━──────── 125/368 4.8it/s 26.9s<51.1s
[K       7/10      2.89G      1.744      1.262      1.448          5       1024: 34% ━━━━──────── 126/368 5.0it/s 27.1s<48.0s
[K       7/10      2.89G      1.745      1.262      1.448          5       1024: 34% ━━━━──────── 127/368 4.8it/s 27.3s<49.9s
[K       7/10      2.89G      1.745      1.263      1.449          5       1024: 34% ━━━━──────── 128/368 5.0it/s 27.5s<47.6s
[K       7/10      2.89G      1.747      1.261      1.449          6       1024: 35% ━━━━──────── 129/368 4.7it/s 27.8s<50.9s
[K       7/10      2.89G      1.746      1.259      1.449          4       1024: 35% ━━━━──────── 130/368 5.0it/s 28.0s<48.0s
[K       7/10      2.89G      1.745      1.258      1.447          4       1024: 35% ━━━━──────── 131/368 4.7it/s 28.2s<50.9s
[K       7/10      2.89G      1.746      1.262      1.449          6       1024: 35% ━━━━──────── 132/368 4.8it/s 28.4s<48.7s
[K       7/10      2.89G      1.746      1.259      1.447          7       1024: 36% ━━━━──────── 133/368 4.7it/s 28.6s<50.3s
[K       7/10      2.89G      1.743      1.259      1.447          5       1024: 36% ━━━━──────── 134/368 4.9it/s 28.8s<47.6s
[K       7/10      2.89G      1.744      1.259      1.447          8       1024: 36% ━━━━──────── 135/368 4.7it/s 29.1s<49.7s
[K       7/10      2.89G      1.743      1.261      1.445          7       1024: 36% ━━━━──────── 136/368 5.0it/s 29.2s<46.5s
[K       7/10      2.89G       1.74      1.262      1.446          6       1024: 37% ━━━━──────── 137/368 4.7it/s 29.5s<49.3s
[K       7/10      2.89G      1.741      1.261      1.445          6       1024: 37% ━━━━──────── 138/368 5.0it/s 29.7s<46.0s
[K       7/10      2.89G      1.744      1.259      1.445          5       1024: 37% ━━━━╸─────── 139/368 4.7it/s 29.9s<48.3s
[K       7/10      2.89G      1.743      1.258      1.443          5       1024: 38% ━━━━╸─────── 140/368 5.0it/s 30.1s<45.3s
[K       7/10      2.89G      1.742      1.257      1.444          8       1024: 38% ━━━━╸─────── 141/368 4.7it/s 30.3s<47.9s
[K       7/10      2.89G      1.743      1.258      1.445         11       1024: 38% ━━━━╸─────── 142/368 5.0it/s 30.5s<45.0s
[K       7/10      2.89G      1.742      1.256      1.442          5       1024: 38% ━━━━╸─────── 143/368 4.7it/s 30.7s<47.8s
[K       7/10      2.89G       1.74      1.254      1.439          4       1024: 39% ━━━━╸─────── 144/368 5.0it/s 30.9s<44.4s
[K       7/10      2.89G      1.741      1.254       1.44          8       1024: 39% ━━━━╸─────── 145/368 4.8it/s 31.2s<46.7s
[K       7/10      2.89G      1.742      1.254       1.44          6       1024: 39% ━━━━╸─────── 146/368 5.0it/s 31.3s<44.4s
[K       7/10      2.89G       1.74      1.252      1.438          8       1024: 39% ━━━━╸─────── 147/368 4.7it/s 31.6s<47.3s
[K       7/10      2.89G       1.74      1.253       1.44          8       1024: 40% ━━━━╸─────── 148/368 4.9it/s 31.8s<44.8s
[K       7/10      2.89G      1.736       1.25      1.437          5       1024: 40% ━━━━╸─────── 149/368 4.7it/s 32.0s<46.6s
[K       7/10      2.89G       1.74       1.25      1.438          5       1024: 40% ━━━━╸─────── 150/368 4.9it/s 32.2s<44.5s
[K       7/10      2.89G       1.74      1.248      1.437          5       1024: 41% ━━━━╸─────── 151/368 4.7it/s 32.4s<46.4s
[K       7/10      2.89G      1.741      1.251      1.437          5       1024: 41% ━━━━╸─────── 152/368 4.9it/s 32.6s<43.9s
[K       7/10      2.89G      1.744      1.249      1.436          4       1024: 41% ━━━━╸─────── 153/368 4.6it/s 32.9s<46.3s
[K       7/10      2.89G      1.744      1.247      1.435          7       1024: 41% ━━━━━─────── 154/368 5.0it/s 33.0s<43.0s
[K       7/10      2.89G      1.743      1.248      1.435         11       1024: 42% ━━━━━─────── 155/368 4.7it/s 33.3s<45.2s
[K       7/10      2.89G      1.744      1.248      1.434          6       1024: 42% ━━━━━─────── 156/368 5.0it/s 33.5s<42.2s
[K       7/10      2.89G      1.745      1.249      1.436          8       1024: 42% ━━━━━─────── 157/368 4.7it/s 33.7s<44.5s
[K       7/10      2.89G      1.746       1.25      1.437          6       1024: 42% ━━━━━─────── 158/368 5.0it/s 33.9s<41.8s
[K       7/10      2.89G      1.745      1.247      1.436          5       1024: 43% ━━━━━─────── 159/368 4.8it/s 34.1s<43.9s
[K       7/10      2.89G      1.744      1.244      1.434          6       1024: 43% ━━━━━─────── 160/368 5.0it/s 34.3s<41.2s
[K       7/10      2.89G      1.744      1.244      1.431          6       1024: 43% ━━━━━─────── 161/368 4.7it/s 34.6s<43.8s
[K       7/10      2.89G      1.742       1.24       1.43          4       1024: 44% ━━━━━─────── 162/368 5.0it/s 34.7s<41.3s
[K       7/10      2.89G      1.742      1.241      1.431          4       1024: 44% ━━━━━─────── 163/368 4.7it/s 35.0s<44.0s
[K       7/10      2.89G      1.741       1.24      1.432          7       1024: 44% ━━━━━─────── 164/368 4.8it/s 35.2s<42.1s
[K       7/10      2.89G      1.739      1.239       1.43          8       1024: 44% ━━━━━─────── 165/368 4.6it/s 35.4s<43.8s
[K       7/10      2.89G      1.743      1.244      1.433          9       1024: 45% ━━━━━─────── 166/368 4.9it/s 35.6s<41.3s
[K       7/10      2.89G      1.743      1.243      1.432          7       1024: 45% ━━━━━─────── 167/368 4.7it/s 35.8s<43.2s
[K       7/10      2.89G      1.743      1.241      1.432          5       1024: 45% ━━━━━─────── 168/368 5.0it/s 36.0s<40.0s
[K       7/10      2.89G       1.74      1.239      1.431          5       1024: 45% ━━━━━╸────── 169/368 4.8it/s 36.2s<41.7s
[K       7/10      2.89G      1.742       1.24      1.431          9       1024: 46% ━━━━━╸────── 170/368 5.1it/s 36.4s<39.1s
[K       7/10      2.89G       1.74      1.238       1.43          6       1024: 46% ━━━━━╸────── 171/368 4.8it/s 36.7s<41.4s
[K       7/10      2.89G      1.741      1.237      1.429          5       1024: 46% ━━━━━╸────── 172/368 5.0it/s 36.8s<39.0s
[K       7/10      2.89G      1.741      1.239       1.43          5       1024: 47% ━━━━━╸────── 173/368 4.8it/s 37.1s<41.0s
[K       7/10      2.89G      1.741      1.239      1.432          8       1024: 47% ━━━━━╸────── 174/368 5.0it/s 37.3s<38.6s
[K       7/10      2.89G      1.742      1.239      1.433          6       1024: 47% ━━━━━╸────── 175/368 4.8it/s 37.5s<40.6s
[K       7/10      2.89G      1.741      1.237      1.432          6       1024: 47% ━━━━━╸────── 176/368 5.0it/s 37.7s<38.1s
[K       7/10      2.89G       1.74      1.234      1.431          5       1024: 48% ━━━━━╸────── 177/368 4.8it/s 37.9s<40.0s
[K       7/10      2.89G      1.739      1.234      1.431          4       1024: 48% ━━━━━╸────── 178/368 5.0it/s 38.1s<38.0s
[K       7/10      2.89G      1.739      1.232       1.43          4       1024: 48% ━━━━━╸────── 179/368 4.7it/s 38.4s<40.5s
[K       7/10      2.89G      1.737      1.233       1.43          6       1024: 48% ━━━━━╸────── 180/368 4.8it/s 38.6s<38.8s
[K       7/10      2.89G      1.738      1.235      1.431         11       1024: 49% ━━━━━╸────── 181/368 4.6it/s 38.8s<40.3s
[K       7/10      2.89G      1.738      1.236       1.43         10       1024: 49% ━━━━━╸────── 182/368 4.8it/s 39.0s<38.5s
[K       7/10      2.89G      1.738      1.238      1.431          8       1024: 49% ━━━━━╸────── 183/368 4.6it/s 39.2s<40.1s
[K       7/10      2.89G      1.737      1.236       1.43          5       1024: 50% ━━━━━━────── 184/368 4.9it/s 39.4s<37.9s
[K       7/10      2.89G      1.736      1.236      1.431         10       1024: 50% ━━━━━━────── 185/368 4.7it/s 39.6s<39.1s
[K       7/10      2.89G      1.733      1.233       1.43          5       1024: 50% ━━━━━━────── 186/368 4.9it/s 39.8s<36.8s
[K       7/10      2.89G      1.735      1.236      1.431         11       1024: 50% ━━━━━━────── 187/368 4.7it/s 40.1s<38.8s
[K       7/10      2.89G      1.733      1.233       1.43          5       1024: 51% ━━━━━━────── 188/368 5.0it/s 40.2s<36.2s
[K       7/10      2.89G      1.733      1.237      1.433          6       1024: 51% ━━━━━━────── 189/368 4.8it/s 40.5s<37.6s
[K       7/10      2.89G      1.733      1.238      1.432         11       1024: 51% ━━━━━━────── 190/368 5.1it/s 40.7s<35.2s
[K       7/10      2.89G      1.733      1.238      1.433          4       1024: 51% ━━━━━━────── 191/368 4.7it/s 40.9s<37.3s
[K       7/10      2.89G      1.732      1.238      1.433          4       1024: 52% ━━━━━━────── 192/368 5.0it/s 41.1s<35.1s
[K       7/10      2.89G       1.73      1.236      1.433          5       1024: 52% ━━━━━━────── 193/368 4.9it/s 41.3s<36.0s
[K       7/10      2.89G      1.733      1.237      1.434          9       1024: 52% ━━━━━━────── 194/368 5.1it/s 41.5s<34.1s
[K       7/10      2.89G      1.733      1.236      1.433          8       1024: 52% ━━━━━━────── 195/368 4.8it/s 41.7s<36.1s
[K       7/10      2.89G      1.736      1.238      1.437         11       1024: 53% ━━━━━━────── 196/368 5.0it/s 41.9s<34.1s
[K       7/10      2.89G      1.736      1.235      1.436          7       1024: 53% ━━━━━━────── 197/368 4.7it/s 42.2s<36.8s
[K       7/10      2.89G      1.734      1.233      1.436          5       1024: 53% ━━━━━━────── 198/368 4.9it/s 42.4s<34.4s
[K       7/10      2.89G      1.733      1.232      1.435          8       1024: 54% ━━━━━━────── 199/368 4.7it/s 42.6s<36.1s
[K       7/10      2.89G      1.733      1.232      1.434          7       1024: 54% ━━━━━━╸───── 200/368 5.0it/s 42.8s<33.9s
[K       7/10      2.89G      1.733      1.232      1.436          4       1024: 54% ━━━━━━╸───── 201/368 4.7it/s 43.0s<35.5s
[K       7/10      2.89G      1.734      1.232      1.435          4       1024: 54% ━━━━━━╸───── 202/368 4.8it/s 43.2s<34.3s
[K       7/10      2.89G      1.735      1.231      1.436          4       1024: 55% ━━━━━━╸───── 203/368 4.6it/s 43.5s<35.6s
[K       7/10      2.89G      1.736      1.231      1.438          4       1024: 55% ━━━━━━╸───── 204/368 4.9it/s 43.6s<33.2s
[K       7/10      2.89G      1.736       1.23      1.438         13       1024: 55% ━━━━━━╸───── 205/368 4.7it/s 43.9s<34.4s
[K       7/10      2.89G      1.737      1.231      1.439          4       1024: 55% ━━━━━━╸───── 206/368 5.1it/s 44.0s<32.0s
[K       7/10      2.89G      1.736       1.23      1.439          4       1024: 56% ━━━━━━╸───── 207/368 4.8it/s 44.3s<33.6s
[K       7/10      2.89G      1.734      1.229      1.438          7       1024: 56% ━━━━━━╸───── 208/368 5.1it/s 44.5s<31.6s
[K       7/10      2.89G      1.735      1.229      1.438          7       1024: 56% ━━━━━━╸───── 209/368 4.8it/s 44.7s<33.2s
[K       7/10      2.89G      1.734      1.229      1.438          9       1024: 57% ━━━━━━╸───── 210/368 5.1it/s 44.9s<31.2s
[K       7/10      2.89G      1.734      1.229      1.437          6       1024: 57% ━━━━━━╸───── 211/368 5.0it/s 45.1s<31.5s
[K       7/10      2.89G      1.732      1.228      1.436          9       1024: 57% ━━━━━━╸───── 212/368 5.2it/s 45.3s<30.2s
[K       7/10      2.89G      1.731      1.228      1.436          9       1024: 57% ━━━━━━╸───── 213/368 4.9it/s 45.5s<31.9s
[K       7/10      2.89G      1.731      1.228      1.435          5       1024: 58% ━━━━━━╸───── 214/368 5.0it/s 45.7s<30.5s
[K       7/10      2.89G      1.732      1.228      1.437          6       1024: 58% ━━━━━━━───── 215/368 4.8it/s 45.9s<32.0s
[K       7/10      2.89G      1.733      1.227      1.437          7       1024: 58% ━━━━━━━───── 216/368 5.1it/s 46.1s<30.1s
[K       7/10      2.89G       1.73      1.227      1.436          5       1024: 58% ━━━━━━━───── 217/368 4.7it/s 46.4s<32.3s
[K       7/10      2.89G      1.731       1.23      1.438          9       1024: 59% ━━━━━━━───── 218/368 5.0it/s 46.5s<30.0s
[K       7/10      2.89G      1.731      1.229       1.44          5       1024: 59% ━━━━━━━───── 219/368 4.6it/s 46.8s<32.2s
[K       7/10      2.89G      1.731      1.228      1.439          5       1024: 59% ━━━━━━━───── 220/368 4.8it/s 47.0s<30.7s
[K       7/10      2.89G      1.732       1.23       1.44         12       1024: 60% ━━━━━━━───── 221/368 4.6it/s 47.2s<32.0s
[K       7/10      2.89G      1.731      1.228       1.44          8       1024: 60% ━━━━━━━───── 222/368 4.9it/s 47.4s<29.9s
[K       7/10      2.89G       1.73      1.228      1.439          4       1024: 60% ━━━━━━━───── 223/368 4.7it/s 47.7s<31.1s
[K       7/10      2.89G      1.729      1.228       1.44          5       1024: 60% ━━━━━━━───── 224/368 5.0it/s 47.8s<29.0s
[K       7/10      2.89G      1.726      1.227      1.438          5       1024: 61% ━━━━━━━───── 225/368 4.7it/s 48.1s<30.3s
[K       7/10      2.89G      1.726      1.226      1.437          5       1024: 61% ━━━━━━━───── 226/368 5.0it/s 48.2s<28.3s
[K       7/10      2.89G      1.725      1.224      1.436          8       1024: 61% ━━━━━━━───── 227/368 4.7it/s 48.5s<29.8s
[K       7/10      2.89G      1.724      1.225      1.438          5       1024: 61% ━━━━━━━───── 228/368 4.9it/s 48.7s<28.4s
[K       7/10      2.89G      1.725      1.225      1.438         11       1024: 62% ━━━━━━━───── 229/368 4.7it/s 48.9s<29.7s
[K       7/10      2.89G      1.726      1.225      1.437          6       1024: 62% ━━━━━━━───── 230/368 4.9it/s 49.1s<28.1s
[K       7/10      2.89G       1.73      1.225      1.442          4       1024: 62% ━━━━━━━╸──── 231/368 4.7it/s 49.4s<29.4s
[K       7/10      2.89G      1.731      1.224      1.441          8       1024: 63% ━━━━━━━╸──── 232/368 4.9it/s 49.5s<27.5s
[K       7/10      2.89G      1.733      1.226      1.441          8       1024: 63% ━━━━━━━╸──── 233/368 4.7it/s 49.8s<28.8s
[K       7/10      2.89G      1.735      1.226      1.441          5       1024: 63% ━━━━━━━╸──── 234/368 4.9it/s 50.0s<27.1s
[K       7/10      2.89G      1.733      1.225       1.44          5       1024: 63% ━━━━━━━╸──── 235/368 4.7it/s 50.2s<28.3s
[K       7/10      2.89G      1.734      1.225      1.439          7       1024: 64% ━━━━━━━╸──── 236/368 4.9it/s 50.4s<26.8s
[K       7/10      2.89G      1.733      1.223       1.44          8       1024: 64% ━━━━━━━╸──── 237/368 4.7it/s 50.6s<28.0s
[K       7/10      2.89G       1.73      1.222      1.438          4       1024: 64% ━━━━━━━╸──── 238/368 4.9it/s 50.8s<26.4s
[K       7/10      2.89G      1.729      1.221      1.437          6       1024: 64% ━━━━━━━╸──── 239/368 4.7it/s 51.1s<27.6s
[K       7/10      2.89G      1.729      1.222      1.436          7       1024: 65% ━━━━━━━╸──── 240/368 4.9it/s 51.2s<25.9s
[K       7/10      2.89G      1.729      1.222      1.437          5       1024: 65% ━━━━━━━╸──── 241/368 4.7it/s 51.5s<27.2s
[K       7/10      2.89G      1.728      1.225      1.437          7       1024: 65% ━━━━━━━╸──── 242/368 5.0it/s 51.7s<25.2s
[K       7/10      2.89G      1.728      1.229      1.437          5       1024: 66% ━━━━━━━╸──── 243/368 4.7it/s 51.9s<26.3s
[K       7/10      2.89G      1.728      1.231      1.438          6       1024: 66% ━━━━━━━╸──── 244/368 4.9it/s 52.1s<25.4s
[K       7/10      2.89G      1.728       1.23      1.436          7       1024: 66% ━━━━━━━╸──── 245/368 4.6it/s 52.3s<26.5s
[K       7/10      2.89G      1.725      1.228      1.434          4       1024: 66% ━━━━━━━━──── 246/368 4.9it/s 52.5s<24.7s
[K       7/10      2.89G      1.725      1.226      1.435          6       1024: 67% ━━━━━━━━──── 247/368 4.7it/s 52.8s<25.9s
[K       7/10      2.89G      1.727       1.23      1.439          8       1024: 67% ━━━━━━━━──── 248/368 4.9it/s 52.9s<24.7s
[K       7/10      2.89G      1.728      1.231       1.44         10       1024: 67% ━━━━━━━━──── 249/368 4.6it/s 53.2s<26.0s
[K       7/10      2.89G      1.727       1.23      1.439          4       1024: 67% ━━━━━━━━──── 250/368 4.9it/s 53.4s<24.2s
[K       7/10      2.89G      1.727      1.231      1.438          7       1024: 68% ━━━━━━━━──── 251/368 4.6it/s 53.6s<25.3s
[K       7/10      2.89G      1.728       1.23      1.437          5       1024: 68% ━━━━━━━━──── 252/368 4.9it/s 53.8s<23.7s
[K       7/10      2.89G      1.727       1.23      1.436          6       1024: 68% ━━━━━━━━──── 253/368 4.7it/s 54.0s<24.6s
[K       7/10      2.89G      1.728      1.231      1.438         10       1024: 69% ━━━━━━━━──── 254/368 5.0it/s 54.2s<22.7s
[K       7/10      2.89G      1.727      1.233      1.438          5       1024: 69% ━━━━━━━━──── 255/368 4.9it/s 54.4s<23.3s
[K       7/10      2.89G      1.729      1.233      1.439         10       1024: 69% ━━━━━━━━──── 256/368 5.0it/s 54.6s<22.2s
[K       7/10      2.89G      1.729      1.232      1.438          7       1024: 69% ━━━━━━━━──── 257/368 4.8it/s 54.9s<23.2s
[K       7/10      2.89G      1.729      1.231      1.437          5       1024: 70% ━━━━━━━━──── 258/368 5.1it/s 55.0s<21.7s
[K       7/10      2.89G       1.73      1.232      1.437          8       1024: 70% ━━━━━━━━──── 259/368 4.8it/s 55.3s<22.7s
[K       7/10      2.89G      1.732      1.231      1.436          4       1024: 70% ━━━━━━━━──── 260/368 5.1it/s 55.5s<21.3s
[K       7/10      2.89G       1.73      1.229      1.435          6       1024: 70% ━━━━━━━━╸─── 261/368 4.8it/s 55.7s<22.3s
[K       7/10      2.89G       1.73      1.229      1.433          5       1024: 71% ━━━━━━━━╸─── 262/368 5.1it/s 55.9s<20.9s
[K       7/10      2.89G      1.731      1.228      1.432          4       1024: 71% ━━━━━━━━╸─── 263/368 4.8it/s 56.1s<21.9s
[K       7/10      2.89G      1.731      1.227      1.432          9       1024: 71% ━━━━━━━━╸─── 264/368 5.0it/s 56.3s<20.8s
[K       7/10      2.89G       1.73      1.227      1.431          5       1024: 72% ━━━━━━━━╸─── 265/368 4.7it/s 56.5s<21.9s
[K       7/10      2.89G      1.732      1.231      1.432         11       1024: 72% ━━━━━━━━╸─── 266/368 5.0it/s 56.7s<20.4s
[K       7/10      2.89G      1.732       1.23      1.432          9       1024: 72% ━━━━━━━━╸─── 267/368 4.6it/s 57.0s<21.8s
[K       7/10      2.89G      1.732      1.231      1.432         11       1024: 72% ━━━━━━━━╸─── 268/368 4.9it/s 57.2s<20.3s
[K       7/10      2.89G      1.732      1.229      1.431          6       1024: 73% ━━━━━━━━╸─── 269/368 4.6it/s 57.4s<21.3s
[K       7/10      2.89G      1.732      1.231      1.432         11       1024: 73% ━━━━━━━━╸─── 270/368 4.9it/s 57.6s<20.1s
[K       7/10      2.89G      1.731      1.232      1.432          5       1024: 73% ━━━━━━━━╸─── 271/368 4.7it/s 57.8s<20.8s
[K       7/10      2.89G       1.73      1.231      1.432          6       1024: 73% ━━━━━━━━╸─── 272/368 5.0it/s 58.0s<19.3s
[K       7/10      2.89G      1.731      1.232      1.431          5       1024: 74% ━━━━━━━━╸─── 273/368 4.8it/s 58.2s<19.9s
[K       7/10      2.89G       1.73      1.233      1.431          7       1024: 74% ━━━━━━━━╸─── 274/368 5.0it/s 58.4s<18.7s
[K       7/10      2.89G       1.73      1.232      1.431          6       1024: 74% ━━━━━━━━╸─── 275/368 4.8it/s 58.7s<19.5s
[K       7/10      2.89G       1.73      1.232      1.431         10       1024: 75% ━━━━━━━━━─── 276/368 5.0it/s 58.8s<18.4s
[K       7/10      2.89G      1.731      1.232      1.431          8       1024: 75% ━━━━━━━━━─── 277/368 4.8it/s 59.1s<19.0s
[K       7/10      2.89G      1.729      1.231      1.431          4       1024: 75% ━━━━━━━━━─── 278/368 5.1it/s 59.3s<17.7s
[K       7/10      2.89G      1.729       1.23       1.43          6       1024: 75% ━━━━━━━━━─── 279/368 4.7it/s 59.5s<18.8s
[K       7/10      2.89G      1.729       1.23      1.431          5       1024: 76% ━━━━━━━━━─── 280/368 5.0it/s 59.7s<17.6s
[K       7/10      2.89G      1.728      1.229       1.43          4       1024: 76% ━━━━━━━━━─── 281/368 4.8it/s 59.9s<18.3s
[K       7/10      2.89G       1.73      1.231      1.432          8       1024: 76% ━━━━━━━━━─── 282/368 5.0it/s 1:00<17.1s
[K       7/10      2.89G      1.729      1.231      1.432          4       1024: 76% ━━━━━━━━━─── 283/368 4.7it/s 1:00<18.2s
[K       7/10      2.89G      1.727      1.229      1.431          6       1024: 77% ━━━━━━━━━─── 284/368 5.0it/s 1:01<16.9s
[K       7/10      2.89G      1.724      1.227      1.429          4       1024: 77% ━━━━━━━━━─── 285/368 4.7it/s 1:01<17.7s
[K       7/10      2.89G      1.725      1.229      1.429          7       1024: 77% ━━━━━━━━━─── 286/368 4.9it/s 1:01<16.6s
[K       7/10      2.89G      1.725      1.228      1.429          5       1024: 77% ━━━━━━━━━─── 287/368 4.7it/s 1:01<17.2s
[K       7/10      2.89G      1.725      1.229      1.429          7       1024: 78% ━━━━━━━━━─── 288/368 4.9it/s 1:01<16.2s
[K       7/10      2.89G      1.724      1.229      1.429          4       1024: 78% ━━━━━━━━━─── 289/368 4.7it/s 1:02<16.9s
[K       7/10      2.89G      1.723      1.228      1.429          7       1024: 78% ━━━━━━━━━─── 290/368 4.9it/s 1:02<15.9s
[K       7/10      2.89G      1.723      1.228      1.428          6       1024: 79% ━━━━━━━━━─── 291/368 4.8it/s 1:02<15.9s
[K       7/10      2.89G      1.724      1.227      1.428          8       1024: 79% ━━━━━━━━━╸── 292/368 5.0it/s 1:02<15.2s
[K       7/10      2.89G      1.724      1.225      1.427          6       1024: 79% ━━━━━━━━━╸── 293/368 4.8it/s 1:02<15.7s
[K       7/10      2.89G      1.722      1.224      1.426          5       1024: 79% ━━━━━━━━━╸── 294/368 5.1it/s 1:03<14.6s
[K       7/10      2.89G      1.724      1.224      1.428          5       1024: 80% ━━━━━━━━━╸── 295/368 4.8it/s 1:03<15.3s
[K       7/10      2.89G      1.725      1.227       1.43         11       1024: 80% ━━━━━━━━━╸── 296/368 5.1it/s 1:03<14.2s
[K       7/10      2.89G      1.726      1.225      1.429          5       1024: 80% ━━━━━━━━━╸── 297/368 4.8it/s 1:03<14.9s
[K       7/10      2.89G      1.725      1.226      1.429          7       1024: 80% ━━━━━━━━━╸── 298/368 5.0it/s 1:03<13.9s
[K       7/10      2.89G      1.726      1.226      1.429          6       1024: 81% ━━━━━━━━━╸── 299/368 4.8it/s 1:04<14.3s
[K       7/10      2.89G      1.725      1.226      1.428          4       1024: 81% ━━━━━━━━━╸── 300/368 5.1it/s 1:04<13.4s
[K       7/10      2.89G      1.724      1.226      1.427          7       1024: 81% ━━━━━━━━━╸── 301/368 4.8it/s 1:04<13.9s
[K       7/10      2.89G      1.725      1.225      1.427          8       1024: 82% ━━━━━━━━━╸── 302/368 5.1it/s 1:04<13.0s
[K       7/10      2.89G      1.725      1.224      1.426          5       1024: 82% ━━━━━━━━━╸── 303/368 4.8it/s 1:05<13.6s
[K       7/10      2.89G      1.725      1.223      1.425          6       1024: 82% ━━━━━━━━━╸── 304/368 5.1it/s 1:05<12.6s
[K       7/10      2.89G      1.725      1.222      1.425          7       1024: 82% ━━━━━━━━━╸── 305/368 4.7it/s 1:05<13.4s
[K       7/10      2.89G      1.726      1.224      1.425          6       1024: 83% ━━━━━━━━━╸── 306/368 4.7it/s 1:05<13.2s
[K       7/10      2.89G      1.726      1.224      1.425          7       1024: 83% ━━━━━━━━━━── 307/368 4.3it/s 1:05<14.1s
[K       7/10      2.89G      1.726      1.223      1.424          7       1024: 83% ━━━━━━━━━━── 308/368 4.7it/s 1:06<12.8s
[K       7/10      2.89G      1.726      1.225      1.424          7       1024: 83% ━━━━━━━━━━── 309/368 4.5it/s 1:06<13.1s
[K       7/10      2.89G      1.725      1.225      1.426          4       1024: 84% ━━━━━━━━━━── 310/368 4.9it/s 1:06<11.9s
[K       7/10      2.89G      1.726      1.225      1.427          8       1024: 84% ━━━━━━━━━━── 311/368 4.7it/s 1:06<12.2s
[K       7/10      2.89G      1.725      1.226      1.427         14       1024: 84% ━━━━━━━━━━── 312/368 5.0it/s 1:06<11.3s
[K       7/10      2.89G      1.727      1.227      1.427          8       1024: 85% ━━━━━━━━━━── 313/368 4.7it/s 1:07<11.7s
[K       7/10      2.89G      1.727      1.227      1.427          6       1024: 85% ━━━━━━━━━━── 314/368 5.0it/s 1:07<10.9s
[K       7/10      2.89G      1.727      1.226      1.426          7       1024: 85% ━━━━━━━━━━── 315/368 4.6it/s 1:07<11.4s
[K       7/10      2.89G      1.727      1.227      1.427          9       1024: 85% ━━━━━━━━━━── 316/368 4.9it/s 1:07<10.6s
[K       7/10      2.89G      1.726      1.228      1.427          7       1024: 86% ━━━━━━━━━━── 317/368 4.7it/s 1:08<10.8s
[K       7/10      2.89G      1.727       1.23      1.428          7       1024: 86% ━━━━━━━━━━── 318/368 4.9it/s 1:08<10.2s
[K       7/10      2.89G      1.727       1.23      1.428          8       1024: 86% ━━━━━━━━━━── 319/368 4.6it/s 1:08<10.5s
[K       7/10      2.89G      1.728      1.229      1.429         10       1024: 86% ━━━━━━━━━━── 320/368 4.7it/s 1:08<10.2s
[K       7/10      2.89G      1.726      1.228      1.427          5       1024: 87% ━━━━━━━━━━── 321/368 4.6it/s 1:08<10.3s
[K       7/10      2.89G      1.726      1.226      1.427          6       1024: 87% ━━━━━━━━━━── 322/368 4.9it/s 1:09<9.5s
[K       7/10      2.89G      1.726      1.225      1.426          7       1024: 87% ━━━━━━━━━━╸─ 323/368 4.6it/s 1:09<9.7s
[K       7/10      2.89G      1.725      1.224      1.425          9       1024: 88% ━━━━━━━━━━╸─ 324/368 4.9it/s 1:09<9.0s
[K       7/10      2.89G      1.724      1.223      1.425          4       1024: 88% ━━━━━━━━━━╸─ 325/368 4.7it/s 1:09<9.2s
[K       7/10      2.89G      1.724      1.222      1.426          5       1024: 88% ━━━━━━━━━━╸─ 326/368 5.0it/s 1:09<8.5s
[K       7/10      2.89G      1.725      1.223      1.428          5       1024: 88% ━━━━━━━━━━╸─ 327/368 4.7it/s 1:10<8.7s
[K       7/10      2.89G      1.726      1.225      1.429          6       1024: 89% ━━━━━━━━━━╸─ 328/368 5.0it/s 1:10<8.0s
[K       7/10      2.89G      1.727      1.225      1.429          7       1024: 89% ━━━━━━━━━━╸─ 329/368 4.6it/s 1:10<8.4s
[K       7/10      2.89G      1.728      1.224      1.429          7       1024: 89% ━━━━━━━━━━╸─ 330/368 4.9it/s 1:10<7.7s
[K       7/10      2.89G      1.728      1.224      1.428          8       1024: 89% ━━━━━━━━━━╸─ 331/368 4.7it/s 1:11<7.9s
[K       7/10      2.89G      1.729      1.224      1.428          6       1024: 90% ━━━━━━━━━━╸─ 332/368 4.9it/s 1:11<7.3s
[K       7/10      2.89G      1.729      1.223      1.428          9       1024: 90% ━━━━━━━━━━╸─ 333/368 4.7it/s 1:11<7.5s
[K       7/10      2.89G       1.73      1.223      1.428          7       1024: 90% ━━━━━━━━━━╸─ 334/368 4.9it/s 1:11<6.9s
[K       7/10      2.89G      1.729      1.222      1.428          6       1024: 91% ━━━━━━━━━━╸─ 335/368 4.7it/s 1:11<7.0s
[K       7/10      2.89G      1.729      1.221      1.428          7       1024: 91% ━━━━━━━━━━╸─ 336/368 4.9it/s 1:12<6.5s
[K       7/10      2.89G      1.731      1.224      1.432          4       1024: 91% ━━━━━━━━━━╸─ 337/368 4.7it/s 1:12<6.6s
[K       7/10      2.89G       1.73      1.224      1.431          7       1024: 91% ━━━━━━━━━━━─ 338/368 5.0it/s 1:12<6.0s
[K       7/10      2.89G      1.731      1.225      1.432          7       1024: 92% ━━━━━━━━━━━─ 339/368 4.8it/s 1:12<6.0s
[K       7/10      2.89G      1.731      1.226      1.433         11       1024: 92% ━━━━━━━━━━━─ 340/368 5.1it/s 1:12<5.5s
[K       7/10      2.89G      1.732      1.225      1.433          5       1024: 92% ━━━━━━━━━━━─ 341/368 4.8it/s 1:13<5.6s
[K       7/10      2.89G      1.732      1.225      1.433          8       1024: 92% ━━━━━━━━━━━─ 342/368 5.1it/s 1:13<5.1s
[K       7/10      2.89G      1.731      1.224      1.433          6       1024: 93% ━━━━━━━━━━━─ 343/368 4.8it/s 1:13<5.2s
[K       7/10      2.89G      1.731      1.224      1.433          6       1024: 93% ━━━━━━━━━━━─ 344/368 5.1it/s 1:13<4.7s
[K       7/10      2.89G      1.732      1.225      1.434         11       1024: 93% ━━━━━━━━━━━─ 345/368 4.8it/s 1:14<4.8s
[K       7/10      2.89G      1.731      1.225      1.434          4       1024: 94% ━━━━━━━━━━━─ 346/368 5.1it/s 1:14<4.3s
[K       7/10      2.89G      1.731      1.225      1.433          5       1024: 94% ━━━━━━━━━━━─ 347/368 4.8it/s 1:14<4.4s
[K       7/10      2.89G      1.731      1.224      1.433          5       1024: 94% ━━━━━━━━━━━─ 348/368 5.0it/s 1:14<4.0s
[K       7/10      2.89G      1.732      1.224      1.434         10       1024: 94% ━━━━━━━━━━━─ 349/368 4.7it/s 1:14<4.0s
[K       7/10      2.89G      1.732      1.223      1.434          4       1024: 95% ━━━━━━━━━━━─ 350/368 5.0it/s 1:15<3.6s
[K       7/10      2.89G      1.731      1.221      1.433          6       1024: 95% ━━━━━━━━━━━─ 351/368 4.7it/s 1:15<3.6s
[K       7/10      2.89G       1.73      1.224      1.433          5       1024: 95% ━━━━━━━━━━━─ 352/368 5.0it/s 1:15<3.2s
[K       7/10      2.89G      1.729      1.223      1.432          6       1024: 95% ━━━━━━━━━━━╸ 353/368 4.8it/s 1:15<3.1s
[K       7/10      2.89G       1.73      1.224      1.431          8       1024: 96% ━━━━━━━━━━━╸ 354/368 5.3it/s 1:15<2.6s
[K       7/10      2.89G       1.73      1.224      1.432          6       1024: 96% ━━━━━━━━━━━╸ 355/368 4.9it/s 1:16<2.7s
[K       7/10      2.89G      1.733      1.227      1.433          4       1024: 96% ━━━━━━━━━━━╸ 356/368 5.1it/s 1:16<2.4s
[K       7/10      2.89G      1.733      1.229      1.435          7       1024: 97% ━━━━━━━━━━━╸ 357/368 4.8it/s 1:16<2.3s
[K       7/10      2.89G      1.734      1.228      1.434          5       1024: 97% ━━━━━━━━━━━╸ 358/368 5.0it/s 1:16<2.0s
[K       7/10      2.89G      1.734      1.227      1.433          4       1024: 97% ━━━━━━━━━━━╸ 359/368 4.8it/s 1:16<1.9s
[K       7/10      2.89G      1.735      1.227      1.433          8       1024: 97% ━━━━━━━━━━━╸ 360/368 5.1it/s 1:17<1.6s
[K       7/10      2.89G      1.736      1.228      1.433         10       1024: 98% ━━━━━━━━━━━╸ 361/368 4.8it/s 1:17<1.5s
[K       7/10      2.89G      1.736       1.23      1.435          9       1024: 98% ━━━━━━━━━━━╸ 362/368 5.0it/s 1:17<1.2s
[K       7/10      2.89G      1.736      1.229      1.436          4       1024: 98% ━━━━━━━━━━━╸ 363/368 4.8it/s 1:17<1.1s
[K       7/10      2.89G      1.736      1.228      1.436          7       1024: 98% ━━━━━━━━━━━╸ 364/368 5.0it/s 1:17<0.8s
[K       7/10      2.89G      1.735      1.228      1.435          8       1024: 99% ━━━━━━━━━━━╸ 365/368 4.8it/s 1:18<0.6s
[K       7/10      2.89G      1.735      1.227      1.435          8       1024: 99% ━━━━━━━━━━━╸ 366/368 5.1it/s 1:18<0.4s
[K       7/10      2.89G      1.735      1.226      1.436          4       1024: 99% ━━━━━━━━━━━╸ 367/368 4.8it/s 1:18<0.2s
[K       7/10      2.89G      1.735      1.226      1.436          4       1024: 100% ━━━━━━━━━━━━ 368/368 4.7it/s 1:18

[K                 Class     Images  Instances      Box(P          R      mAP50  mAP50-95): 2% ──────────── 1/35 2.5it/s 0.1s<13.5s
[K                 Class     Images  Instances      Box(P          R      mAP50  mAP50-95): 5% ╸─────────── 2/35 4.2it/s 0.2s<7.9s
[K                 Class     Images  Instances      Box(P          R      mAP50  mAP50-95): 8% ━─────────── 3/35 5.2it/s 0.4s<6.1s
[K                 Class     Images  Instances      Box(P          R      mAP50  mAP50-95): 11% ━─────────── 4/35 6.0it/s 0.5s<5.2s
[K                 Class     Images  Instances      Box(P          R      mAP50  mAP50-95): 14% ━╸────────── 5/35 6.4it/s 0.6s<4.7s
[K                 Class     Images  Instances      Box(P          R      mAP50  mAP50-95): 17% ━━────────── 6/35 6.8it/s 0.8s<4.2s
[K                 Class     Images  Instances      Box(P          R      mAP50  mAP50-95): 20% ━━────────── 7/35 7.3it/s 0.9s<3.8s
[K                 Class     Images  Instances      Box(P          R      mAP50  mAP50-95): 22% ━━╸───────── 8/35 7.8it/s 1.0s<3.4s
[K                 Class     Images  Instances      Box(P          R      mAP50  mAP50-95): 25% ━━━───────── 9/35 7.8it/s 1.1s<3.3s
[K                 Class     Images  Instances      Box(P          R      mAP50  mAP50-95): 28% ━━━───────── 10/35 7.8it/s 1.3s<3.2s
[K                 Class     Images  Instances      Box(P          R      mAP50  mAP50-95): 31% ━━━╸──────── 11/35 7.8it/s 1.4s<3.1s
[K                 Class     Images  Instances      Box(P          R      mAP50  mAP50-95): 34% ━━━━──────── 12/35 7.9it/s 1.5s<2.9s
[K                 Class     Images  Instances      Box(P          R      mAP50  mAP50-95): 37% ━━━━──────── 13/35 7.9it/s 1.6s<2.8s
[K                 Class     Images  Instances      Box(P          R      mAP50  mAP50-95): 40% ━━━━╸─────── 14/35 7.8it/s 1.8s<2.7s
[K                 Class     Images  Instances      Box(P          R      mAP50  mAP50-95): 42% ━━━━━─────── 15/35 7.9it/s 1.9s<2.5s
[K                 Class     Images  Instances      Box(P          R      mAP50  mAP50-95): 45% ━━━━━─────── 16/35 7.9it/s 2.0s<2.4s
[K                 Class     Images  Instances      Box(P          R      mAP50  mAP50-95): 48% ━━━━━╸────── 17/35 7.9it/s 2.1s<2.3s
[K                 Class     Images  Instances      Box(P          R      mAP50  mAP50-95): 51% ━━━━━━────── 18/35 8.0it/s 2.3s<2.1s
[K                 Class     Images  Instances      Box(P          R      mAP50  mAP50-95): 54% ━━━━━━╸───── 19/35 7.9it/s 2.4s<2.0s
[K                 Class     Images  Instances      Box(P          R      mAP50  mAP50-95): 57% ━━━━━━╸───── 20/35 8.0it/s 2.5s<1.9s
[K                 Class     Images  Instances      Box(P          R      mAP50  mAP50-95): 60% ━━━━━━━───── 21/35 8.0it/s 2.6s<1.7s
[K                 Class     Images  Instances      Box(P          R      mAP50  mAP50-95): 62% ━━━━━━━╸──── 22/35 8.0it/s 2.8s<1.6s
[K                 Class     Images  Instances      Box(P          R      mAP50  mAP50-95): 65% ━━━━━━━╸──── 23/35 8.0it/s 2.9s<1.5s
[K                 Class     Images  Instances      Box(P          R      mAP50  mAP50-95): 68% ━━━━━━━━──── 24/35 8.0it/s 3.0s<1.4s
[K                 Class     Images  Instances      Box(P          R      mAP50  mAP50-95): 71% ━━━━━━━━╸─── 25/35 8.1it/s 3.1s<1.2s
[K                 Class     Images  Instances      Box(P          R      mAP50  mAP50-95): 74% ━━━━━━━━╸─── 26/35 8.1it/s 3.3s<1.1s
[K                 Class     Images  Instances      Box(P          R      mAP50  mAP50-95): 77% ━━━━━━━━━─── 27/35 8.0it/s 3.4s<1.0s
[K                 Class     Images  Instances      Box(P          R      mAP50  mAP50-95): 80% ━━━━━━━━━╸── 28/35 8.1it/s 3.5s<0.9s
[K                 Class     Images  Instances      Box(P          R      mAP50  mAP50-95): 82% ━━━━━━━━━╸── 29/35 8.1it/s 3.6s<0.7s
[K                 Class     Images  Instances      Box(P          R      mAP50  mAP50-95): 85% ━━━━━━━━━━── 30/35 8.1it/s 3.8s<0.6s
[K                 Class     Images  Instances      Box(P          R      mAP50  mAP50-95): 88% ━━━━━━━━━━╸─ 31/35 8.1it/s 3.9s<0.5s
[K                 Class     Images  Instances      Box(P          R      mAP50  mAP50-95): 91% ━━━━━━━━━━╸─ 32/35 8.1it/s 4.0s<0.4s
[K                 Class     Images  Instances      Box(P          R      mAP50  mAP50-95): 94% ━━━━━━━━━━━─ 33/35 8.1it/s 4.1s<0.2s
[K                 Class     Images  Instances      Box(P          R      mAP50  mAP50-95): 97% ━━━━━━━━━━━╸ 34/35 8.2it/s 4.2s<0.1s
[K                 Class     Images  Instances      Box(P          R      mAP50  mAP50-95): 100% ━━━━━━━━━━━━ 35/35 8.1it/s 4.3s
                   all        275        480      0.625      0.621      0.657      0.284
WAFER_EPOCH 7/10 calls=1380 map=0.28362

      Epoch    GPU_mem   box_loss   cls_loss   dfl_loss  Instances       Size

[K       8/10      2.89G      1.993      1.809      1.547          7       1024: 0% ──────────── 0/368  0.2s
[K       8/10      2.89G      1.974      1.768      1.673          9       1024: 0% ──────────── 1/368 1.2it/s 0.4s<4:59
[K       8/10      2.89G      1.757      1.666      1.693          5       1024: 0% ──────────── 2/368 2.6it/s 0.6s<2:22
[K       8/10      2.89G      1.647      1.461      1.547          4       1024: 0% ──────────── 3/368 3.0it/s 0.8s<2:01
[K       8/10      2.89G      1.684      1.443       1.57          8       1024: 1% ──────────── 4/368 3.8it/s 1.0s<1:36
[K       8/10      2.89G      1.768      1.472      1.611          8       1024: 1% ──────────── 5/368 3.9it/s 1.3s<1:34
[K       8/10      2.89G      1.707      1.404      1.561          9       1024: 1% ──────────── 6/368 4.4it/s 1.5s<1:23
[K       8/10      2.89G      1.662      1.382      1.534          4       1024: 1% ──────────── 7/368 4.3it/s 1.7s<1:24
[K       8/10      2.89G      1.694      1.407      1.518          8       1024: 2% ──────────── 8/368 4.7it/s 1.9s<1:16
[K       8/10      2.89G      1.679      1.383      1.493         12       1024: 2% ──────────── 9/368 4.5it/s 2.1s<1:19
[K       8/10      2.89G      1.681      1.334      1.464          5       1024: 2% ──────────── 10/368 4.9it/s 2.3s<1:13
[K       8/10      2.89G      1.698      1.315      1.467         12       1024: 2% ──────────── 11/368 4.7it/s 2.5s<1:17
[K       8/10      2.89G      1.662      1.279      1.453          5       1024: 3% ──────────── 12/368 5.0it/s 2.7s<1:11
[K       8/10      2.89G        1.7      1.344      1.477         11       1024: 3% ──────────── 13/368 4.6it/s 3.0s<1:18
[K       8/10      2.89G      1.732      1.342      1.466          9       1024: 3% ──────────── 14/368 4.6it/s 3.2s<1:16
[K       8/10      2.89G      1.724      1.313       1.45          8       1024: 4% ──────────── 15/368 4.4it/s 3.5s<1:20
[K       8/10      2.89G       1.72      1.292      1.435          6       1024: 4% ╸─────────── 16/368 4.8it/s 3.6s<1:14
[K       8/10      2.89G      1.725      1.276      1.425          8       1024: 4% ╸─────────── 17/368 4.5it/s 3.9s<1:17
[K       8/10      2.89G      1.726      1.308      1.453          7       1024: 4% ╸─────────── 18/368 4.8it/s 4.1s<1:13
[K       8/10      2.89G      1.722      1.309      1.465          9       1024: 5% ╸─────────── 19/368 4.6it/s 4.3s<1:16
[K       8/10      2.89G      1.722      1.319      1.473         11       1024: 5% ╸─────────── 20/368 4.9it/s 4.5s<1:11
[K       8/10      2.89G      1.738      1.307      1.468          7       1024: 5% ╸─────────── 21/368 4.7it/s 4.7s<1:14
[K       8/10      2.89G      1.746      1.289      1.464          5       1024: 5% ╸─────────── 22/368 5.0it/s 4.9s<1:09
[K       8/10      2.89G      1.728       1.27      1.446          7       1024: 6% ╸─────────── 23/368 4.7it/s 5.1s<1:13
[K       8/10      2.89G      1.715      1.252       1.44          4       1024: 6% ╸─────────── 24/368 5.0it/s 5.3s<1:08
[K       8/10      2.89G      1.716      1.235      1.428          8       1024: 6% ╸─────────── 25/368 4.7it/s 5.6s<1:12
[K       8/10      2.89G      1.705      1.229      1.422          5       1024: 7% ╸─────────── 26/368 5.0it/s 5.7s<1:08
[K       8/10      2.89G        1.7      1.225      1.422          6       1024: 7% ╸─────────── 27/368 4.7it/s 6.0s<1:12
[K       8/10      2.89G      1.707      1.226      1.411          6       1024: 7% ╸─────────── 28/368 5.0it/s 6.2s<1:07
[K       8/10      2.89G      1.703      1.232      1.415          5       1024: 7% ╸─────────── 29/368 4.7it/s 6.4s<1:12
[K       8/10      2.89G      1.705      1.228      1.407          7       1024: 8% ╸─────────── 30/368 5.0it/s 6.6s<1:08
[K       8/10      2.89G      1.712      1.222      1.405          5       1024: 8% ━─────────── 31/368 4.7it/s 6.8s<1:12
[K       8/10      2.89G      1.714      1.218      1.403         10       1024: 8% ━─────────── 32/368 4.9it/s 7.0s<1:08
[K       8/10      2.89G      1.707      1.203      1.395          5       1024: 8% ━─────────── 33/368 4.7it/s 7.3s<1:11
[K       8/10      2.89G      1.705      1.219      1.397          6       1024: 9% ━─────────── 34/368 4.9it/s 7.4s<1:08
[K       8/10      2.89G      1.705      1.223      1.391          5       1024: 9% ━─────────── 35/368 4.7it/s 7.7s<1:11
[K       8/10      2.89G      1.708      1.237      1.405         10       1024: 9% ━─────────── 36/368 4.9it/s 7.9s<1:07
[K       8/10      2.89G      1.706      1.228      1.404          6       1024: 10% ━─────────── 37/368 4.7it/s 8.1s<1:10
[K       8/10      2.89G      1.708      1.222      1.406          4       1024: 10% ━─────────── 38/368 5.0it/s 8.3s<1:05
[K       8/10      2.89G      1.725      1.235       1.41          9       1024: 10% ━─────────── 39/368 4.8it/s 8.5s<1:09
[K       8/10      2.89G      1.721      1.248      1.412          9       1024: 10% ━─────────── 40/368 5.0it/s 8.7s<1:05
[K       8/10      2.89G      1.727      1.242      1.406          6       1024: 11% ━─────────── 41/368 4.8it/s 8.9s<1:08
[K       8/10      2.89G      1.722      1.232      1.405          7       1024: 11% ━─────────── 42/368 5.1it/s 9.1s<1:04
[K       8/10      2.89G      1.719      1.232      1.407          6       1024: 11% ━─────────── 43/368 4.8it/s 9.4s<1:08
[K       8/10      2.89G      1.722      1.242      1.414          9       1024: 11% ━─────────── 44/368 5.0it/s 9.5s<1:05
[K       8/10      2.89G      1.732      1.248      1.422          6       1024: 12% ━─────────── 45/368 4.7it/s 9.8s<1:09
[K       8/10      2.89G      1.739      1.257       1.43          8       1024: 12% ━─────────── 46/368 5.0it/s 10.0s<1:04
[K       8/10      2.89G      1.738      1.247      1.424          4       1024: 12% ━╸────────── 47/368 4.7it/s 10.2s<1:08
[K       8/10      2.89G      1.735      1.259      1.426          4       1024: 13% ━╸────────── 48/368 5.0it/s 10.4s<1:04
[K       8/10      2.89G      1.738      1.288      1.427          5       1024: 13% ━╸────────── 49/368 4.7it/s 10.6s<1:07
[K       8/10      2.89G      1.733      1.281      1.422          5       1024: 13% ━╸────────── 50/368 5.0it/s 10.8s<1:04
[K       8/10      2.89G      1.723      1.273      1.415          8       1024: 13% ━╸────────── 51/368 4.7it/s 11.1s<1:07
[K       8/10      2.89G      1.724      1.264      1.415          4       1024: 14% ━╸────────── 52/368 4.9it/s 11.2s<1:04
[K       8/10      2.89G      1.723      1.268      1.417          9       1024: 14% ━╸────────── 53/368 4.7it/s 11.5s<1:07
[K       8/10      2.89G      1.723      1.261      1.415          5       1024: 14% ━╸────────── 54/368 4.9it/s 11.7s<1:04
[K       8/10      2.89G      1.719      1.254      1.412          5       1024: 14% ━╸────────── 55/368 4.7it/s 11.9s<1:07
[K       8/10      2.89G      1.718      1.248      1.404          5       1024: 15% ━╸────────── 56/368 4.9it/s 12.1s<1:03
[K       8/10      2.89G      1.711      1.243      1.401          6       1024: 15% ━╸────────── 57/368 4.7it/s 12.3s<1:06
[K       8/10      2.89G      1.711      1.241      1.397          9       1024: 15% ━╸────────── 58/368 5.1it/s 12.5s<1:00
[K       8/10      2.89G      1.714      1.245      1.401          7       1024: 16% ━╸────────── 59/368 4.9it/s 12.7s<1:03
[K       8/10      2.89G      1.709      1.245      1.398          7       1024: 16% ━╸────────── 60/368 5.1it/s 12.9s<1:00
[K       8/10      2.89G        1.7      1.242      1.396          5       1024: 16% ━╸────────── 61/368 4.7it/s 13.2s<1:05
[K       8/10      2.89G      1.711      1.235      1.397          4       1024: 16% ━━────────── 62/368 5.0it/s 13.3s<1:01
[K       8/10      2.89G      1.708      1.232      1.394          6       1024: 17% ━━────────── 63/368 4.9it/s 13.5s<1:02
[K       8/10      2.89G      1.702      1.228       1.39          6       1024: 17% ━━────────── 64/368 5.2it/s 13.7s<58.7s
[K       8/10      2.89G      1.691      1.218      1.384          4       1024: 17% ━━────────── 65/368 4.9it/s 13.9s<1:02
[K       8/10      2.89G      1.687      1.213       1.38          4       1024: 17% ━━────────── 66/368 5.1it/s 14.1s<58.7s
[K       8/10      2.89G      1.684      1.212      1.383         10       1024: 18% ━━────────── 67/368 4.8it/s 14.4s<1:03
[K       8/10      2.89G      1.686      1.216      1.389         12       1024: 18% ━━────────── 68/368 5.1it/s 14.6s<59.4s
[K       8/10      2.89G      1.688      1.227      1.394         11       1024: 18% ━━────────── 69/368 4.8it/s 14.8s<1:02
[K       8/10      2.89G      1.687      1.221      1.392          7       1024: 19% ━━────────── 70/368 5.0it/s 15.0s<59.2s
[K       8/10      2.89G      1.688      1.227      1.397         13       1024: 19% ━━────────── 71/368 4.7it/s 15.2s<1:03
[K       8/10      2.89G      1.694      1.224      1.402          4       1024: 19% ━━────────── 72/368 5.0it/s 15.4s<59.8s
[K       8/10      2.89G      1.693      1.219      1.397          8       1024: 19% ━━────────── 73/368 4.6it/s 15.7s<1:04
[K       8/10      2.89G      1.691      1.215      1.395          5       1024: 20% ━━────────── 74/368 4.9it/s 15.9s<1:00
[K       8/10      2.89G      1.689      1.213      1.395         11       1024: 20% ━━────────── 75/368 4.6it/s 16.1s<1:03
[K       8/10      2.89G      1.684      1.215      1.396          7       1024: 20% ━━────────── 76/368 4.8it/s 16.3s<1:01
[K       8/10      2.89G      1.684      1.211      1.395          5       1024: 20% ━━╸───────── 77/368 4.6it/s 16.5s<1:04
[K       8/10      2.89G      1.689       1.21      1.392          5       1024: 21% ━━╸───────── 78/368 4.9it/s 16.7s<59.0s
[K       8/10      2.89G       1.69      1.214      1.392          8       1024: 21% ━━╸───────── 79/368 4.7it/s 16.9s<1:01
[K       8/10      2.89G      1.689      1.209      1.389          8       1024: 21% ━━╸───────── 80/368 4.9it/s 17.1s<58.5s
[K       8/10      2.89G      1.693      1.215      1.393         10       1024: 22% ━━╸───────── 81/368 4.7it/s 17.4s<1:01
[K       8/10      2.89G      1.693      1.212      1.392          6       1024: 22% ━━╸───────── 82/368 5.0it/s 17.5s<57.5s
[K       8/10      2.89G      1.693      1.211      1.393          4       1024: 22% ━━╸───────── 83/368 4.7it/s 17.8s<1:01
[K       8/10      2.89G      1.691      1.211       1.39          5       1024: 22% ━━╸───────── 84/368 5.0it/s 18.0s<56.7s
[K       8/10      2.89G      1.692      1.211      1.393         13       1024: 23% ━━╸───────── 85/368 4.8it/s 18.2s<58.9s
[K       8/10      2.89G      1.696      1.214      1.395          8       1024: 23% ━━╸───────── 86/368 5.3it/s 18.4s<53.4s
[K       8/10      2.89G      1.694      1.222      1.395          4       1024: 23% ━━╸───────── 87/368 5.0it/s 18.6s<56.6s
[K       8/10      2.89G      1.694      1.221      1.398          9       1024: 23% ━━╸───────── 88/368 5.2it/s 18.8s<54.2s
[K       8/10      2.89G      1.695      1.222      1.396          6       1024: 24% ━━╸───────── 89/368 4.8it/s 19.0s<57.8s
[K       8/10      2.89G      1.692       1.22      1.395          5       1024: 24% ━━╸───────── 90/368 5.1it/s 19.2s<55.0s
[K       8/10      2.89G      1.691      1.219      1.395          7       1024: 24% ━━╸───────── 91/368 4.8it/s 19.4s<57.5s
[K       8/10      2.89G      1.694      1.226      1.401          8       1024: 25% ━━━───────── 92/368 5.0it/s 19.6s<55.1s
[K       8/10      2.89G      1.693       1.23      1.401          4       1024: 25% ━━━───────── 93/368 4.7it/s 19.9s<58.4s
[K       8/10      2.89G      1.694      1.225      1.401          5       1024: 25% ━━━───────── 94/368 5.0it/s 20.0s<54.9s
[K       8/10      2.89G      1.693      1.224      1.399          7       1024: 25% ━━━───────── 95/368 4.7it/s 20.3s<57.8s
[K       8/10      2.89G      1.692      1.227      1.401          8       1024: 26% ━━━───────── 96/368 4.9it/s 20.5s<55.0s
[K       8/10      2.89G      1.693      1.226      1.403          5       1024: 26% ━━━───────── 97/368 4.7it/s 20.7s<57.7s
[K       8/10      2.89G      1.693      1.225        1.4         12       1024: 26% ━━━───────── 98/368 4.9it/s 20.9s<54.7s
[K       8/10      2.89G      1.692      1.229      1.402         11       1024: 26% ━━━───────── 99/368 4.7it/s 21.1s<57.3s
[K       8/10      2.89G      1.694       1.23      1.401          7       1024: 27% ━━━───────── 100/368 5.0it/s 21.3s<54.0s
[K       8/10      2.89G      1.694       1.23      1.402         10       1024: 27% ━━━───────── 101/368 4.7it/s 21.6s<56.5s
[K       8/10      2.89G      1.691       1.23      1.405          8       1024: 27% ━━━───────── 102/368 5.0it/s 21.7s<53.0s
[K       8/10      2.89G      1.692      1.231      1.406          9       1024: 27% ━━━───────── 103/368 4.8it/s 22.0s<55.5s
[K       8/10      2.89G      1.693      1.229      1.406          5       1024: 28% ━━━───────── 104/368 5.1it/s 22.1s<52.2s
[K       8/10      2.89G      1.692      1.225      1.404          7       1024: 28% ━━━───────── 105/368 4.8it/s 22.4s<55.0s
[K       8/10      2.89G      1.691      1.223      1.401          5       1024: 28% ━━━───────── 106/368 5.0it/s 22.6s<51.9s
[K       8/10      2.89G      1.692      1.224      1.403          9       1024: 29% ━━━───────── 107/368 4.7it/s 22.8s<55.1s
[K       8/10      2.89G      1.695      1.227      1.406         14       1024: 29% ━━━╸──────── 108/368 5.0it/s 23.0s<52.0s
[K       8/10      2.89G      1.694      1.225      1.405          4       1024: 29% ━━━╸──────── 109/368 4.7it/s 23.2s<55.0s
[K       8/10      2.89G      1.695      1.224      1.405          5       1024: 29% ━━━╸──────── 110/368 4.9it/s 23.4s<52.3s
[K       8/10      2.89G      1.696      1.223      1.405          5       1024: 30% ━━━╸──────── 111/368 4.8it/s 23.7s<54.1s
[K       8/10      2.89G      1.694      1.224      1.406          6       1024: 30% ━━━╸──────── 112/368 5.2it/s 23.8s<49.6s
[K       8/10      2.89G       1.69      1.219      1.403          5       1024: 30% ━━━╸──────── 113/368 4.9it/s 24.1s<52.5s
[K       8/10      2.89G      1.689      1.215        1.4          5       1024: 30% ━━━╸──────── 114/368 5.0it/s 24.2s<50.3s
[K       8/10      2.89G      1.692      1.216        1.4          5       1024: 31% ━━━╸──────── 115/368 4.7it/s 24.5s<53.5s
[K       8/10      2.89G      1.689      1.211      1.397          6       1024: 31% ━━━╸──────── 116/368 4.9it/s 24.7s<51.2s
[K       8/10      2.89G      1.693      1.214        1.4          5       1024: 31% ━━━╸──────── 117/368 4.7it/s 24.9s<53.5s
[K       8/10      2.89G      1.694      1.212      1.401          6       1024: 32% ━━━╸──────── 118/368 5.0it/s 25.1s<50.1s
[K       8/10      2.89G      1.693      1.211        1.4         10       1024: 32% ━━━╸──────── 119/368 4.7it/s 25.3s<52.6s
[K       8/10      2.89G      1.691      1.208      1.397          6       1024: 32% ━━━╸──────── 120/368 5.0it/s 25.5s<49.3s
[K       8/10      2.89G      1.689      1.208      1.398          5       1024: 32% ━━━╸──────── 121/368 4.8it/s 25.8s<52.0s
[K       8/10      2.89G      1.693      1.211      1.402         10       1024: 33% ━━━╸──────── 122/368 5.0it/s 25.9s<49.0s
[K       8/10      2.89G      1.692      1.209      1.402         10       1024: 33% ━━━━──────── 123/368 4.7it/s 26.2s<51.8s
[K       8/10      2.89G      1.691      1.209      1.401          8       1024: 33% ━━━━──────── 124/368 4.9it/s 26.4s<50.0s
[K       8/10      2.89G      1.692      1.205      1.401          5       1024: 33% ━━━━──────── 125/368 4.5it/s 26.6s<53.4s
[K       8/10      2.89G      1.689      1.206        1.4          5       1024: 34% ━━━━──────── 126/368 4.8it/s 26.8s<50.5s
[K       8/10      2.89G      1.689      1.205        1.4         12       1024: 34% ━━━━──────── 127/368 4.5it/s 27.1s<53.1s
[K       8/10      2.89G      1.688      1.203      1.399          8       1024: 34% ━━━━──────── 128/368 4.8it/s 27.3s<50.2s
[K       8/10      2.89G      1.687      1.203        1.4         11       1024: 35% ━━━━──────── 129/368 4.6it/s 27.5s<52.4s
[K       8/10      2.89G      1.687      1.201        1.4          6       1024: 35% ━━━━──────── 130/368 4.9it/s 27.7s<48.1s
[K       8/10      2.89G      1.685      1.203      1.403          5       1024: 35% ━━━━──────── 131/368 4.7it/s 27.9s<50.8s
[K       8/10      2.89G      1.686      1.209      1.407         10       1024: 35% ━━━━──────── 132/368 5.0it/s 28.1s<47.3s
[K       8/10      2.89G      1.686      1.209      1.406          9       1024: 36% ━━━━──────── 133/368 4.7it/s 28.3s<49.9s
[K       8/10      2.89G      1.685      1.209      1.408          5       1024: 36% ━━━━──────── 134/368 5.0it/s 28.5s<46.5s
[K       8/10      2.89G      1.684      1.214      1.409         11       1024: 36% ━━━━──────── 135/368 4.8it/s 28.8s<48.9s
[K       8/10      2.89G      1.683      1.213      1.407          4       1024: 36% ━━━━──────── 136/368 5.1it/s 28.9s<45.9s
[K       8/10      2.89G      1.683      1.212      1.407          5       1024: 37% ━━━━──────── 137/368 4.8it/s 29.2s<48.1s
[K       8/10      2.89G      1.681      1.212      1.406          5       1024: 37% ━━━━──────── 138/368 5.0it/s 29.4s<45.9s
[K       8/10      2.89G      1.682      1.212      1.408          6       1024: 37% ━━━━╸─────── 139/368 4.7it/s 29.6s<48.4s
[K       8/10      2.89G      1.683      1.211      1.407          4       1024: 38% ━━━━╸─────── 140/368 5.0it/s 29.8s<45.2s
[K       8/10      2.89G      1.681      1.209      1.405          5       1024: 38% ━━━━╸─────── 141/368 4.7it/s 30.0s<47.8s
[K       8/10      2.89G      1.683      1.208      1.404          4       1024: 38% ━━━━╸─────── 142/368 5.0it/s 30.2s<45.3s
[K       8/10      2.89G      1.681      1.207      1.404          4       1024: 38% ━━━━╸─────── 143/368 4.7it/s 30.4s<47.7s
[K       8/10      2.89G      1.677      1.204      1.402          5       1024: 39% ━━━━╸─────── 144/368 5.0it/s 30.6s<44.9s
[K       8/10      2.89G      1.679      1.202      1.401          6       1024: 39% ━━━━╸─────── 145/368 4.7it/s 30.9s<47.5s
[K       8/10      2.89G      1.677      1.198        1.4          5       1024: 39% ━━━━╸─────── 146/368 4.9it/s 31.1s<45.0s
[K       8/10      2.89G      1.677      1.198        1.4          6       1024: 39% ━━━━╸─────── 147/368 4.7it/s 31.3s<46.6s
[K       8/10      2.89G      1.677      1.196      1.398          6       1024: 40% ━━━━╸─────── 148/368 5.0it/s 31.5s<44.4s
[K       8/10      2.89G      1.675      1.194      1.398          7       1024: 40% ━━━━╸─────── 149/368 4.7it/s 31.7s<46.5s
[K       8/10      2.89G      1.675      1.195      1.399         10       1024: 40% ━━━━╸─────── 150/368 5.0it/s 31.9s<43.5s
[K       8/10      2.89G      1.677      1.195        1.4          4       1024: 41% ━━━━╸─────── 151/368 4.7it/s 32.1s<46.0s
[K       8/10      2.89G      1.676      1.192      1.399          5       1024: 41% ━━━━╸─────── 152/368 5.0it/s 32.3s<43.1s
[K       8/10      2.89G      1.675      1.189      1.398          6       1024: 41% ━━━━╸─────── 153/368 4.7it/s 32.6s<45.7s
[K       8/10      2.89G      1.673       1.19      1.397          5       1024: 41% ━━━━━─────── 154/368 5.0it/s 32.7s<42.6s
[K       8/10      2.89G      1.674      1.188      1.397          5       1024: 42% ━━━━━─────── 155/368 4.8it/s 33.0s<44.7s
[K       8/10      2.89G      1.673      1.187      1.396          7       1024: 42% ━━━━━─────── 156/368 5.0it/s 33.2s<42.3s
[K       8/10      2.89G      1.669      1.183      1.393          4       1024: 42% ━━━━━─────── 157/368 4.7it/s 33.4s<44.9s
[K       8/10      2.89G      1.669      1.185      1.393          4       1024: 42% ━━━━━─────── 158/368 4.9it/s 33.6s<43.1s
[K       8/10      2.89G       1.67      1.184      1.392          9       1024: 43% ━━━━━─────── 159/368 4.7it/s 33.8s<44.3s
[K       8/10      2.89G      1.671      1.188      1.395          5       1024: 43% ━━━━━─────── 160/368 5.0it/s 34.0s<41.5s
[K       8/10      2.89G      1.671       1.19      1.395         13       1024: 43% ━━━━━─────── 161/368 4.7it/s 34.3s<43.8s
[K       8/10      2.89G      1.671      1.192      1.396          6       1024: 44% ━━━━━─────── 162/368 5.0it/s 34.4s<41.2s
[K       8/10      2.89G       1.67       1.19      1.396          9       1024: 44% ━━━━━─────── 163/368 4.8it/s 34.7s<42.9s
[K       8/10      2.89G      1.672      1.191      1.396          9       1024: 44% ━━━━━─────── 164/368 5.0it/s 34.8s<40.7s
[K       8/10      2.89G      1.671      1.194      1.396          9       1024: 44% ━━━━━─────── 165/368 4.7it/s 35.1s<42.9s
[K       8/10      2.89G      1.668      1.193      1.396          7       1024: 45% ━━━━━─────── 166/368 4.9it/s 35.3s<41.2s
[K       8/10      2.89G      1.668      1.194      1.398          8       1024: 45% ━━━━━─────── 167/368 4.7it/s 35.5s<43.2s
[K       8/10      2.89G      1.669      1.194      1.397          4       1024: 45% ━━━━━─────── 168/368 4.9it/s 35.7s<40.6s
[K       8/10      2.89G      1.671      1.196      1.398          6       1024: 45% ━━━━━╸────── 169/368 4.7it/s 35.9s<42.7s
[K       8/10      2.89G       1.67      1.194      1.397          6       1024: 46% ━━━━━╸────── 170/368 5.0it/s 36.1s<39.7s
[K       8/10      2.89G      1.668      1.191      1.395          7       1024: 46% ━━━━━╸────── 171/368 4.7it/s 36.4s<41.6s
[K       8/10      2.89G      1.667       1.19      1.395          7       1024: 46% ━━━━━╸────── 172/368 5.1it/s 36.5s<38.8s
[K       8/10      2.89G       1.67      1.192      1.396         10       1024: 47% ━━━━━╸────── 173/368 4.7it/s 36.8s<41.4s
[K       8/10      2.89G      1.669      1.189      1.394          5       1024: 47% ━━━━━╸────── 174/368 5.0it/s 37.0s<39.0s
[K       8/10      2.89G      1.672      1.189      1.395          7       1024: 47% ━━━━━╸────── 175/368 4.7it/s 37.2s<41.2s
[K       8/10      2.89G      1.674      1.194      1.398          5       1024: 47% ━━━━━╸────── 176/368 5.0it/s 37.4s<38.7s
[K       8/10      2.89G      1.676      1.195      1.399          9       1024: 48% ━━━━━╸────── 177/368 4.7it/s 37.6s<40.3s
[K       8/10      2.89G      1.677      1.194        1.4          5       1024: 48% ━━━━━╸────── 178/368 5.0it/s 37.8s<38.4s
[K       8/10      2.89G      1.676      1.192      1.398          4       1024: 48% ━━━━━╸────── 179/368 4.7it/s 38.1s<40.1s
[K       8/10      2.89G      1.677      1.191      1.397          5       1024: 48% ━━━━━╸────── 180/368 5.0it/s 38.2s<37.8s
[K       8/10      2.89G      1.677       1.19      1.396          7       1024: 49% ━━━━━╸────── 181/368 4.7it/s 38.5s<39.6s
[K       8/10      2.89G      1.675      1.188      1.394          7       1024: 49% ━━━━━╸────── 182/368 4.9it/s 38.7s<37.6s
[K       8/10      2.89G      1.675      1.189      1.394          6       1024: 49% ━━━━━╸────── 183/368 4.7it/s 38.9s<39.1s
[K       8/10      2.89G      1.675      1.189      1.392          6       1024: 50% ━━━━━━────── 184/368 5.1it/s 39.1s<36.3s
[K       8/10      2.89G      1.678      1.192      1.394         14       1024: 50% ━━━━━━────── 185/368 4.8it/s 39.3s<38.2s
[K       8/10      2.89G      1.677      1.191      1.393          5       1024: 50% ━━━━━━────── 186/368 5.0it/s 39.5s<36.3s
[K       8/10      2.89G      1.676       1.19      1.393          5       1024: 50% ━━━━━━────── 187/368 4.7it/s 39.7s<38.3s
[K       8/10      2.89G      1.678      1.196      1.396         10       1024: 51% ━━━━━━────── 188/368 5.1it/s 39.9s<35.6s
[K       8/10      2.89G      1.678      1.194      1.397          6       1024: 51% ━━━━━━────── 189/368 4.8it/s 40.2s<37.3s
[K       8/10      2.89G      1.678      1.192      1.397          6       1024: 51% ━━━━━━────── 190/368 5.0it/s 40.3s<35.7s
[K       8/10      2.89G      1.679      1.193      1.398          8       1024: 51% ━━━━━━────── 191/368 4.7it/s 40.6s<37.7s
[K       8/10      2.89G      1.681      1.193      1.397          5       1024: 52% ━━━━━━────── 192/368 5.0it/s 40.8s<35.0s
[K       8/10      2.89G       1.68      1.193      1.396          7       1024: 52% ━━━━━━────── 193/368 4.7it/s 41.0s<36.9s
[K       8/10      2.89G       1.68      1.192      1.396          5       1024: 52% ━━━━━━────── 194/368 5.2it/s 41.2s<33.5s
[K       8/10      2.89G       1.68      1.191      1.394          5       1024: 52% ━━━━━━────── 195/368 4.9it/s 41.4s<35.2s
[K       8/10      2.89G      1.678       1.19      1.394          5       1024: 53% ━━━━━━────── 196/368 5.2it/s 41.6s<33.4s
[K       8/10      2.89G      1.677      1.189      1.394          4       1024: 53% ━━━━━━────── 197/368 4.8it/s 41.8s<35.6s
[K       8/10      2.89G      1.677       1.19      1.394         11       1024: 53% ━━━━━━────── 198/368 5.1it/s 42.0s<33.6s
[K       8/10      2.89G      1.678      1.188      1.393          6       1024: 54% ━━━━━━────── 199/368 4.8it/s 42.2s<35.2s
[K       8/10      2.89G      1.679      1.188      1.394          5       1024: 54% ━━━━━━╸───── 200/368 5.0it/s 42.4s<33.6s
[K       8/10      2.89G      1.679      1.187      1.393          8       1024: 54% ━━━━━━╸───── 201/368 4.8it/s 42.6s<34.7s
[K       8/10      2.89G       1.68      1.193      1.394         10       1024: 54% ━━━━━━╸───── 202/368 5.0it/s 42.8s<33.1s
[K       8/10      2.89G      1.679      1.192      1.394         10       1024: 55% ━━━━━━╸───── 203/368 4.8it/s 43.1s<34.3s
[K       8/10      2.89G       1.68      1.191      1.393          7       1024: 55% ━━━━━━╸───── 204/368 5.0it/s 43.2s<33.0s
[K       8/10      2.89G      1.681      1.196      1.397          9       1024: 55% ━━━━━━╸───── 205/368 4.7it/s 43.5s<34.6s
[K       8/10      2.89G      1.681      1.196      1.397          6       1024: 55% ━━━━━━╸───── 206/368 4.8it/s 43.7s<33.4s
[K       8/10      2.89G       1.68      1.195      1.396          4       1024: 56% ━━━━━━╸───── 207/368 4.6it/s 43.9s<34.7s
[K       8/10      2.89G      1.682      1.195      1.397          5       1024: 56% ━━━━━━╸───── 208/368 4.9it/s 44.1s<32.5s
[K       8/10      2.89G      1.681      1.194      1.397          5       1024: 56% ━━━━━━╸───── 209/368 4.7it/s 44.3s<33.9s
[K       8/10      2.89G      1.681      1.194      1.396          7       1024: 57% ━━━━━━╸───── 210/368 5.0it/s 44.5s<31.5s
[K       8/10      2.89G       1.68      1.194      1.396          9       1024: 57% ━━━━━━╸───── 211/368 4.8it/s 44.8s<32.9s
[K       8/10      2.89G       1.68      1.193      1.397          6       1024: 57% ━━━━━━╸───── 212/368 5.0it/s 44.9s<30.9s
[K       8/10      2.89G       1.68      1.192      1.397          6       1024: 57% ━━━━━━╸───── 213/368 4.8it/s 45.2s<32.0s
[K       8/10      2.89G      1.681      1.192      1.398          5       1024: 58% ━━━━━━╸───── 214/368 5.1it/s 45.3s<30.3s
[K       8/10      2.89G      1.679      1.191      1.397          4       1024: 58% ━━━━━━━───── 215/368 4.8it/s 45.6s<31.8s
[K       8/10      2.89G      1.681      1.191      1.398          9       1024: 58% ━━━━━━━───── 216/368 5.0it/s 45.8s<30.2s
[K       8/10      2.89G      1.682      1.193      1.399         12       1024: 58% ━━━━━━━───── 217/368 4.8it/s 46.0s<31.7s
[K       8/10      2.89G      1.681      1.191      1.398          5       1024: 59% ━━━━━━━───── 218/368 5.0it/s 46.2s<30.0s
[K       8/10      2.89G      1.679      1.189      1.397          5       1024: 59% ━━━━━━━───── 219/368 4.7it/s 46.4s<31.8s
[K       8/10      2.89G      1.682      1.188      1.398          7       1024: 59% ━━━━━━━───── 220/368 5.0it/s 46.6s<29.8s
[K       8/10      2.89G      1.682      1.187      1.397          5       1024: 60% ━━━━━━━───── 221/368 4.7it/s 46.9s<31.3s
[K       8/10      2.89G      1.684      1.189      1.399          4       1024: 60% ━━━━━━━───── 222/368 5.0it/s 47.0s<29.3s
[K       8/10      2.89G      1.682      1.187      1.396          4       1024: 60% ━━━━━━━───── 223/368 4.7it/s 47.3s<31.0s
[K       8/10      2.89G      1.682      1.186      1.396          5       1024: 60% ━━━━━━━───── 224/368 4.9it/s 47.5s<29.2s
[K       8/10      2.89G      1.681      1.185      1.395          5       1024: 61% ━━━━━━━───── 225/368 4.7it/s 47.7s<30.4s
[K       8/10      2.89G       1.68      1.185      1.395          4       1024: 61% ━━━━━━━───── 226/368 5.0it/s 47.9s<28.3s
[K       8/10      2.89G      1.679      1.183      1.393          7       1024: 61% ━━━━━━━───── 227/368 4.7it/s 48.1s<29.8s
[K       8/10      2.89G       1.68      1.184      1.394          9       1024: 61% ━━━━━━━───── 228/368 5.1it/s 48.3s<27.3s
[K       8/10      2.89G      1.682      1.186      1.397          4       1024: 62% ━━━━━━━───── 229/368 4.8it/s 48.5s<28.8s
[K       8/10      2.89G      1.683      1.185      1.397          8       1024: 62% ━━━━━━━───── 230/368 5.2it/s 48.7s<26.5s
[K       8/10      2.89G      1.684      1.186      1.395         10       1024: 62% ━━━━━━━╸──── 231/368 4.9it/s 48.9s<28.0s
[K       8/10      2.89G      1.684      1.186      1.395          4       1024: 63% ━━━━━━━╸──── 232/368 5.1it/s 49.1s<26.5s
[K       8/10      2.89G      1.682      1.184      1.394          5       1024: 63% ━━━━━━━╸──── 233/368 4.8it/s 49.4s<28.0s
[K       8/10      2.89G       1.68      1.183      1.394          8       1024: 63% ━━━━━━━╸──── 234/368 5.1it/s 49.5s<26.3s
[K       8/10      2.89G      1.679      1.183      1.393          5       1024: 63% ━━━━━━━╸──── 235/368 4.8it/s 49.8s<27.7s
[K       8/10      2.89G      1.678      1.182      1.393          6       1024: 64% ━━━━━━━╸──── 236/368 5.1it/s 49.9s<25.9s
[K       8/10      2.89G       1.68      1.183      1.394          9       1024: 64% ━━━━━━━╸──── 237/368 4.8it/s 50.2s<27.5s
[K       8/10      2.89G      1.682      1.183      1.395          5       1024: 64% ━━━━━━━╸──── 238/368 5.0it/s 50.4s<26.2s
[K       8/10      2.89G      1.683      1.183      1.395          7       1024: 64% ━━━━━━━╸──── 239/368 4.7it/s 50.6s<27.5s
[K       8/10      2.89G      1.683      1.182      1.395          5       1024: 65% ━━━━━━━╸──── 240/368 5.0it/s 50.8s<25.7s
[K       8/10      2.89G      1.681      1.181      1.394          4       1024: 65% ━━━━━━━╸──── 241/368 4.7it/s 51.1s<27.1s
[K       8/10      2.89G      1.681      1.181      1.394          4       1024: 65% ━━━━━━━╸──── 242/368 5.0it/s 51.2s<25.4s
[K       8/10      2.89G      1.682      1.181      1.394          4       1024: 66% ━━━━━━━╸──── 243/368 4.7it/s 51.5s<26.5s
[K       8/10      2.89G       1.68      1.179      1.393          4       1024: 66% ━━━━━━━╸──── 244/368 4.9it/s 51.7s<25.2s
[K       8/10      2.89G      1.681      1.178      1.393          4       1024: 66% ━━━━━━━╸──── 245/368 4.7it/s 51.9s<26.3s
[K       8/10      2.89G      1.681      1.177      1.394          6       1024: 66% ━━━━━━━━──── 246/368 4.9it/s 52.1s<24.9s
[K       8/10      2.89G       1.68      1.178      1.395          7       1024: 67% ━━━━━━━━──── 247/368 4.7it/s 52.3s<26.0s
[K       8/10      2.89G       1.68      1.178      1.394          6       1024: 67% ━━━━━━━━──── 248/368 5.0it/s 52.5s<24.1s
[K       8/10      2.89G      1.679      1.176      1.393          6       1024: 67% ━━━━━━━━──── 249/368 4.7it/s 52.7s<25.2s
[K       8/10      2.89G      1.677      1.175      1.393          5       1024: 67% ━━━━━━━━──── 250/368 5.1it/s 52.9s<23.3s
[K       8/10      2.89G      1.676      1.173      1.392          7       1024: 68% ━━━━━━━━──── 251/368 4.8it/s 53.2s<24.6s
[K       8/10      2.89G      1.677      1.172      1.393          9       1024: 68% ━━━━━━━━──── 252/368 5.1it/s 53.3s<22.9s
[K       8/10      2.89G      1.676      1.171      1.392          4       1024: 68% ━━━━━━━━──── 253/368 4.8it/s 53.6s<24.1s
[K       8/10      2.89G      1.673       1.17      1.391          6       1024: 69% ━━━━━━━━──── 254/368 5.1it/s 53.8s<22.4s
[K       8/10      2.89G      1.673      1.171      1.392          7       1024: 69% ━━━━━━━━──── 255/368 4.8it/s 54.0s<23.5s
[K       8/10      2.89G      1.674       1.17      1.393          5       1024: 69% ━━━━━━━━──── 256/368 5.1it/s 54.2s<22.1s
[K       8/10      2.89G      1.676      1.171      1.394          7       1024: 69% ━━━━━━━━──── 257/368 4.7it/s 54.4s<23.4s
[K       8/10      2.89G      1.677      1.174      1.395          9       1024: 70% ━━━━━━━━──── 258/368 5.0it/s 54.6s<22.0s
[K       8/10      2.89G      1.679      1.174      1.396          7       1024: 70% ━━━━━━━━──── 259/368 4.7it/s 54.9s<23.2s
[K       8/10      2.89G      1.679      1.175      1.397          5       1024: 70% ━━━━━━━━──── 260/368 4.9it/s 55.0s<21.9s
[K       8/10      2.89G      1.679      1.175      1.397         10       1024: 70% ━━━━━━━━╸─── 261/368 4.7it/s 55.3s<22.8s
[K       8/10      2.89G       1.68      1.174      1.396          4       1024: 71% ━━━━━━━━╸─── 262/368 4.9it/s 55.5s<21.5s
[K       8/10      2.89G       1.68      1.173      1.396          7       1024: 71% ━━━━━━━━╸─── 263/368 4.7it/s 55.7s<22.3s
[K       8/10      2.89G      1.679      1.172      1.395          4       1024: 71% ━━━━━━━━╸─── 264/368 4.9it/s 55.9s<21.0s
[K       8/10      2.89G      1.679      1.171      1.395          5       1024: 72% ━━━━━━━━╸─── 265/368 4.7it/s 56.1s<21.9s
[K       8/10      2.89G      1.679      1.171      1.395          7       1024: 72% ━━━━━━━━╸─── 266/368 5.0it/s 56.3s<20.4s
[K       8/10      2.89G      1.678       1.17      1.395          9       1024: 72% ━━━━━━━━╸─── 267/368 4.7it/s 56.5s<21.4s
[K       8/10      2.89G      1.676      1.169      1.394          4       1024: 72% ━━━━━━━━╸─── 268/368 5.0it/s 56.7s<19.9s
[K       8/10      2.89G      1.676      1.167      1.393          5       1024: 73% ━━━━━━━━╸─── 269/368 4.7it/s 57.0s<20.9s
[K       8/10      2.89G      1.677      1.169      1.394         11       1024: 73% ━━━━━━━━╸─── 270/368 5.0it/s 57.1s<19.4s
[K       8/10      2.89G      1.676      1.169      1.393          7       1024: 73% ━━━━━━━━╸─── 271/368 4.8it/s 57.4s<20.2s
[K       8/10      2.89G      1.675      1.168      1.392          6       1024: 73% ━━━━━━━━╸─── 272/368 5.1it/s 57.5s<18.9s
[K       8/10      2.89G      1.675      1.167      1.391          5       1024: 74% ━━━━━━━━╸─── 273/368 4.8it/s 57.8s<19.7s
[K       8/10      2.89G      1.675      1.166       1.39          4       1024: 74% ━━━━━━━━╸─── 274/368 5.1it/s 58.0s<18.5s
[K       8/10      2.89G      1.674      1.165      1.391          4       1024: 74% ━━━━━━━━╸─── 275/368 4.7it/s 58.2s<19.7s
[K       8/10      2.89G      1.673      1.164       1.39          6       1024: 75% ━━━━━━━━━─── 276/368 5.0it/s 58.4s<18.4s
[K       8/10      2.89G      1.672      1.163       1.39          5       1024: 75% ━━━━━━━━━─── 277/368 4.7it/s 58.6s<19.3s
[K       8/10      2.89G      1.673      1.162      1.391          5       1024: 75% ━━━━━━━━━─── 278/368 4.9it/s 58.8s<18.2s
[K       8/10      2.89G      1.674      1.163      1.391          5       1024: 75% ━━━━━━━━━─── 279/368 4.7it/s 59.1s<18.9s
[K       8/10      2.89G      1.674      1.163      1.391          7       1024: 76% ━━━━━━━━━─── 280/368 4.9it/s 59.2s<17.8s
[K       8/10      2.89G      1.674      1.162      1.391          6       1024: 76% ━━━━━━━━━─── 281/368 4.7it/s 59.5s<18.7s
[K       8/10      2.89G      1.674      1.161      1.391          6       1024: 76% ━━━━━━━━━─── 282/368 4.9it/s 59.7s<17.5s
[K       8/10      2.89G      1.674       1.16      1.391          5       1024: 76% ━━━━━━━━━─── 283/368 4.7it/s 59.9s<18.2s
[K       8/10      2.89G      1.673       1.16      1.391          6       1024: 77% ━━━━━━━━━─── 284/368 5.0it/s 1:00<16.8s
[K       8/10      2.89G      1.674      1.161      1.392          5       1024: 77% ━━━━━━━━━─── 285/368 4.7it/s 1:00<17.7s
[K       8/10      2.89G      1.675      1.161      1.392          5       1024: 77% ━━━━━━━━━─── 286/368 5.0it/s 1:01<16.4s
[K       8/10      2.89G      1.674       1.16       1.39          6       1024: 77% ━━━━━━━━━─── 287/368 4.8it/s 1:01<16.8s
[K       8/10      2.89G      1.674      1.161      1.391          5       1024: 78% ━━━━━━━━━─── 288/368 5.1it/s 1:01<15.8s
[K       8/10      2.89G      1.673      1.162      1.392          8       1024: 78% ━━━━━━━━━─── 289/368 4.9it/s 1:01<16.2s
[K       8/10      2.89G      1.672       1.16      1.391          5       1024: 78% ━━━━━━━━━─── 290/368 5.1it/s 1:01<15.2s
[K       8/10      2.89G      1.671      1.158       1.39          5       1024: 79% ━━━━━━━━━─── 291/368 4.8it/s 1:02<15.9s
[K       8/10      2.89G      1.671      1.157      1.389          5       1024: 79% ━━━━━━━━━╸── 292/368 5.1it/s 1:02<14.9s
[K       8/10      2.89G      1.671      1.157      1.389          5       1024: 79% ━━━━━━━━━╸── 293/368 4.9it/s 1:02<15.2s
[K       8/10      2.89G      1.672      1.156      1.389          4       1024: 79% ━━━━━━━━━╸── 294/368 5.2it/s 1:02<14.4s
[K       8/10      2.89G      1.672      1.156      1.388          5       1024: 80% ━━━━━━━━━╸── 295/368 4.8it/s 1:02<15.1s
[K       8/10      2.89G      1.673      1.157       1.39          9       1024: 80% ━━━━━━━━━╸── 296/368 5.1it/s 1:03<14.1s
[K       8/10      2.89G      1.672      1.156      1.389          8       1024: 80% ━━━━━━━━━╸── 297/368 4.9it/s 1:03<14.3s
[K       8/10      2.89G      1.674      1.157      1.389          9       1024: 80% ━━━━━━━━━╸── 298/368 5.1it/s 1:03<13.6s
[K       8/10      2.89G      1.674      1.157       1.39         10       1024: 81% ━━━━━━━━━╸── 299/368 4.8it/s 1:03<14.3s
[K       8/10      2.89G      1.672      1.155      1.389          4       1024: 81% ━━━━━━━━━╸── 300/368 5.1it/s 1:03<13.4s
[K       8/10      2.89G      1.671      1.155      1.388          5       1024: 81% ━━━━━━━━━╸── 301/368 4.7it/s 1:04<14.1s
[K       8/10      2.89G      1.671      1.154      1.388          4       1024: 82% ━━━━━━━━━╸── 302/368 5.0it/s 1:04<13.2s
[K       8/10      2.89G      1.671      1.155      1.388         13       1024: 82% ━━━━━━━━━╸── 303/368 4.8it/s 1:04<13.5s
[K       8/10      2.89G      1.673      1.155      1.389          5       1024: 82% ━━━━━━━━━╸── 304/368 5.0it/s 1:04<12.7s
[K       8/10      2.89G      1.672      1.154      1.388          9       1024: 82% ━━━━━━━━━╸── 305/368 4.7it/s 1:04<13.3s
[K       8/10      2.89G      1.673      1.153      1.387          8       1024: 83% ━━━━━━━━━╸── 306/368 5.0it/s 1:05<12.4s
[K       8/10      2.89G      1.673      1.152      1.387          6       1024: 83% ━━━━━━━━━━── 307/368 4.8it/s 1:05<12.8s
[K       8/10      2.89G      1.673      1.153      1.387          8       1024: 83% ━━━━━━━━━━── 308/368 5.0it/s 1:05<12.0s
[K       8/10      2.89G      1.673      1.153      1.387          4       1024: 83% ━━━━━━━━━━── 309/368 4.8it/s 1:05<12.2s
[K       8/10      2.89G      1.673      1.153      1.387          5       1024: 84% ━━━━━━━━━━── 310/368 5.0it/s 1:05<11.5s
[K       8/10      2.89G      1.672      1.152      1.387          4       1024: 84% ━━━━━━━━━━── 311/368 4.7it/s 1:06<12.2s
[K       8/10      2.89G      1.672      1.151      1.386          5       1024: 84% ━━━━━━━━━━── 312/368 5.0it/s 1:06<11.2s
[K       8/10      2.89G      1.672      1.149      1.386          5       1024: 85% ━━━━━━━━━━── 313/368 4.7it/s 1:06<11.7s
[K       8/10      2.89G      1.673      1.149      1.385          5       1024: 85% ━━━━━━━━━━── 314/368 5.0it/s 1:06<10.7s
[K       8/10      2.89G      1.672      1.148      1.384          7       1024: 85% ━━━━━━━━━━── 315/368 4.8it/s 1:07<11.1s
[K       8/10      2.89G      1.672      1.147      1.385          4       1024: 85% ━━━━━━━━━━── 316/368 5.1it/s 1:07<10.3s
[K       8/10      2.89G      1.671      1.147      1.384          6       1024: 86% ━━━━━━━━━━── 317/368 4.8it/s 1:07<10.6s
[K       8/10      2.89G      1.671      1.146      1.384          5       1024: 86% ━━━━━━━━━━── 318/368 5.1it/s 1:07<9.8s
[K       8/10      2.89G       1.67      1.145      1.383          5       1024: 86% ━━━━━━━━━━── 319/368 4.8it/s 1:07<10.1s
[K       8/10      2.89G      1.669      1.146      1.383          4       1024: 86% ━━━━━━━━━━── 320/368 5.1it/s 1:08<9.4s
[K       8/10      2.89G      1.668      1.145      1.382          7       1024: 87% ━━━━━━━━━━── 321/368 4.8it/s 1:08<9.7s
[K       8/10      2.89G      1.668      1.145      1.384          7       1024: 87% ━━━━━━━━━━── 322/368 5.1it/s 1:08<9.1s
[K       8/10      2.89G      1.669      1.145      1.384          4       1024: 87% ━━━━━━━━━━╸─ 323/368 4.8it/s 1:08<9.4s
[K       8/10      2.89G      1.669      1.145      1.384          7       1024: 88% ━━━━━━━━━━╸─ 324/368 5.0it/s 1:08<8.8s
[K       8/10      2.89G       1.67      1.145      1.384          6       1024: 88% ━━━━━━━━━━╸─ 325/368 4.8it/s 1:09<9.0s
[K       8/10      2.89G       1.67      1.145      1.386          9       1024: 88% ━━━━━━━━━━╸─ 326/368 5.1it/s 1:09<8.3s
[K       8/10      2.89G       1.67      1.146      1.386          6       1024: 88% ━━━━━━━━━━╸─ 327/368 4.8it/s 1:09<8.6s
[K       8/10      2.89G       1.67      1.147      1.387          6       1024: 89% ━━━━━━━━━━╸─ 328/368 5.0it/s 1:09<8.0s
[K       8/10      2.89G      1.669      1.147      1.387          6       1024: 89% ━━━━━━━━━━╸─ 329/368 4.7it/s 1:09<8.2s
[K       8/10      2.89G      1.671      1.148      1.387          5       1024: 89% ━━━━━━━━━━╸─ 330/368 5.0it/s 1:10<7.7s
[K       8/10      2.89G      1.671      1.147      1.387          5       1024: 89% ━━━━━━━━━━╸─ 331/368 4.7it/s 1:10<7.9s
[K       8/10      2.89G      1.671      1.145      1.386          6       1024: 90% ━━━━━━━━━━╸─ 332/368 4.9it/s 1:10<7.3s
[K       8/10      2.89G       1.67       1.15      1.388          5       1024: 90% ━━━━━━━━━━╸─ 333/368 4.7it/s 1:10<7.4s
[K       8/10      2.89G      1.671       1.15      1.388          8       1024: 90% ━━━━━━━━━━╸─ 334/368 4.9it/s 1:11<6.9s
[K       8/10      2.89G       1.67      1.149      1.388          5       1024: 91% ━━━━━━━━━━╸─ 335/368 4.7it/s 1:11<7.1s
[K       8/10      2.89G      1.671      1.149      1.388          7       1024: 91% ━━━━━━━━━━╸─ 336/368 5.0it/s 1:11<6.4s
[K       8/10      2.89G      1.671      1.149      1.388          7       1024: 91% ━━━━━━━━━━╸─ 337/368 4.7it/s 1:11<6.5s
[K       8/10      2.89G      1.671      1.149      1.388          6       1024: 91% ━━━━━━━━━━━─ 338/368 5.0it/s 1:11<5.9s
[K       8/10      2.89G      1.671      1.149      1.388          4       1024: 92% ━━━━━━━━━━━─ 339/368 4.8it/s 1:12<6.0s
[K       8/10      2.89G      1.671      1.148      1.387         10       1024: 92% ━━━━━━━━━━━─ 340/368 5.1it/s 1:12<5.5s
[K       8/10      2.89G      1.672      1.148      1.388          6       1024: 92% ━━━━━━━━━━━─ 341/368 4.8it/s 1:12<5.7s
[K       8/10      2.89G      1.672      1.148      1.388          5       1024: 92% ━━━━━━━━━━━─ 342/368 5.0it/s 1:12<5.2s
[K       8/10      2.89G      1.673       1.15      1.389         10       1024: 93% ━━━━━━━━━━━─ 343/368 4.7it/s 1:12<5.3s
[K       8/10      2.89G      1.673      1.149      1.389          5       1024: 93% ━━━━━━━━━━━─ 344/368 5.0it/s 1:13<4.8s
[K       8/10      2.89G      1.673      1.149      1.389          9       1024: 93% ━━━━━━━━━━━─ 345/368 4.7it/s 1:13<4.9s
[K       8/10      2.89G      1.674      1.149      1.389          9       1024: 94% ━━━━━━━━━━━─ 346/368 5.0it/s 1:13<4.4s
[K       8/10      2.89G      1.675       1.15       1.39          8       1024: 94% ━━━━━━━━━━━─ 347/368 4.7it/s 1:13<4.5s
[K       8/10      2.89G      1.676      1.151      1.391          6       1024: 94% ━━━━━━━━━━━─ 348/368 4.9it/s 1:13<4.1s
[K       8/10      2.89G      1.676      1.151      1.392          6       1024: 94% ━━━━━━━━━━━─ 349/368 4.7it/s 1:14<4.1s
[K       8/10      2.89G      1.675      1.151      1.392          4       1024: 95% ━━━━━━━━━━━─ 350/368 4.9it/s 1:14<3.7s
[K       8/10      2.89G      1.675      1.152      1.393          6       1024: 95% ━━━━━━━━━━━─ 351/368 4.7it/s 1:14<3.6s
[K       8/10      2.89G      1.675      1.151      1.393          4       1024: 95% ━━━━━━━━━━━─ 352/368 5.0it/s 1:14<3.2s
[K       8/10      2.89G      1.676      1.151      1.392          9       1024: 95% ━━━━━━━━━━━╸ 353/368 4.8it/s 1:15<3.1s
[K       8/10      2.89G      1.674       1.15      1.392          5       1024: 96% ━━━━━━━━━━━╸ 354/368 5.1it/s 1:15<2.8s
[K       8/10      2.89G      1.673      1.149      1.391          4       1024: 96% ━━━━━━━━━━━╸ 355/368 4.8it/s 1:15<2.7s
[K       8/10      2.89G      1.672      1.147       1.39          8       1024: 96% ━━━━━━━━━━━╸ 356/368 5.1it/s 1:15<2.4s
[K       8/10      2.89G      1.673      1.148       1.39          9       1024: 97% ━━━━━━━━━━━╸ 357/368 4.8it/s 1:15<2.3s
[K       8/10      2.89G      1.673      1.148       1.39          4       1024: 97% ━━━━━━━━━━━╸ 358/368 5.0it/s 1:16<2.0s
[K       8/10      2.89G      1.673      1.147       1.39          5       1024: 97% ━━━━━━━━━━━╸ 359/368 4.7it/s 1:16<1.9s
[K       8/10      2.89G      1.673      1.146       1.39          6       1024: 97% ━━━━━━━━━━━╸ 360/368 4.9it/s 1:16<1.6s
[K       8/10      2.89G      1.672      1.145      1.389          5       1024: 98% ━━━━━━━━━━━╸ 361/368 4.6it/s 1:16<1.5s
[K       8/10      2.89G      1.671      1.144      1.388          5       1024: 98% ━━━━━━━━━━━╸ 362/368 4.9it/s 1:16<1.2s
[K       8/10      2.89G      1.671      1.145      1.388         10       1024: 98% ━━━━━━━━━━━╸ 363/368 4.6it/s 1:17<1.1s
[K       8/10      2.89G       1.67      1.145      1.388          8       1024: 98% ━━━━━━━━━━━╸ 364/368 4.9it/s 1:17<0.8s
[K       8/10      2.89G       1.67      1.145      1.387         11       1024: 99% ━━━━━━━━━━━╸ 365/368 4.7it/s 1:17<0.6s
[K       8/10      2.89G      1.671      1.146      1.388          9       1024: 99% ━━━━━━━━━━━╸ 366/368 4.9it/s 1:17<0.4s
[K       8/10      2.89G      1.672      1.147      1.389         13       1024: 99% ━━━━━━━━━━━╸ 367/368 4.7it/s 1:18<0.2s
[K       8/10      2.89G      1.672      1.147      1.389         13       1024: 100% ━━━━━━━━━━━━ 368/368 4.7it/s 1:18

[K                 Class     Images  Instances      Box(P          R      mAP50  mAP50-95): 2% ──────────── 1/35 2.5it/s 0.1s<13.4s
[K                 Class     Images  Instances      Box(P          R      mAP50  mAP50-95): 5% ╸─────────── 2/35 4.4it/s 0.2s<7.5s
[K                 Class     Images  Instances      Box(P          R      mAP50  mAP50-95): 8% ━─────────── 3/35 5.5it/s 0.4s<5.8s
[K                 Class     Images  Instances      Box(P          R      mAP50  mAP50-95): 11% ━─────────── 4/35 6.3it/s 0.5s<4.9s
[K                 Class     Images  Instances      Box(P          R      mAP50  mAP50-95): 14% ━╸────────── 5/35 6.8it/s 0.6s<4.4s
[K                 Class     Images  Instances      Box(P          R      mAP50  mAP50-95): 17% ━━────────── 6/35 7.2it/s 0.7s<4.0s
[K                 Class     Images  Instances      Box(P          R      mAP50  mAP50-95): 20% ━━────────── 7/35 7.5it/s 0.8s<3.7s
[K                 Class     Images  Instances      Box(P          R      mAP50  mAP50-95): 22% ━━╸───────── 8/35 7.7it/s 1.0s<3.5s
[K                 Class     Images  Instances      Box(P          R      mAP50  mAP50-95): 25% ━━━───────── 9/35 8.1it/s 1.1s<3.2s
[K                 Class     Images  Instances      Box(P          R      mAP50  mAP50-95): 28% ━━━───────── 10/35 8.1it/s 1.2s<3.1s
[K                 Class     Images  Instances      Box(P          R      mAP50  mAP50-95): 31% ━━━╸──────── 11/35 8.1it/s 1.3s<3.0s
[K                 Class     Images  Instances      Box(P          R      mAP50  mAP50-95): 34% ━━━━──────── 12/35 8.0it/s 1.5s<2.9s
[K                 Class     Images  Instances      Box(P          R      mAP50  mAP50-95): 37% ━━━━──────── 13/35 8.1it/s 1.6s<2.7s
[K                 Class     Images  Instances      Box(P          R      mAP50  mAP50-95): 40% ━━━━╸─────── 14/35 8.1it/s 1.7s<2.6s
[K                 Class     Images  Instances      Box(P          R      mAP50  mAP50-95): 42% ━━━━━─────── 15/35 8.1it/s 1.8s<2.5s
[K                 Class     Images  Instances      Box(P          R      mAP50  mAP50-95): 45% ━━━━━─────── 16/35 8.0it/s 2.0s<2.4s
[K                 Class     Images  Instances      Box(P          R      mAP50  mAP50-95): 48% ━━━━━╸────── 17/35 8.0it/s 2.1s<2.2s
[K                 Class     Images  Instances      Box(P          R      mAP50  mAP50-95): 51% ━━━━━━────── 18/35 8.0it/s 2.2s<2.1s
[K                 Class     Images  Instances      Box(P          R      mAP50  mAP50-95): 54% ━━━━━━╸───── 19/35 8.0it/s 2.3s<2.0s
[K                 Class     Images  Instances      Box(P          R      mAP50  mAP50-95): 57% ━━━━━━╸───── 20/35 8.0it/s 2.5s<1.9s
[K                 Class     Images  Instances      Box(P          R      mAP50  mAP50-95): 60% ━━━━━━━───── 21/35 8.0it/s 2.6s<1.8s
[K                 Class     Images  Instances      Box(P          R      mAP50  mAP50-95): 62% ━━━━━━━╸──── 22/35 8.0it/s 2.7s<1.6s
[K                 Class     Images  Instances      Box(P          R      mAP50  mAP50-95): 65% ━━━━━━━╸──── 23/35 8.1it/s 2.8s<1.5s
[K                 Class     Images  Instances      Box(P          R      mAP50  mAP50-95): 68% ━━━━━━━━──── 24/35 8.3it/s 2.9s<1.3s
[K                 Class     Images  Instances      Box(P          R      mAP50  mAP50-95): 71% ━━━━━━━━╸─── 25/35 8.4it/s 3.1s<1.2s
[K                 Class     Images  Instances      Box(P          R      mAP50  mAP50-95): 74% ━━━━━━━━╸─── 26/35 8.4it/s 3.2s<1.1s
[K                 Class     Images  Instances      Box(P          R      mAP50  mAP50-95): 77% ━━━━━━━━━─── 27/35 8.2it/s 3.3s<1.0s
[K                 Class     Images  Instances      Box(P          R      mAP50  mAP50-95): 80% ━━━━━━━━━╸── 28/35 8.2it/s 3.4s<0.9s
[K                 Class     Images  Instances      Box(P          R      mAP50  mAP50-95): 82% ━━━━━━━━━╸── 29/35 8.2it/s 3.5s<0.7s
[K                 Class     Images  Instances      Box(P          R      mAP50  mAP50-95): 85% ━━━━━━━━━━── 30/35 8.2it/s 3.7s<0.6s
[K                 Class     Images  Instances      Box(P          R      mAP50  mAP50-95): 88% ━━━━━━━━━━╸─ 31/35 8.1it/s 3.8s<0.5s
[K                 Class     Images  Instances      Box(P          R      mAP50  mAP50-95): 91% ━━━━━━━━━━╸─ 32/35 7.9it/s 3.9s<0.4s
[K                 Class     Images  Instances      Box(P          R      mAP50  mAP50-95): 94% ━━━━━━━━━━━─ 33/35 7.6it/s 4.1s<0.3s
[K                 Class     Images  Instances      Box(P          R      mAP50  mAP50-95): 97% ━━━━━━━━━━━╸ 34/35 7.8it/s 4.2s<0.1s
[K                 Class     Images  Instances      Box(P          R      mAP50  mAP50-95): 100% ━━━━━━━━━━━━ 35/35 8.2it/s 4.3s
                   all        275        480       0.73      0.617      0.709      0.345
WAFER_EPOCH 8/10 calls=1564 map=0.34536

      Epoch    GPU_mem   box_loss   cls_loss   dfl_loss  Instances       Size

[K       9/10      2.89G      1.796      1.085      1.571          4       1024: 0% ──────────── 0/368  0.2s
[K       9/10      2.89G      1.793      1.718      1.666          4       1024: 0% ──────────── 1/368 1.2it/s 0.4s<5:06
[K       9/10      2.89G      1.798      1.716      1.691          9       1024: 0% ──────────── 2/368 2.5it/s 0.6s<2:29
[K       9/10      2.89G      1.592      1.508      1.557          9       1024: 0% ──────────── 3/368 3.0it/s 0.9s<2:04
[K       9/10      2.89G      1.558      1.512      1.542         10       1024: 1% ──────────── 4/368 3.8it/s 1.0s<1:36
[K       9/10      2.89G      1.545      1.415      1.468          9       1024: 1% ──────────── 5/368 3.9it/s 1.3s<1:34
[K       9/10      2.89G      1.597      1.411      1.508          4       1024: 1% ──────────── 6/368 4.4it/s 1.5s<1:22
[K       9/10      2.89G      1.591      1.329      1.472          6       1024: 1% ──────────── 7/368 4.3it/s 1.7s<1:24
[K       9/10      2.89G      1.586      1.289      1.465          7       1024: 2% ──────────── 8/368 4.6it/s 1.9s<1:18
[K       9/10      2.89G      1.591       1.24       1.44          5       1024: 2% ──────────── 9/368 4.5it/s 2.1s<1:20
[K       9/10      2.89G       1.62      1.278      1.458         12       1024: 2% ──────────── 10/368 4.8it/s 2.3s<1:15
[K       9/10      2.89G      1.588      1.252      1.446          5       1024: 2% ──────────── 11/368 4.6it/s 2.6s<1:18
[K       9/10      2.89G      1.613      1.238      1.447          6       1024: 3% ──────────── 12/368 4.8it/s 2.7s<1:14
[K       9/10      2.89G      1.579      1.215      1.438          4       1024: 3% ──────────── 13/368 4.6it/s 3.0s<1:17
[K       9/10      2.89G      1.571      1.184      1.425          5       1024: 3% ──────────── 14/368 5.0it/s 3.2s<1:12
[K       9/10      2.89G      1.571      1.158      1.395          6       1024: 4% ──────────── 15/368 4.8it/s 3.4s<1:14
[K       9/10      2.89G      1.554      1.152      1.397          5       1024: 4% ╸─────────── 16/368 5.1it/s 3.6s<1:10
[K       9/10      2.89G      1.556      1.129      1.379          7       1024: 4% ╸─────────── 17/368 4.8it/s 3.8s<1:13
[K       9/10      2.89G      1.553      1.131      1.374          4       1024: 4% ╸─────────── 18/368 5.1it/s 4.0s<1:09
[K       9/10      2.89G      1.564      1.142      1.387          5       1024: 5% ╸─────────── 19/368 4.7it/s 4.2s<1:14
[K       9/10      2.89G      1.592      1.137      1.382          7       1024: 5% ╸─────────── 20/368 5.0it/s 4.4s<1:09
[K       9/10      2.89G      1.588      1.123      1.374          5       1024: 5% ╸─────────── 21/368 4.8it/s 4.7s<1:13
[K       9/10      2.89G      1.579      1.117      1.369         10       1024: 5% ╸─────────── 22/368 5.0it/s 4.8s<1:09
[K       9/10      2.89G      1.572      1.104      1.363          8       1024: 6% ╸─────────── 23/368 4.7it/s 5.1s<1:13
[K       9/10      2.89G      1.576      1.099      1.357          8       1024: 6% ╸─────────── 24/368 5.0it/s 5.2s<1:09
[K       9/10      2.89G      1.577      1.098      1.354          9       1024: 6% ╸─────────── 25/368 4.8it/s 5.5s<1:12
[K       9/10      2.89G      1.582      1.089      1.352          4       1024: 7% ╸─────────── 26/368 5.0it/s 5.7s<1:08
[K       9/10      2.89G      1.578      1.088      1.353          6       1024: 7% ╸─────────── 27/368 4.9it/s 5.9s<1:10
[K       9/10      2.89G       1.57      1.087      1.351          4       1024: 7% ╸─────────── 28/368 5.1it/s 6.1s<1:07
[K       9/10      2.89G       1.57      1.082      1.348          7       1024: 7% ╸─────────── 29/368 4.7it/s 6.3s<1:12
[K       9/10      2.89G      1.574      1.075      1.347          6       1024: 8% ╸─────────── 30/368 5.0it/s 6.5s<1:08
[K       9/10      2.89G      1.575      1.096       1.35          4       1024: 8% ━─────────── 31/368 4.7it/s 6.8s<1:11
[K       9/10      2.89G      1.573      1.084      1.345          7       1024: 8% ━─────────── 32/368 4.9it/s 6.9s<1:08
[K       9/10      2.89G      1.574      1.079      1.347          5       1024: 8% ━─────────── 33/368 4.7it/s 7.2s<1:11
[K       9/10      2.89G      1.568      1.073      1.343          6       1024: 9% ━─────────── 34/368 5.0it/s 7.4s<1:07
[K       9/10      2.89G       1.56       1.07      1.342          7       1024: 9% ━─────────── 35/368 4.7it/s 7.6s<1:11
[K       9/10      2.89G       1.57      1.076      1.348          8       1024: 9% ━─────────── 36/368 5.0it/s 7.8s<1:06
[K       9/10      2.89G      1.581      1.081      1.346         10       1024: 10% ━─────────── 37/368 4.7it/s 8.0s<1:10
[K       9/10      2.89G       1.57      1.072      1.343          7       1024: 10% ━─────────── 38/368 5.0it/s 8.2s<1:05
[K       9/10      2.89G      1.567      1.071      1.343         12       1024: 10% ━─────────── 39/368 4.8it/s 8.4s<1:09
[K       9/10      2.89G      1.575      1.074      1.343          8       1024: 10% ━─────────── 40/368 5.1it/s 8.6s<1:05
[K       9/10      2.89G      1.577      1.072      1.347          7       1024: 11% ━─────────── 41/368 4.8it/s 8.9s<1:08
[K       9/10      2.89G      1.578      1.074      1.352          4       1024: 11% ━─────────── 42/368 5.1it/s 9.0s<1:04
[K       9/10      2.89G      1.576      1.065      1.347          8       1024: 11% ━─────────── 43/368 4.8it/s 9.3s<1:08
[K       9/10      2.89G      1.574      1.062       1.35          4       1024: 11% ━─────────── 44/368 5.2it/s 9.4s<1:02
[K       9/10      2.89G      1.567      1.058      1.347          7       1024: 12% ━─────────── 45/368 4.9it/s 9.7s<1:06
[K       9/10      2.89G      1.559       1.05       1.34          6       1024: 12% ━─────────── 46/368 5.1it/s 9.8s<1:03
[K       9/10      2.89G      1.572      1.069      1.352         14       1024: 12% ━╸────────── 47/368 4.8it/s 10.1s<1:07
[K       9/10      2.89G      1.568      1.067      1.353          4       1024: 13% ━╸────────── 48/368 5.0it/s 10.3s<1:04
[K       9/10      2.89G      1.572      1.074      1.358          5       1024: 13% ━╸────────── 49/368 4.8it/s 10.5s<1:06
[K       9/10      2.89G      1.572      1.068      1.357          6       1024: 13% ━╸────────── 50/368 4.9it/s 10.7s<1:04
[K       9/10      2.89G      1.573      1.063      1.356          6       1024: 13% ━╸────────── 51/368 4.7it/s 10.9s<1:08
[K       9/10      2.89G      1.571      1.061      1.355          6       1024: 14% ━╸────────── 52/368 5.0it/s 11.1s<1:04
[K       9/10      2.89G      1.566      1.059      1.353         10       1024: 14% ━╸────────── 53/368 4.7it/s 11.4s<1:07
[K       9/10      2.89G      1.564      1.052      1.351          5       1024: 14% ━╸────────── 54/368 4.9it/s 11.6s<1:04
[K       9/10      2.89G      1.563      1.051      1.348         11       1024: 14% ━╸────────── 55/368 4.6it/s 11.8s<1:08
[K       9/10      2.89G      1.568      1.052       1.35          9       1024: 15% ━╸────────── 56/368 4.8it/s 12.0s<1:05
[K       9/10      2.89G      1.576      1.052      1.356         11       1024: 15% ━╸────────── 57/368 4.6it/s 12.2s<1:07
[K       9/10      2.89G      1.581      1.065      1.357         13       1024: 15% ━╸────────── 58/368 4.9it/s 12.4s<1:03
[K       9/10      2.89G      1.582      1.065      1.359          4       1024: 16% ━╸────────── 59/368 4.7it/s 12.7s<1:06
[K       9/10      2.89G       1.58      1.059      1.356          6       1024: 16% ━╸────────── 60/368 5.0it/s 12.8s<1:02
[K       9/10      2.89G      1.579      1.055      1.355          7       1024: 16% ━╸────────── 61/368 4.7it/s 13.1s<1:05
[K       9/10      2.89G       1.58      1.068       1.36          5       1024: 16% ━━────────── 62/368 5.0it/s 13.3s<1:02
[K       9/10      2.89G      1.577      1.067      1.358          5       1024: 17% ━━────────── 63/368 4.6it/s 13.5s<1:06
[K       9/10      2.89G      1.571      1.064      1.356          5       1024: 17% ━━────────── 64/368 4.9it/s 13.7s<1:02
[K       9/10      2.89G      1.566       1.06      1.354          7       1024: 17% ━━────────── 65/368 4.7it/s 13.9s<1:05
[K       9/10      2.89G      1.564       1.06      1.354          8       1024: 17% ━━────────── 66/368 4.9it/s 14.1s<1:02
[K       9/10      2.89G       1.56      1.059      1.355          7       1024: 18% ━━────────── 67/368 4.7it/s 14.4s<1:04
[K       9/10      2.89G      1.562      1.071      1.359          6       1024: 18% ━━────────── 68/368 4.9it/s 14.5s<1:01
[K       9/10      2.89G      1.562      1.069       1.36          5       1024: 18% ━━────────── 69/368 4.7it/s 14.8s<1:04
[K       9/10      2.89G      1.561      1.065      1.361          5       1024: 19% ━━────────── 70/368 5.0it/s 15.0s<59.5s
[K       9/10      2.89G       1.56      1.065      1.363          4       1024: 19% ━━────────── 71/368 4.7it/s 15.2s<1:03
[K       9/10      2.89G      1.559      1.065      1.362          5       1024: 19% ━━────────── 72/368 5.0it/s 15.4s<59.0s
[K       9/10      2.89G      1.559      1.064       1.36          7       1024: 19% ━━────────── 73/368 4.8it/s 15.6s<1:02
[K       9/10      2.89G       1.56      1.067      1.359          9       1024: 20% ━━────────── 74/368 5.1it/s 15.8s<58.1s
[K       9/10      2.89G      1.562      1.072      1.361         12       1024: 20% ━━────────── 75/368 4.8it/s 16.0s<1:01
[K       9/10      2.89G      1.566      1.073      1.365          4       1024: 20% ━━────────── 76/368 5.1it/s 16.2s<57.3s
[K       9/10      2.89G      1.566      1.076      1.367         11       1024: 20% ━━╸───────── 77/368 4.8it/s 16.4s<1:01
[K       9/10      2.89G       1.57      1.076      1.373         10       1024: 21% ━━╸───────── 78/368 5.0it/s 16.6s<57.9s
[K       9/10      2.89G      1.571      1.073      1.372          4       1024: 21% ━━╸───────── 79/368 4.8it/s 16.9s<1:01
[K       9/10      2.89G      1.571      1.071      1.368          6       1024: 21% ━━╸───────── 80/368 5.0it/s 17.0s<57.4s
[K       9/10      2.89G      1.573      1.072      1.369          8       1024: 22% ━━╸───────── 81/368 4.7it/s 17.3s<1:01
[K       9/10      2.89G       1.58      1.071      1.377          7       1024: 22% ━━╸───────── 82/368 5.0it/s 17.5s<57.3s
[K       9/10      2.89G      1.579      1.073      1.375          5       1024: 22% ━━╸───────── 83/368 4.7it/s 17.7s<1:00
[K       9/10      2.89G      1.575      1.069      1.371          6       1024: 22% ━━╸───────── 84/368 4.9it/s 17.9s<58.0s
[K       9/10      2.89G      1.578      1.071      1.373         14       1024: 23% ━━╸───────── 85/368 4.7it/s 18.1s<1:00
[K       9/10      2.89G      1.579      1.068      1.376          5       1024: 23% ━━╸───────── 86/368 5.0it/s 18.3s<57.0s
[K       9/10      2.89G      1.577      1.066      1.374          9       1024: 23% ━━╸───────── 87/368 4.7it/s 18.6s<59.9s
[K       9/10      2.89G      1.584      1.069      1.377          9       1024: 23% ━━╸───────── 88/368 5.0it/s 18.7s<55.8s
[K       9/10      2.89G      1.585      1.068      1.376          7       1024: 24% ━━╸───────── 89/368 4.7it/s 19.0s<58.9s
[K       9/10      2.89G      1.586      1.065      1.373          6       1024: 24% ━━╸───────── 90/368 4.8it/s 19.2s<57.4s
[K       9/10      2.89G      1.591      1.063      1.372          6       1024: 24% ━━╸───────── 91/368 4.5it/s 19.4s<1:01
[K       9/10      2.89G      1.593      1.065      1.375          5       1024: 25% ━━━───────── 92/368 4.8it/s 19.6s<57.4s
[K       9/10      2.89G      1.591      1.063      1.372          8       1024: 25% ━━━───────── 93/368 4.6it/s 19.9s<59.9s
[K       9/10      2.89G      1.588      1.066      1.373          7       1024: 25% ━━━───────── 94/368 4.9it/s 20.0s<55.8s
[K       9/10      2.89G      1.586      1.064      1.371          5       1024: 25% ━━━───────── 95/368 4.6it/s 20.3s<59.2s
[K       9/10      2.89G      1.585      1.075      1.369          6       1024: 26% ━━━───────── 96/368 4.9it/s 20.5s<55.1s
[K       9/10      2.89G      1.588      1.074      1.371          5       1024: 26% ━━━───────── 97/368 4.7it/s 20.7s<58.0s
[K       9/10      2.89G      1.591      1.076      1.374          8       1024: 26% ━━━───────── 98/368 4.9it/s 20.9s<54.6s
[K       9/10      2.89G      1.587      1.074      1.372          6       1024: 26% ━━━───────── 99/368 4.6it/s 21.2s<58.1s
[K       9/10      2.89G      1.591      1.075      1.372          6       1024: 27% ━━━───────── 100/368 4.9it/s 21.3s<54.8s
[K       9/10      2.89G      1.592      1.072      1.372          6       1024: 27% ━━━───────── 101/368 4.7it/s 21.6s<57.2s
[K       9/10      2.89G      1.595      1.069      1.372          6       1024: 27% ━━━───────── 102/368 4.9it/s 21.8s<54.1s
[K       9/10      2.89G      1.595      1.066       1.37          6       1024: 27% ━━━───────── 103/368 4.6it/s 22.0s<57.2s
[K       9/10      2.89G      1.599      1.068      1.368          4       1024: 28% ━━━───────── 104/368 4.9it/s 22.2s<53.6s
[K       9/10      2.89G      1.597      1.066      1.368          9       1024: 28% ━━━───────── 105/368 4.6it/s 22.4s<56.7s
[K       9/10      2.89G      1.593      1.064      1.365          6       1024: 28% ━━━───────── 106/368 5.0it/s 22.6s<52.7s
[K       9/10      2.89G      1.595      1.066      1.366          5       1024: 29% ━━━───────── 107/368 4.7it/s 22.9s<55.3s
[K       9/10      2.89G      1.593      1.064      1.364          4       1024: 29% ━━━╸──────── 108/368 5.0it/s 23.0s<51.9s
[K       9/10      2.89G      1.593      1.063      1.362          6       1024: 29% ━━━╸──────── 109/368 4.7it/s 23.3s<55.7s
[K       9/10      2.89G      1.591      1.066      1.362          4       1024: 29% ━━━╸──────── 110/368 4.9it/s 23.5s<53.1s
[K       9/10      2.89G       1.59       1.07      1.366          7       1024: 30% ━━━╸──────── 111/368 4.6it/s 23.7s<56.5s
[K       9/10      2.89G      1.587      1.072      1.366          9       1024: 30% ━━━╸──────── 112/368 4.8it/s 23.9s<53.5s
[K       9/10      2.89G      1.588      1.072      1.367          5       1024: 30% ━━━╸──────── 113/368 4.6it/s 24.2s<55.7s
[K       9/10      2.89G      1.589      1.076      1.371         10       1024: 30% ━━━╸──────── 114/368 4.8it/s 24.4s<52.8s
[K       9/10      2.89G      1.591      1.076      1.368          8       1024: 31% ━━━╸──────── 115/368 4.6it/s 24.6s<54.8s
[K       9/10      2.89G      1.588       1.08      1.368          4       1024: 31% ━━━╸──────── 116/368 4.9it/s 24.8s<51.1s
[K       9/10      2.89G      1.588      1.081      1.368          9       1024: 31% ━━━╸──────── 117/368 4.8it/s 25.0s<51.9s
[K       9/10      2.89G      1.586      1.081      1.368          7       1024: 32% ━━━╸──────── 118/368 5.1it/s 25.2s<48.7s
[K       9/10      2.89G      1.589      1.084       1.37          9       1024: 32% ━━━╸──────── 119/368 4.9it/s 25.4s<51.1s
[K       9/10      2.89G      1.588      1.086      1.369          7       1024: 32% ━━━╸──────── 120/368 5.1it/s 25.6s<48.2s
[K       9/10      2.89G      1.585      1.085      1.368          4       1024: 32% ━━━╸──────── 121/368 4.8it/s 25.8s<51.4s
[K       9/10      2.89G      1.588      1.086      1.369         11       1024: 33% ━━━╸──────── 122/368 5.1it/s 26.0s<48.4s
[K       9/10      2.89G      1.593      1.089      1.372         11       1024: 33% ━━━━──────── 123/368 4.8it/s 26.2s<51.0s
[K       9/10      2.89G      1.594      1.089      1.373          9       1024: 33% ━━━━──────── 124/368 5.1it/s 26.4s<47.9s
[K       9/10      2.89G      1.594      1.095      1.374          5       1024: 33% ━━━━──────── 125/368 4.8it/s 26.7s<50.9s
[K       9/10      2.89G      1.594      1.098      1.373          6       1024: 34% ━━━━──────── 126/368 5.1it/s 26.8s<47.7s
[K       9/10      2.89G      1.594      1.098      1.375         10       1024: 34% ━━━━──────── 127/368 4.7it/s 27.1s<50.9s
[K       9/10      2.89G      1.594      1.101      1.378         11       1024: 34% ━━━━──────── 128/368 5.0it/s 27.3s<48.1s
[K       9/10      2.89G      1.596        1.1      1.377          5       1024: 35% ━━━━──────── 129/368 4.7it/s 27.5s<51.0s
[K       9/10      2.89G      1.597      1.103       1.38          7       1024: 35% ━━━━──────── 130/368 5.0it/s 27.7s<48.0s
[K       9/10      2.89G      1.598      1.108       1.38          4       1024: 35% ━━━━──────── 131/368 4.7it/s 27.9s<50.5s
[K       9/10      2.89G      1.596      1.106      1.379          5       1024: 35% ━━━━──────── 132/368 5.0it/s 28.1s<47.4s
[K       9/10      2.89G      1.599      1.107      1.382          8       1024: 36% ━━━━──────── 133/368 4.7it/s 28.4s<50.1s
[K       9/10      2.89G      1.603      1.108      1.383          6       1024: 36% ━━━━──────── 134/368 4.9it/s 28.6s<47.5s
[K       9/10      2.89G      1.607       1.11      1.384          7       1024: 36% ━━━━──────── 135/368 4.7it/s 28.8s<49.5s
[K       9/10      2.89G      1.609       1.11      1.384          6       1024: 36% ━━━━──────── 136/368 5.0it/s 29.0s<46.4s
[K       9/10      2.89G      1.608      1.108      1.383          5       1024: 37% ━━━━──────── 137/368 4.7it/s 29.2s<48.7s
[K       9/10      2.89G      1.605      1.106      1.381          4       1024: 37% ━━━━──────── 138/368 5.0it/s 29.4s<45.9s
[K       9/10      2.89G      1.607      1.114      1.385         10       1024: 37% ━━━━╸─────── 139/368 4.7it/s 29.6s<48.4s
[K       9/10      2.89G      1.605      1.115      1.387          4       1024: 38% ━━━━╸─────── 140/368 5.0it/s 29.8s<45.2s
[K       9/10      2.89G      1.603      1.113      1.385          7       1024: 38% ━━━━╸─────── 141/368 4.7it/s 30.1s<47.9s
[K       9/10      2.89G      1.607      1.121       1.39         12       1024: 38% ━━━━╸─────── 142/368 5.0it/s 30.2s<45.0s
[K       9/10      2.89G      1.611      1.121       1.39          6       1024: 38% ━━━━╸─────── 143/368 4.7it/s 30.5s<47.7s
[K       9/10      2.89G       1.61       1.12      1.391          6       1024: 39% ━━━━╸─────── 144/368 5.0it/s 30.7s<44.9s
[K       9/10      2.89G      1.608      1.118      1.389          6       1024: 39% ━━━━╸─────── 145/368 4.7it/s 30.9s<48.0s
[K       9/10      2.89G      1.607      1.123      1.391          7       1024: 39% ━━━━╸─────── 146/368 5.0it/s 31.1s<44.8s
[K       9/10      2.89G      1.608      1.121      1.388          4       1024: 39% ━━━━╸─────── 147/368 4.7it/s 31.3s<47.0s
[K       9/10      2.89G      1.608      1.119      1.387          5       1024: 40% ━━━━╸─────── 148/368 4.9it/s 31.5s<45.1s
[K       9/10      2.89G      1.606       1.12      1.387         11       1024: 40% ━━━━╸─────── 149/368 4.7it/s 31.8s<47.1s
[K       9/10      2.89G      1.606      1.118      1.387          5       1024: 40% ━━━━╸─────── 150/368 4.8it/s 32.0s<45.2s
[K       9/10      2.89G      1.606      1.117      1.385          5       1024: 41% ━━━━╸─────── 151/368 4.6it/s 32.2s<46.7s
[K       9/10      2.89G      1.605      1.118      1.387          7       1024: 41% ━━━━╸─────── 152/368 4.9it/s 32.4s<43.7s
[K       9/10      2.89G      1.606      1.117      1.385          4       1024: 41% ━━━━╸─────── 153/368 4.7it/s 32.6s<45.6s
[K       9/10      2.89G      1.606      1.119      1.385         12       1024: 41% ━━━━━─────── 154/368 5.0it/s 32.8s<42.7s
[K       9/10      2.89G      1.606      1.119      1.384          5       1024: 42% ━━━━━─────── 155/368 4.7it/s 33.0s<45.1s
[K       9/10      2.89G      1.603      1.118      1.383         11       1024: 42% ━━━━━─────── 156/368 5.0it/s 33.2s<42.3s
[K       9/10      2.89G      1.603      1.117      1.382          5       1024: 42% ━━━━━─────── 157/368 4.7it/s 33.5s<44.4s
[K       9/10      2.89G      1.603      1.115      1.381          4       1024: 42% ━━━━━─────── 158/368 5.1it/s 33.6s<41.5s
[K       9/10      2.89G      1.603      1.113       1.38          5       1024: 43% ━━━━━─────── 159/368 4.9it/s 33.9s<42.9s
[K       9/10      2.89G      1.603      1.114      1.381          6       1024: 43% ━━━━━─────── 160/368 5.1it/s 34.0s<40.4s
[K       9/10      2.89G      1.602      1.116      1.378          6       1024: 43% ━━━━━─────── 161/368 4.9it/s 34.3s<42.6s
[K       9/10      2.89G      1.605      1.114      1.378          6       1024: 44% ━━━━━─────── 162/368 5.1it/s 34.4s<40.0s
[K       9/10      2.89G      1.605      1.112      1.376          6       1024: 44% ━━━━━─────── 163/368 4.8it/s 34.7s<42.6s
[K       9/10      2.89G      1.605      1.113      1.375          4       1024: 44% ━━━━━─────── 164/368 5.1it/s 34.9s<40.3s
[K       9/10      2.89G      1.606      1.113      1.377         10       1024: 44% ━━━━━─────── 165/368 4.7it/s 35.1s<43.0s
[K       9/10      2.89G      1.606      1.117      1.379          9       1024: 45% ━━━━━─────── 166/368 5.0it/s 35.3s<40.6s
[K       9/10      2.89G      1.605       1.12      1.379          5       1024: 45% ━━━━━─────── 167/368 4.7it/s 35.5s<42.6s
[K       9/10      2.89G      1.605      1.119      1.376          6       1024: 45% ━━━━━─────── 168/368 4.9it/s 35.7s<40.5s
[K       9/10      2.89G      1.604      1.118      1.375          9       1024: 45% ━━━━━╸────── 169/368 4.7it/s 36.0s<42.5s
[K       9/10      2.89G      1.602      1.115      1.373          5       1024: 46% ━━━━━╸────── 170/368 4.9it/s 36.1s<40.4s
[K       9/10      2.89G      1.602      1.113      1.372          7       1024: 46% ━━━━━╸────── 171/368 4.6it/s 36.4s<42.8s
[K       9/10      2.89G      1.602      1.111      1.373          4       1024: 46% ━━━━━╸────── 172/368 5.0it/s 36.6s<39.6s
[K       9/10      2.89G      1.605      1.113      1.375          6       1024: 47% ━━━━━╸────── 173/368 4.7it/s 36.8s<41.5s
[K       9/10      2.89G      1.607      1.112      1.377          9       1024: 47% ━━━━━╸────── 174/368 5.0it/s 37.0s<38.8s
[K       9/10      2.89G      1.608       1.11      1.376          8       1024: 47% ━━━━━╸────── 175/368 4.7it/s 37.2s<40.7s
[K       9/10      2.89G      1.609      1.111      1.378          7       1024: 47% ━━━━━╸────── 176/368 5.0it/s 37.4s<38.1s
[K       9/10      2.89G      1.609       1.11      1.378          8       1024: 48% ━━━━━╸────── 177/368 4.7it/s 37.7s<40.6s
[K       9/10      2.89G      1.611      1.109      1.378          5       1024: 48% ━━━━━╸────── 178/368 5.0it/s 37.8s<37.9s
[K       9/10      2.89G       1.61      1.108      1.378          4       1024: 48% ━━━━━╸────── 179/368 4.7it/s 38.1s<40.2s
[K       9/10      2.89G       1.61       1.11       1.38          5       1024: 48% ━━━━━╸────── 180/368 4.9it/s 38.3s<38.5s
[K       9/10      2.89G       1.61      1.111      1.379          4       1024: 49% ━━━━━╸────── 181/368 4.6it/s 38.5s<40.4s
[K       9/10      2.89G       1.61       1.11      1.379          5       1024: 49% ━━━━━╸────── 182/368 4.8it/s 38.7s<38.8s
[K       9/10      2.89G       1.61      1.112      1.379          7       1024: 49% ━━━━━╸────── 183/368 4.6it/s 39.0s<40.5s
[K       9/10      2.89G      1.609      1.112      1.379          4       1024: 50% ━━━━━━────── 184/368 4.8it/s 39.2s<38.4s
[K       9/10      2.89G      1.608       1.11      1.377          6       1024: 50% ━━━━━━────── 185/368 4.6it/s 39.4s<40.2s
[K       9/10      2.89G      1.609      1.111      1.376          8       1024: 50% ━━━━━━────── 186/368 4.8it/s 39.6s<37.7s
[K       9/10      2.89G      1.607      1.109      1.374          8       1024: 50% ━━━━━━────── 187/368 4.6it/s 39.8s<39.5s
[K       9/10      2.89G      1.606      1.108      1.374         13       1024: 51% ━━━━━━────── 188/368 4.9it/s 40.0s<36.5s
[K       9/10      2.89G      1.606      1.106      1.374          4       1024: 51% ━━━━━━────── 189/368 4.7it/s 40.3s<38.1s
[K       9/10      2.89G      1.606      1.105      1.373          6       1024: 51% ━━━━━━────── 190/368 4.9it/s 40.4s<36.2s
[K       9/10      2.89G      1.607      1.104      1.373          8       1024: 51% ━━━━━━────── 191/368 4.6it/s 40.7s<38.4s
[K       9/10      2.89G      1.606      1.104      1.374          4       1024: 52% ━━━━━━────── 192/368 4.9it/s 40.9s<35.8s
[K       9/10      2.89G      1.605      1.105      1.374          7       1024: 52% ━━━━━━────── 193/368 4.7it/s 41.1s<37.5s
[K       9/10      2.89G      1.604      1.105      1.374          7       1024: 52% ━━━━━━────── 194/368 4.9it/s 41.3s<35.4s
[K       9/10      2.89G      1.605      1.103      1.374          4       1024: 52% ━━━━━━────── 195/368 4.7it/s 41.5s<36.9s
[K       9/10      2.89G      1.604      1.103      1.374          9       1024: 53% ━━━━━━────── 196/368 4.9it/s 41.7s<34.8s
[K       9/10      2.89G      1.604      1.101      1.371          7       1024: 53% ━━━━━━────── 197/368 4.7it/s 42.0s<36.5s
[K       9/10      2.89G      1.603        1.1       1.37          6       1024: 53% ━━━━━━────── 198/368 4.9it/s 42.2s<34.5s
[K       9/10      2.89G      1.601      1.099      1.369          5       1024: 54% ━━━━━━────── 199/368 4.7it/s 42.4s<36.2s
[K       9/10      2.89G      1.603      1.101      1.372          8       1024: 54% ━━━━━━╸───── 200/368 5.0it/s 42.6s<33.8s
[K       9/10      2.89G      1.605      1.102      1.372         10       1024: 54% ━━━━━━╸───── 201/368 4.7it/s 42.8s<35.7s
[K       9/10      2.89G      1.604      1.101      1.371          5       1024: 54% ━━━━━━╸───── 202/368 5.0it/s 43.0s<33.5s
[K       9/10      2.89G      1.603        1.1       1.37          6       1024: 55% ━━━━━━╸───── 203/368 4.7it/s 43.2s<34.9s
[K       9/10      2.89G      1.604      1.099      1.371         11       1024: 55% ━━━━━━╸───── 204/368 5.0it/s 43.4s<32.7s
[K       9/10      2.89G      1.603      1.098       1.37          6       1024: 55% ━━━━━━╸───── 205/368 4.9it/s 43.6s<33.3s
[K       9/10      2.89G      1.603      1.096       1.37          6       1024: 55% ━━━━━━╸───── 206/368 5.1it/s 43.8s<31.6s
[K       9/10      2.89G      1.602      1.097       1.37          6       1024: 56% ━━━━━━╸───── 207/368 4.8it/s 44.0s<33.2s
[K       9/10      2.89G      1.602      1.095      1.368          5       1024: 56% ━━━━━━╸───── 208/368 5.1it/s 44.2s<31.5s
[K       9/10      2.89G      1.601      1.093      1.367          6       1024: 56% ━━━━━━╸───── 209/368 4.8it/s 44.5s<32.9s
[K       9/10      2.89G        1.6      1.092      1.366          6       1024: 57% ━━━━━━╸───── 210/368 5.1it/s 44.6s<30.8s
[K       9/10      2.89G        1.6      1.093      1.367          6       1024: 57% ━━━━━━╸───── 211/368 4.8it/s 44.9s<32.6s
[K       9/10      2.89G        1.6      1.094      1.367          6       1024: 57% ━━━━━━╸───── 212/368 5.0it/s 45.1s<31.5s
[K       9/10      2.89G      1.602      1.095      1.368         10       1024: 57% ━━━━━━╸───── 213/368 4.7it/s 45.3s<32.9s
[K       9/10      2.89G      1.602      1.095      1.369          7       1024: 58% ━━━━━━╸───── 214/368 5.0it/s 45.5s<31.0s
[K       9/10      2.89G      1.603      1.093       1.37          5       1024: 58% ━━━━━━━───── 215/368 4.7it/s 45.7s<32.5s
[K       9/10      2.89G      1.603      1.094       1.37          7       1024: 58% ━━━━━━━───── 216/368 4.9it/s 45.9s<30.9s
[K       9/10      2.89G      1.603      1.093      1.369          8       1024: 58% ━━━━━━━───── 217/368 4.6it/s 46.2s<32.5s
[K       9/10      2.89G      1.605      1.092      1.368          5       1024: 59% ━━━━━━━───── 218/368 4.9it/s 46.3s<30.7s
[K       9/10      2.89G      1.604      1.091      1.368          6       1024: 59% ━━━━━━━───── 219/368 4.7it/s 46.6s<31.5s
[K       9/10      2.89G      1.606      1.092      1.368          4       1024: 59% ━━━━━━━───── 220/368 4.9it/s 46.8s<30.0s
[K       9/10      2.89G      1.609      1.094      1.368          9       1024: 60% ━━━━━━━───── 221/368 4.7it/s 47.0s<31.3s
[K       9/10      2.89G      1.608      1.093      1.368          4       1024: 60% ━━━━━━━───── 222/368 5.0it/s 47.2s<29.2s
[K       9/10      2.89G      1.611      1.092      1.369          7       1024: 60% ━━━━━━━───── 223/368 4.8it/s 47.4s<30.2s
[K       9/10      2.89G      1.612      1.091      1.369          7       1024: 60% ━━━━━━━───── 224/368 5.0it/s 47.6s<28.6s
[K       9/10      2.89G      1.611       1.09      1.368          6       1024: 61% ━━━━━━━───── 225/368 4.7it/s 47.8s<30.2s
[K       9/10      2.89G      1.611       1.09      1.368          5       1024: 61% ━━━━━━━───── 226/368 5.0it/s 48.0s<28.1s
[K       9/10      2.89G      1.611      1.089      1.367          5       1024: 61% ━━━━━━━───── 227/368 4.8it/s 48.3s<29.4s
[K       9/10      2.89G      1.608      1.087      1.366          5       1024: 61% ━━━━━━━───── 228/368 5.1it/s 48.4s<27.7s
[K       9/10      2.89G      1.608      1.086      1.365          6       1024: 62% ━━━━━━━───── 229/368 4.9it/s 48.6s<28.3s
[K       9/10      2.89G      1.609      1.087      1.366          5       1024: 62% ━━━━━━━───── 230/368 5.2it/s 48.8s<26.8s
[K       9/10      2.89G      1.606      1.084      1.365          4       1024: 62% ━━━━━━━╸──── 231/368 4.9it/s 49.1s<28.2s
[K       9/10      2.89G      1.607      1.085      1.365         14       1024: 63% ━━━━━━━╸──── 232/368 5.0it/s 49.2s<27.2s
[K       9/10      2.89G       1.61      1.089      1.369          9       1024: 63% ━━━━━━━╸──── 233/368 4.7it/s 49.5s<28.7s
[K       9/10      2.89G      1.611      1.091      1.369         13       1024: 63% ━━━━━━━╸──── 234/368 5.0it/s 49.7s<27.0s
[K       9/10      2.89G      1.612      1.089      1.368          5       1024: 63% ━━━━━━━╸──── 235/368 4.7it/s 49.9s<28.4s
[K       9/10      2.89G      1.611      1.088      1.367          6       1024: 64% ━━━━━━━╸──── 236/368 4.9it/s 50.1s<26.7s
[K       9/10      2.89G      1.612      1.088      1.368          6       1024: 64% ━━━━━━━╸──── 237/368 4.7it/s 50.4s<28.1s
[K       9/10      2.89G       1.61      1.086      1.366          5       1024: 64% ━━━━━━━╸──── 238/368 4.9it/s 50.5s<26.7s
[K       9/10      2.89G       1.61      1.085      1.365          4       1024: 64% ━━━━━━━╸──── 239/368 4.8it/s 50.8s<26.8s
[K       9/10      2.89G       1.61      1.086      1.364          6       1024: 65% ━━━━━━━╸──── 240/368 5.0it/s 50.9s<25.6s
[K       9/10      2.89G      1.612      1.085      1.364          4       1024: 65% ━━━━━━━╸──── 241/368 4.8it/s 51.2s<26.2s
[K       9/10      2.89G      1.611      1.084      1.363         12       1024: 65% ━━━━━━━╸──── 242/368 5.0it/s 51.3s<25.0s
[K       9/10      2.89G      1.612      1.084      1.363          4       1024: 66% ━━━━━━━╸──── 243/368 4.8it/s 51.6s<26.2s
[K       9/10      2.89G      1.612      1.088      1.364          7       1024: 66% ━━━━━━━╸──── 244/368 5.0it/s 51.8s<24.6s
[K       9/10      2.89G      1.611      1.089      1.365          6       1024: 66% ━━━━━━━╸──── 245/368 4.8it/s 52.0s<25.7s
[K       9/10      2.89G      1.613       1.09      1.364          9       1024: 66% ━━━━━━━━──── 246/368 5.1it/s 52.2s<24.1s
[K       9/10      2.89G      1.613      1.089      1.364          5       1024: 67% ━━━━━━━━──── 247/368 4.8it/s 52.4s<25.4s
[K       9/10      2.89G      1.613      1.088      1.363          4       1024: 67% ━━━━━━━━──── 248/368 5.1it/s 52.6s<23.7s
[K       9/10      2.89G      1.613      1.088      1.363          7       1024: 67% ━━━━━━━━──── 249/368 4.7it/s 52.8s<25.1s
[K       9/10      2.89G      1.614      1.087      1.364          6       1024: 67% ━━━━━━━━──── 250/368 5.1it/s 53.0s<23.3s
[K       9/10      2.89G      1.613      1.086      1.363          6       1024: 68% ━━━━━━━━──── 251/368 4.9it/s 53.2s<23.8s
[K       9/10      2.89G      1.611      1.085      1.362          7       1024: 68% ━━━━━━━━──── 252/368 5.1it/s 53.4s<22.6s
[K       9/10      2.89G      1.612      1.085      1.361         12       1024: 68% ━━━━━━━━──── 253/368 4.9it/s 53.6s<23.5s
[K       9/10      2.89G      1.611      1.084      1.361          6       1024: 69% ━━━━━━━━──── 254/368 5.0it/s 53.8s<22.6s
[K       9/10      2.89G       1.61      1.084       1.36          6       1024: 69% ━━━━━━━━──── 255/368 4.7it/s 54.1s<23.9s
[K       9/10      2.89G      1.609      1.084       1.36          5       1024: 69% ━━━━━━━━──── 256/368 5.0it/s 54.3s<22.4s
[K       9/10      2.89G      1.608      1.086      1.362         11       1024: 69% ━━━━━━━━──── 257/368 4.7it/s 54.5s<23.5s
[K       9/10      2.89G      1.609      1.085      1.361          4       1024: 70% ━━━━━━━━──── 258/368 5.0it/s 54.7s<22.0s
[K       9/10      2.89G      1.612      1.085      1.361          7       1024: 70% ━━━━━━━━──── 259/368 4.7it/s 54.9s<23.0s
[K       9/10      2.89G      1.612      1.085      1.361          4       1024: 70% ━━━━━━━━──── 260/368 5.0it/s 55.1s<21.6s
[K       9/10      2.89G      1.613      1.086      1.362          4       1024: 70% ━━━━━━━━╸─── 261/368 4.8it/s 55.3s<22.1s
[K       9/10      2.89G      1.614      1.086      1.363         11       1024: 71% ━━━━━━━━╸─── 262/368 5.1it/s 55.5s<20.9s
[K       9/10      2.89G      1.613      1.087      1.362          7       1024: 71% ━━━━━━━━╸─── 263/368 4.8it/s 55.7s<21.9s
[K       9/10      2.89G      1.611      1.086      1.362          5       1024: 71% ━━━━━━━━╸─── 264/368 5.0it/s 55.9s<20.9s
[K       9/10      2.89G      1.612      1.086      1.361          8       1024: 72% ━━━━━━━━╸─── 265/368 4.7it/s 56.2s<21.8s
[K       9/10      2.89G      1.611      1.085      1.361          7       1024: 72% ━━━━━━━━╸─── 266/368 4.9it/s 56.4s<20.9s
[K       9/10      2.89G      1.612      1.085       1.36          6       1024: 72% ━━━━━━━━╸─── 267/368 4.7it/s 56.6s<21.7s
[K       9/10      2.89G      1.611      1.085      1.361          6       1024: 72% ━━━━━━━━╸─── 268/368 5.0it/s 56.8s<20.2s
[K       9/10      2.89G       1.61      1.084       1.36          5       1024: 73% ━━━━━━━━╸─── 269/368 4.7it/s 57.0s<20.9s
[K       9/10      2.89G       1.61      1.082      1.359          6       1024: 73% ━━━━━━━━╸─── 270/368 5.0it/s 57.2s<19.6s
[K       9/10      2.89G       1.61      1.081      1.359          5       1024: 73% ━━━━━━━━╸─── 271/368 4.7it/s 57.4s<20.5s
[K       9/10      2.89G      1.609      1.082      1.359         10       1024: 73% ━━━━━━━━╸─── 272/368 5.0it/s 57.6s<19.1s
[K       9/10      2.89G       1.61      1.084      1.359          8       1024: 74% ━━━━━━━━╸─── 273/368 4.8it/s 57.9s<19.9s
[K       9/10      2.89G      1.609      1.082      1.359          8       1024: 74% ━━━━━━━━╸─── 274/368 5.0it/s 58.0s<18.6s
[K       9/10      2.89G       1.61      1.082      1.358          6       1024: 74% ━━━━━━━━╸─── 275/368 4.8it/s 58.3s<19.3s
[K       9/10      2.89G      1.611      1.083      1.359          6       1024: 75% ━━━━━━━━━─── 276/368 5.1it/s 58.4s<18.1s
[K       9/10      2.89G      1.612      1.083      1.359          9       1024: 75% ━━━━━━━━━─── 277/368 4.7it/s 58.7s<19.2s
[K       9/10      2.89G      1.613      1.085       1.36          7       1024: 75% ━━━━━━━━━─── 278/368 5.0it/s 58.9s<17.9s
[K       9/10      2.89G      1.613      1.084      1.359          8       1024: 75% ━━━━━━━━━─── 279/368 4.7it/s 59.1s<18.8s
[K       9/10      2.89G      1.614      1.085       1.36          5       1024: 76% ━━━━━━━━━─── 280/368 5.0it/s 59.3s<17.7s
[K       9/10      2.89G      1.613      1.084      1.359          6       1024: 76% ━━━━━━━━━─── 281/368 4.7it/s 59.5s<18.5s
[K       9/10      2.89G      1.613      1.085      1.359          7       1024: 76% ━━━━━━━━━─── 282/368 4.9it/s 59.7s<17.4s
[K       9/10      2.89G      1.613      1.086      1.359         11       1024: 76% ━━━━━━━━━─── 283/368 4.7it/s 60.0s<18.3s
[K       9/10      2.89G      1.614      1.085      1.358          5       1024: 77% ━━━━━━━━━─── 284/368 4.8it/s 1:00<17.5s
[K       9/10      2.89G      1.616      1.085      1.358          6       1024: 77% ━━━━━━━━━─── 285/368 4.6it/s 1:00<18.1s
[K       9/10      2.89G      1.614      1.084      1.356          5       1024: 77% ━━━━━━━━━─── 286/368 4.9it/s 1:01<16.6s
[K       9/10      2.89G      1.613      1.082      1.356          6       1024: 77% ━━━━━━━━━─── 287/368 4.7it/s 1:01<17.3s
[K       9/10      2.89G      1.612      1.082      1.356          4       1024: 78% ━━━━━━━━━─── 288/368 5.0it/s 1:01<16.0s
[K       9/10      2.89G      1.613      1.081      1.355          5       1024: 78% ━━━━━━━━━─── 289/368 4.7it/s 1:01<16.7s
[K       9/10      2.89G      1.612       1.08      1.355          4       1024: 78% ━━━━━━━━━─── 290/368 5.0it/s 1:01<15.5s
[K       9/10      2.89G      1.613      1.079      1.355          7       1024: 79% ━━━━━━━━━─── 291/368 4.8it/s 1:02<16.1s
[K       9/10      2.89G      1.614      1.079      1.356          4       1024: 79% ━━━━━━━━━╸── 292/368 5.1it/s 1:02<15.0s
[K       9/10      2.89G      1.614      1.079      1.356          6       1024: 79% ━━━━━━━━━╸── 293/368 4.9it/s 1:02<15.2s
[K       9/10      2.89G      1.616       1.08      1.357          9       1024: 79% ━━━━━━━━━╸── 294/368 5.1it/s 1:02<14.4s
[K       9/10      2.89G      1.616      1.082      1.358          4       1024: 80% ━━━━━━━━━╸── 295/368 4.9it/s 1:02<15.0s
[K       9/10      2.89G      1.618      1.082      1.358          8       1024: 80% ━━━━━━━━━╸── 296/368 5.1it/s 1:03<14.0s
[K       9/10      2.89G      1.618      1.081      1.357          4       1024: 80% ━━━━━━━━━╸── 297/368 4.8it/s 1:03<14.8s
[K       9/10      2.89G      1.617       1.08      1.356          5       1024: 80% ━━━━━━━━━╸── 298/368 4.9it/s 1:03<14.2s
[K       9/10      2.89G      1.618       1.08      1.356          5       1024: 81% ━━━━━━━━━╸── 299/368 4.7it/s 1:03<14.7s
[K       9/10      2.89G      1.618      1.081      1.356          7       1024: 81% ━━━━━━━━━╸── 300/368 5.0it/s 1:03<13.7s
[K       9/10      2.89G      1.618       1.08      1.356          5       1024: 81% ━━━━━━━━━╸── 301/368 4.7it/s 1:04<14.2s
[K       9/10      2.89G      1.619      1.081      1.356          7       1024: 82% ━━━━━━━━━╸── 302/368 5.0it/s 1:04<13.2s
[K       9/10      2.89G       1.62      1.083      1.357         15       1024: 82% ━━━━━━━━━╸── 303/368 4.7it/s 1:04<13.8s
[K       9/10      2.89G      1.619      1.083      1.357          9       1024: 82% ━━━━━━━━━╸── 304/368 4.9it/s 1:04<12.9s
[K       9/10      2.89G      1.619      1.084      1.358          7       1024: 82% ━━━━━━━━━╸── 305/368 4.8it/s 1:05<13.0s
[K       9/10      2.89G      1.619      1.083      1.357          4       1024: 83% ━━━━━━━━━╸── 306/368 5.1it/s 1:05<12.2s
[K       9/10      2.89G      1.619      1.083      1.358          5       1024: 83% ━━━━━━━━━━── 307/368 4.8it/s 1:05<12.6s
[K       9/10      2.89G      1.618      1.082      1.357          4       1024: 83% ━━━━━━━━━━── 308/368 5.0it/s 1:05<12.0s
[K       9/10      2.89G      1.617      1.081      1.357          5       1024: 83% ━━━━━━━━━━── 309/368 4.8it/s 1:05<12.4s
[K       9/10      2.89G      1.618       1.08      1.357          6       1024: 84% ━━━━━━━━━━── 310/368 5.0it/s 1:06<11.5s
[K       9/10      2.89G      1.618       1.08      1.357          5       1024: 84% ━━━━━━━━━━── 311/368 4.8it/s 1:06<12.0s
[K       9/10      2.89G      1.619       1.08      1.358          5       1024: 84% ━━━━━━━━━━── 312/368 5.0it/s 1:06<11.1s
[K       9/10      2.89G       1.62       1.08      1.358          5       1024: 85% ━━━━━━━━━━── 313/368 4.7it/s 1:06<11.7s
[K       9/10      2.89G      1.619      1.081      1.358         11       1024: 85% ━━━━━━━━━━── 314/368 5.0it/s 1:06<10.7s
[K       9/10      2.89G       1.62       1.08      1.358          4       1024: 85% ━━━━━━━━━━── 315/368 4.8it/s 1:07<11.1s
[K       9/10      2.89G       1.62       1.08      1.358          9       1024: 85% ━━━━━━━━━━── 316/368 5.1it/s 1:07<10.3s
[K       9/10      2.89G      1.621       1.08      1.359          9       1024: 86% ━━━━━━━━━━── 317/368 4.8it/s 1:07<10.7s
[K       9/10      2.89G      1.621      1.079      1.359          6       1024: 86% ━━━━━━━━━━── 318/368 5.0it/s 1:07<10.0s
[K       9/10      2.89G      1.622       1.08       1.36          8       1024: 86% ━━━━━━━━━━── 319/368 4.7it/s 1:08<10.4s
[K       9/10      2.89G      1.623       1.08      1.361          6       1024: 86% ━━━━━━━━━━── 320/368 5.0it/s 1:08<9.6s
[K       9/10      2.89G      1.622      1.079      1.361          4       1024: 87% ━━━━━━━━━━── 321/368 4.7it/s 1:08<10.0s
[K       9/10      2.89G      1.621      1.078      1.361          5       1024: 87% ━━━━━━━━━━── 322/368 5.0it/s 1:08<9.2s
[K       9/10      2.89G      1.622      1.077       1.36          4       1024: 87% ━━━━━━━━━━╸─ 323/368 4.7it/s 1:08<9.5s
[K       9/10      2.89G      1.622      1.077       1.36          4       1024: 88% ━━━━━━━━━━╸─ 324/368 5.0it/s 1:09<8.8s
[K       9/10      2.89G      1.622      1.077       1.36          6       1024: 88% ━━━━━━━━━━╸─ 325/368 4.8it/s 1:09<9.0s
[K       9/10      2.89G      1.622      1.077       1.36          6       1024: 88% ━━━━━━━━━━╸─ 326/368 5.0it/s 1:09<8.5s
[K       9/10      2.89G      1.621      1.076      1.359          5       1024: 88% ━━━━━━━━━━╸─ 327/368 4.8it/s 1:09<8.6s
[K       9/10      2.89G      1.621      1.076       1.36          8       1024: 89% ━━━━━━━━━━╸─ 328/368 4.9it/s 1:09<8.2s
[K       9/10      2.89G       1.62      1.075      1.359         10       1024: 89% ━━━━━━━━━━╸─ 329/368 4.6it/s 1:10<8.4s
[K       9/10      2.89G       1.62      1.074      1.358          5       1024: 89% ━━━━━━━━━━╸─ 330/368 4.9it/s 1:10<7.7s
[K       9/10      2.89G      1.621      1.074      1.359          7       1024: 89% ━━━━━━━━━━╸─ 331/368 4.7it/s 1:10<7.9s
[K       9/10      2.89G      1.621      1.073      1.358          8       1024: 90% ━━━━━━━━━━╸─ 332/368 5.0it/s 1:10<7.2s
[K       9/10      2.89G      1.622      1.075      1.358          5       1024: 90% ━━━━━━━━━━╸─ 333/368 4.7it/s 1:10<7.4s
[K       9/10      2.89G      1.622      1.075      1.359          5       1024: 90% ━━━━━━━━━━╸─ 334/368 5.0it/s 1:11<6.8s
[K       9/10      2.89G      1.622      1.076      1.359          7       1024: 91% ━━━━━━━━━━╸─ 335/368 4.8it/s 1:11<6.9s
[K       9/10      2.89G      1.622      1.075       1.36          4       1024: 91% ━━━━━━━━━━╸─ 336/368 5.0it/s 1:11<6.3s
[K       9/10      2.89G      1.623      1.075       1.36          6       1024: 91% ━━━━━━━━━━╸─ 337/368 4.8it/s 1:11<6.5s
[K       9/10      2.89G      1.623      1.074       1.36          5       1024: 91% ━━━━━━━━━━━─ 338/368 5.0it/s 1:11<6.0s
[K       9/10      2.89G      1.622      1.073       1.36          5       1024: 92% ━━━━━━━━━━━─ 339/368 4.8it/s 1:12<6.0s
[K       9/10      2.89G      1.622      1.073      1.359          8       1024: 92% ━━━━━━━━━━━─ 340/368 5.1it/s 1:12<5.5s
[K       9/10      2.89G      1.621      1.072      1.358          4       1024: 92% ━━━━━━━━━━━─ 341/368 4.7it/s 1:12<5.7s
[K       9/10      2.89G      1.622      1.073      1.359          9       1024: 92% ━━━━━━━━━━━─ 342/368 5.0it/s 1:12<5.2s
[K       9/10      2.89G      1.625      1.075      1.361          4       1024: 93% ━━━━━━━━━━━─ 343/368 4.8it/s 1:13<5.3s
[K       9/10      2.89G      1.626      1.076      1.362          8       1024: 93% ━━━━━━━━━━━─ 344/368 4.9it/s 1:13<4.9s
[K       9/10      2.89G      1.625      1.077      1.362          5       1024: 93% ━━━━━━━━━━━─ 345/368 4.7it/s 1:13<4.9s
[K       9/10      2.89G      1.625      1.077      1.362         10       1024: 94% ━━━━━━━━━━━─ 346/368 4.9it/s 1:13<4.5s
[K       9/10      2.89G      1.626      1.077      1.363          9       1024: 94% ━━━━━━━━━━━─ 347/368 4.7it/s 1:13<4.5s
[K       9/10      2.89G      1.627      1.079      1.363         11       1024: 94% ━━━━━━━━━━━─ 348/368 5.0it/s 1:14<4.0s
[K       9/10      2.89G      1.628       1.08      1.363          8       1024: 94% ━━━━━━━━━━━─ 349/368 4.8it/s 1:14<4.0s
[K       9/10      2.89G      1.628      1.079      1.363          7       1024: 95% ━━━━━━━━━━━─ 350/368 5.1it/s 1:14<3.6s
[K       9/10      2.89G      1.627      1.079      1.363          4       1024: 95% ━━━━━━━━━━━─ 351/368 4.7it/s 1:14<3.6s
[K       9/10      2.89G      1.626      1.078      1.362          5       1024: 95% ━━━━━━━━━━━─ 352/368 5.0it/s 1:14<3.2s
[K       9/10      2.89G      1.626      1.077      1.362          6       1024: 95% ━━━━━━━━━━━╸ 353/368 4.8it/s 1:15<3.2s
[K       9/10      2.89G      1.624      1.077      1.362          4       1024: 96% ━━━━━━━━━━━╸ 354/368 5.0it/s 1:15<2.8s
[K       9/10      2.89G      1.623      1.076      1.362          4       1024: 96% ━━━━━━━━━━━╸ 355/368 4.8it/s 1:15<2.7s
[K       9/10      2.89G      1.624      1.075      1.361          7       1024: 96% ━━━━━━━━━━━╸ 356/368 5.1it/s 1:15<2.4s
[K       9/10      2.89G      1.623      1.075      1.361          4       1024: 97% ━━━━━━━━━━━╸ 357/368 4.8it/s 1:15<2.3s
[K       9/10      2.89G      1.622      1.075      1.361          5       1024: 97% ━━━━━━━━━━━╸ 358/368 5.0it/s 1:16<2.0s
[K       9/10      2.89G      1.621      1.074       1.36          4       1024: 97% ━━━━━━━━━━━╸ 359/368 4.7it/s 1:16<1.9s
[K       9/10      2.89G      1.621      1.075       1.36          8       1024: 97% ━━━━━━━━━━━╸ 360/368 5.0it/s 1:16<1.6s
[K       9/10      2.89G      1.622      1.074       1.36          5       1024: 98% ━━━━━━━━━━━╸ 361/368 4.8it/s 1:16<1.5s
[K       9/10      2.89G      1.622      1.073       1.36          4       1024: 98% ━━━━━━━━━━━╸ 362/368 5.0it/s 1:17<1.2s
[K       9/10      2.89G      1.621      1.073      1.361          6       1024: 98% ━━━━━━━━━━━╸ 363/368 4.8it/s 1:17<1.0s
[K       9/10      2.89G      1.623      1.075      1.362          6       1024: 98% ━━━━━━━━━━━╸ 364/368 5.0it/s 1:17<0.8s
[K       9/10      2.89G      1.623      1.073      1.362          4       1024: 99% ━━━━━━━━━━━╸ 365/368 4.8it/s 1:17<0.6s
[K       9/10      2.89G      1.623      1.075      1.363          8       1024: 99% ━━━━━━━━━━━╸ 366/368 5.0it/s 1:17<0.4s
[K       9/10      2.89G      1.623      1.076      1.363          7       1024: 99% ━━━━━━━━━━━╸ 367/368 4.7it/s 1:18<0.2s
[K       9/10      2.89G      1.623      1.076      1.363          7       1024: 100% ━━━━━━━━━━━━ 368/368 4.7it/s 1:18

[K                 Class     Images  Instances      Box(P          R      mAP50  mAP50-95): 2% ──────────── 1/35 2.5it/s 0.1s<13.6s
[K                 Class     Images  Instances      Box(P          R      mAP50  mAP50-95): 5% ╸─────────── 2/35 4.3it/s 0.2s<7.6s
[K                 Class     Images  Instances      Box(P          R      mAP50  mAP50-95): 8% ━─────────── 3/35 5.4it/s 0.4s<5.9s
[K                 Class     Images  Instances      Box(P          R      mAP50  mAP50-95): 11% ━─────────── 4/35 6.2it/s 0.5s<5.0s
[K                 Class     Images  Instances      Box(P          R      mAP50  mAP50-95): 14% ━╸────────── 5/35 6.7it/s 0.6s<4.4s
[K                 Class     Images  Instances      Box(P          R      mAP50  mAP50-95): 17% ━━────────── 6/35 7.2it/s 0.7s<4.0s
[K                 Class     Images  Instances      Box(P          R      mAP50  mAP50-95): 20% ━━────────── 7/35 7.4it/s 0.9s<3.8s
[K                 Class     Images  Instances      Box(P          R      mAP50  mAP50-95): 22% ━━╸───────── 8/35 7.6it/s 1.0s<3.6s
[K                 Class     Images  Instances      Box(P          R      mAP50  mAP50-95): 25% ━━━───────── 9/35 7.7it/s 1.1s<3.4s
[K                 Class     Images  Instances      Box(P          R      mAP50  mAP50-95): 28% ━━━───────── 10/35 7.8it/s 1.2s<3.2s
[K                 Class     Images  Instances      Box(P          R      mAP50  mAP50-95): 31% ━━━╸──────── 11/35 7.8it/s 1.4s<3.1s
[K                 Class     Images  Instances      Box(P          R      mAP50  mAP50-95): 34% ━━━━──────── 12/35 7.9it/s 1.5s<2.9s
[K                 Class     Images  Instances      Box(P          R      mAP50  mAP50-95): 37% ━━━━──────── 13/35 7.9it/s 1.6s<2.8s
[K                 Class     Images  Instances      Box(P          R      mAP50  mAP50-95): 40% ━━━━╸─────── 14/35 8.0it/s 1.7s<2.6s
[K                 Class     Images  Instances      Box(P          R      mAP50  mAP50-95): 42% ━━━━━─────── 15/35 8.0it/s 1.9s<2.5s
[K                 Class     Images  Instances      Box(P          R      mAP50  mAP50-95): 45% ━━━━━─────── 16/35 8.1it/s 2.0s<2.3s
[K                 Class     Images  Instances      Box(P          R      mAP50  mAP50-95): 48% ━━━━━╸────── 17/35 8.1it/s 2.1s<2.2s
[K                 Class     Images  Instances      Box(P          R      mAP50  mAP50-95): 51% ━━━━━━────── 18/35 8.0it/s 2.2s<2.1s
[K                 Class     Images  Instances      Box(P          R      mAP50  mAP50-95): 54% ━━━━━━╸───── 19/35 8.0it/s 2.4s<2.0s
[K                 Class     Images  Instances      Box(P          R      mAP50  mAP50-95): 57% ━━━━━━╸───── 20/35 8.1it/s 2.5s<1.9s
[K                 Class     Images  Instances      Box(P          R      mAP50  mAP50-95): 60% ━━━━━━━───── 21/35 8.1it/s 2.6s<1.7s
[K                 Class     Images  Instances      Box(P          R      mAP50  mAP50-95): 62% ━━━━━━━╸──── 22/35 8.2it/s 2.7s<1.6s
[K                 Class     Images  Instances      Box(P          R      mAP50  mAP50-95): 65% ━━━━━━━╸──── 23/35 8.1it/s 2.8s<1.5s
[K                 Class     Images  Instances      Box(P          R      mAP50  mAP50-95): 68% ━━━━━━━━──── 24/35 8.1it/s 3.0s<1.4s
[K                 Class     Images  Instances      Box(P          R      mAP50  mAP50-95): 71% ━━━━━━━━╸─── 25/35 8.3it/s 3.1s<1.2s
[K                 Class     Images  Instances      Box(P          R      mAP50  mAP50-95): 74% ━━━━━━━━╸─── 26/35 8.2it/s 3.2s<1.1s
[K                 Class     Images  Instances      Box(P          R      mAP50  mAP50-95): 77% ━━━━━━━━━─── 27/35 8.2it/s 3.3s<1.0s
[K                 Class     Images  Instances      Box(P          R      mAP50  mAP50-95): 80% ━━━━━━━━━╸── 28/35 8.2it/s 3.5s<0.9s
[K                 Class     Images  Instances      Box(P          R      mAP50  mAP50-95): 82% ━━━━━━━━━╸── 29/35 8.2it/s 3.6s<0.7s
[K                 Class     Images  Instances      Box(P          R      mAP50  mAP50-95): 85% ━━━━━━━━━━── 30/35 8.2it/s 3.7s<0.6s
[K                 Class     Images  Instances      Box(P          R      mAP50  mAP50-95): 88% ━━━━━━━━━━╸─ 31/35 8.2it/s 3.8s<0.5s
[K                 Class     Images  Instances      Box(P          R      mAP50  mAP50-95): 91% ━━━━━━━━━━╸─ 32/35 8.2it/s 3.9s<0.4s
[K                 Class     Images  Instances      Box(P          R      mAP50  mAP50-95): 94% ━━━━━━━━━━━─ 33/35 8.2it/s 4.1s<0.2s
[K                 Class     Images  Instances      Box(P          R      mAP50  mAP50-95): 97% ━━━━━━━━━━━╸ 34/35 8.3it/s 4.2s<0.1s
[K                 Class     Images  Instances      Box(P          R      mAP50  mAP50-95): 100% ━━━━━━━━━━━━ 35/35 8.3it/s 4.2s
                   all        275        480      0.738      0.696      0.719      0.354
WAFER_EPOCH 9/10 calls=1748 map=0.35404

      Epoch    GPU_mem   box_loss   cls_loss   dfl_loss  Instances       Size

[K      10/10      2.89G      1.386     0.8252     0.9044          4       1024: 0% ──────────── 0/368  0.2s
[K      10/10      2.89G      1.568      1.068      1.173         12       1024: 0% ──────────── 1/368 1.2it/s 0.4s<5:13
[K      10/10      2.89G       1.52      1.253       1.37          5       1024: 0% ──────────── 2/368 2.4it/s 0.6s<2:35
[K      10/10      2.89G      1.484      1.141      1.337          6       1024: 0% ──────────── 3/368 2.9it/s 0.9s<2:05
[K      10/10      2.89G      1.529      1.122      1.333          4       1024: 1% ──────────── 4/368 3.8it/s 1.0s<1:37
[K      10/10      2.89G      1.551      1.223      1.408          9       1024: 1% ──────────── 5/368 3.8it/s 1.3s<1:34
[K      10/10      2.89G      1.597      1.173      1.375          6       1024: 1% ──────────── 6/368 4.4it/s 1.5s<1:23
[K      10/10      2.89G      1.595      1.151      1.364          8       1024: 1% ──────────── 7/368 4.2it/s 1.7s<1:25
[K      10/10      2.89G      1.596      1.126      1.346          6       1024: 2% ──────────── 8/368 4.5it/s 1.9s<1:20
[K      10/10      2.89G      1.596      1.106      1.317          6       1024: 2% ──────────── 9/368 4.4it/s 2.2s<1:22
[K      10/10      2.89G      1.573      1.115      1.303          4       1024: 2% ──────────── 10/368 4.7it/s 2.3s<1:16
[K      10/10      2.89G      1.583      1.114      1.324          6       1024: 2% ──────────── 11/368 4.6it/s 2.6s<1:18
[K      10/10      2.89G      1.601      1.136      1.335          7       1024: 3% ──────────── 12/368 4.9it/s 2.8s<1:13
[K      10/10      2.89G      1.616      1.145      1.366         10       1024: 3% ──────────── 13/368 4.7it/s 3.0s<1:16
[K      10/10      2.89G      1.597      1.138      1.366          4       1024: 3% ──────────── 14/368 4.9it/s 3.2s<1:12
[K      10/10      2.89G      1.599      1.118       1.36          6       1024: 4% ──────────── 15/368 4.6it/s 3.4s<1:16
[K      10/10      2.89G      1.618       1.11      1.355         10       1024: 4% ╸─────────── 16/368 5.0it/s 3.6s<1:11
[K      10/10      2.89G      1.608      1.095      1.342          4       1024: 4% ╸─────────── 17/368 4.7it/s 3.9s<1:15
[K      10/10      2.89G      1.597      1.092      1.336          6       1024: 4% ╸─────────── 18/368 4.9it/s 4.0s<1:12
[K      10/10      2.89G      1.601      1.083      1.334          6       1024: 5% ╸─────────── 19/368 4.5it/s 4.3s<1:17
[K      10/10      2.89G      1.601      1.078      1.342         10       1024: 5% ╸─────────── 20/368 4.7it/s 4.5s<1:14
[K      10/10      2.89G      1.602      1.086      1.354          5       1024: 5% ╸─────────── 21/368 4.5it/s 4.8s<1:18
[K      10/10      2.89G      1.617      1.077      1.361          9       1024: 5% ╸─────────── 22/368 4.7it/s 5.0s<1:14
[K      10/10      2.89G      1.618      1.066      1.353          5       1024: 6% ╸─────────── 23/368 4.4it/s 5.2s<1:18
[K      10/10      2.89G      1.602       1.06      1.351          5       1024: 6% ╸─────────── 24/368 4.7it/s 5.4s<1:13
[K      10/10      2.89G      1.603      1.054      1.362          4       1024: 6% ╸─────────── 25/368 4.4it/s 5.7s<1:17
[K      10/10      2.89G      1.603      1.054      1.362          8       1024: 7% ╸─────────── 26/368 4.7it/s 5.9s<1:12
[K      10/10      2.89G      1.593      1.044      1.355          4       1024: 7% ╸─────────── 27/368 4.5it/s 6.1s<1:16
[K      10/10      2.89G      1.598      1.053      1.361          4       1024: 7% ╸─────────── 28/368 4.8it/s 6.3s<1:11
[K      10/10      2.89G      1.577      1.045      1.354          7       1024: 7% ╸─────────── 29/368 4.5it/s 6.5s<1:15
[K      10/10      2.89G      1.571      1.037      1.351          6       1024: 8% ╸─────────── 30/368 4.7it/s 6.7s<1:11
[K      10/10      2.89G      1.562      1.029      1.347          6       1024: 8% ━─────────── 31/368 4.4it/s 7.0s<1:16
[K      10/10      2.89G      1.557      1.019       1.34          6       1024: 8% ━─────────── 32/368 4.7it/s 7.2s<1:12
[K      10/10      2.89G      1.557      1.012      1.333          5       1024: 8% ━─────────── 33/368 4.6it/s 7.4s<1:13
[K      10/10      2.89G      1.549      1.006      1.343          4       1024: 9% ━─────────── 34/368 4.8it/s 7.6s<1:10
[K      10/10      2.89G      1.546      1.014      1.342          5       1024: 9% ━─────────── 35/368 4.6it/s 7.8s<1:12
[K      10/10      2.89G      1.544      1.013      1.337          5       1024: 9% ━─────────── 36/368 4.9it/s 8.0s<1:08
[K      10/10      2.89G      1.544      1.021      1.343         18       1024: 10% ━─────────── 37/368 4.6it/s 8.3s<1:13
[K      10/10      2.89G      1.543      1.012      1.342          5       1024: 10% ━─────────── 38/368 4.8it/s 8.5s<1:08
[K      10/10      2.89G      1.544      1.013      1.338          8       1024: 10% ━─────────── 39/368 4.5it/s 8.7s<1:12
[K      10/10      2.89G       1.54      1.004      1.331          5       1024: 10% ━─────────── 40/368 4.8it/s 8.9s<1:09
[K      10/10      2.89G      1.546      1.012      1.336          4       1024: 11% ━─────────── 41/368 4.5it/s 9.2s<1:12
[K      10/10      2.89G      1.534      1.009      1.333          9       1024: 11% ━─────────── 42/368 4.7it/s 9.4s<1:09
[K      10/10      2.89G      1.539      1.027      1.334          6       1024: 11% ━─────────── 43/368 4.5it/s 9.6s<1:11
[K      10/10      2.89G      1.555       1.05      1.349         10       1024: 11% ━─────────── 44/368 4.7it/s 9.8s<1:08
[K      10/10      2.89G      1.555      1.047      1.349          6       1024: 12% ━─────────── 45/368 4.5it/s 10.1s<1:12
[K      10/10      2.89G      1.553      1.049      1.349          4       1024: 12% ━─────────── 46/368 4.8it/s 10.2s<1:08
[K      10/10      2.89G      1.554       1.05       1.35          6       1024: 12% ━╸────────── 47/368 4.5it/s 10.5s<1:11
[K      10/10      2.89G      1.549      1.042      1.341          6       1024: 13% ━╸────────── 48/368 4.7it/s 10.7s<1:08
[K      10/10      2.89G      1.548      1.037      1.335          7       1024: 13% ━╸────────── 49/368 4.5it/s 10.9s<1:11
[K      10/10      2.89G       1.55      1.031      1.329          5       1024: 13% ━╸────────── 50/368 4.8it/s 11.1s<1:07
[K      10/10      2.89G       1.55      1.039       1.33          5       1024: 13% ━╸────────── 51/368 4.5it/s 11.4s<1:10
[K      10/10      2.89G       1.55      1.037      1.334          6       1024: 14% ━╸────────── 52/368 4.7it/s 11.6s<1:07
[K      10/10      2.89G      1.548      1.036       1.33          5       1024: 14% ━╸────────── 53/368 4.5it/s 11.8s<1:10
[K      10/10      2.89G      1.547       1.04      1.331          8       1024: 14% ━╸────────── 54/368 4.8it/s 12.0s<1:05
[K      10/10      2.89G      1.554      1.047      1.335          9       1024: 14% ━╸────────── 55/368 4.5it/s 12.3s<1:10
[K      10/10      2.89G      1.551      1.046      1.333          6       1024: 15% ━╸────────── 56/368 4.7it/s 12.5s<1:06
[K      10/10      2.89G       1.56      1.052      1.335          9       1024: 15% ━╸────────── 57/368 4.6it/s 12.7s<1:08
[K      10/10      2.89G      1.569       1.05      1.341          6       1024: 15% ━╸────────── 58/368 4.8it/s 12.9s<1:05
[K      10/10      2.89G      1.567      1.047       1.34          4       1024: 16% ━╸────────── 59/368 4.6it/s 13.1s<1:08
[K      10/10      2.89G      1.566      1.046       1.34          6       1024: 16% ━╸────────── 60/368 4.8it/s 13.3s<1:04
[K      10/10      2.89G      1.565      1.044      1.337          7       1024: 16% ━╸────────── 61/368 4.6it/s 13.6s<1:07
[K      10/10      2.89G      1.566      1.041      1.334          9       1024: 16% ━━────────── 62/368 4.9it/s 13.7s<1:03
[K      10/10      2.89G      1.564      1.037      1.334          8       1024: 17% ━━────────── 63/368 4.6it/s 14.0s<1:07
[K      10/10      2.89G      1.572      1.045      1.334          9       1024: 17% ━━────────── 64/368 4.8it/s 14.2s<1:03
[K      10/10      2.89G       1.57      1.041      1.332          5       1024: 17% ━━────────── 65/368 4.5it/s 14.4s<1:07
[K      10/10      2.89G      1.566      1.039      1.329          8       1024: 17% ━━────────── 66/368 4.9it/s 14.6s<1:02
[K      10/10      2.89G      1.567       1.04      1.328          7       1024: 18% ━━────────── 67/368 4.5it/s 14.9s<1:06
[K      10/10      2.89G      1.563      1.036      1.325          5       1024: 18% ━━────────── 68/368 4.9it/s 15.1s<1:02
[K      10/10      2.89G       1.56      1.033      1.324          5       1024: 18% ━━────────── 69/368 4.6it/s 15.3s<1:05
[K      10/10      2.89G      1.556      1.031      1.323          4       1024: 19% ━━────────── 70/368 4.9it/s 15.5s<1:01
[K      10/10      2.89G      1.556       1.03      1.322         10       1024: 19% ━━────────── 71/368 4.7it/s 15.7s<1:03
[K      10/10      2.89G       1.56      1.033      1.326          8       1024: 19% ━━────────── 72/368 4.9it/s 15.9s<1:00
[K      10/10      2.89G      1.561      1.029      1.325          5       1024: 19% ━━────────── 73/368 4.7it/s 16.2s<1:03
[K      10/10      2.89G      1.564      1.031      1.326          7       1024: 20% ━━────────── 74/368 4.9it/s 16.3s<1:00
[K      10/10      2.89G      1.563      1.031      1.325          7       1024: 20% ━━────────── 75/368 4.7it/s 16.6s<1:03
[K      10/10      2.89G      1.574      1.029      1.323          5       1024: 20% ━━────────── 76/368 4.8it/s 16.8s<1:01
[K      10/10      2.89G      1.569      1.027      1.324          6       1024: 20% ━━╸───────── 77/368 4.6it/s 17.0s<1:03
[K      10/10      2.89G      1.571      1.031      1.329         10       1024: 21% ━━╸───────── 78/368 4.9it/s 17.2s<59.4s
[K      10/10      2.89G      1.573      1.033      1.328          6       1024: 21% ━━╸───────── 79/368 4.6it/s 17.5s<1:03
[K      10/10      2.89G      1.573      1.033      1.328          6       1024: 21% ━━╸───────── 80/368 4.9it/s 17.6s<58.4s
[K      10/10      2.89G      1.572      1.033      1.326          4       1024: 22% ━━╸───────── 81/368 4.7it/s 17.9s<1:01
[K      10/10      2.89G      1.574      1.039      1.331          9       1024: 22% ━━╸───────── 82/368 5.0it/s 18.1s<57.7s
[K      10/10      2.89G      1.576      1.035      1.329          4       1024: 22% ━━╸───────── 83/368 4.7it/s 18.3s<1:01
[K      10/10      2.89G      1.575       1.03      1.326          4       1024: 22% ━━╸───────── 84/368 5.0it/s 18.5s<57.2s
[K      10/10      2.89G      1.574       1.03      1.324          5       1024: 23% ━━╸───────── 85/368 4.6it/s 18.7s<1:01
[K      10/10      2.89G      1.575      1.031      1.326          7       1024: 23% ━━╸───────── 86/368 4.9it/s 18.9s<57.6s
[K      10/10      2.89G      1.572      1.027      1.325          4       1024: 23% ━━╸───────── 87/368 4.6it/s 19.2s<1:01
[K      10/10      2.89G      1.573      1.022      1.324          4       1024: 23% ━━╸───────── 88/368 4.9it/s 19.3s<57.3s
[K      10/10      2.89G      1.576      1.021      1.326          6       1024: 24% ━━╸───────── 89/368 4.6it/s 19.6s<1:00
[K      10/10      2.89G      1.579      1.022      1.328          8       1024: 24% ━━╸───────── 90/368 4.9it/s 19.8s<57.1s
[K      10/10      2.89G      1.579      1.023      1.328          5       1024: 24% ━━╸───────── 91/368 4.6it/s 20.0s<1:00
[K      10/10      2.89G      1.578      1.023      1.328          9       1024: 25% ━━━───────── 92/368 4.9it/s 20.2s<56.1s
[K      10/10      2.89G      1.579      1.024      1.328          6       1024: 25% ━━━───────── 93/368 4.7it/s 20.4s<58.1s
[K      10/10      2.89G      1.581      1.025      1.328         10       1024: 25% ━━━───────── 94/368 5.0it/s 20.6s<55.2s
[K      10/10      2.89G      1.581      1.025      1.328          6       1024: 25% ━━━───────── 95/368 4.8it/s 20.9s<57.1s
[K      10/10      2.89G      1.578      1.024       1.33          4       1024: 26% ━━━───────── 96/368 5.0it/s 21.0s<54.3s
[K      10/10      2.89G      1.576      1.024      1.327          8       1024: 26% ━━━───────── 97/368 4.7it/s 21.3s<57.4s
[K      10/10      2.89G      1.576      1.023      1.328          4       1024: 26% ━━━───────── 98/368 5.0it/s 21.5s<54.2s
[K      10/10      2.89G      1.578      1.026      1.329         18       1024: 26% ━━━───────── 99/368 4.7it/s 21.7s<57.6s
[K      10/10      2.89G      1.579      1.034      1.332          7       1024: 27% ━━━───────── 100/368 4.9it/s 21.9s<54.3s
[K      10/10      2.89G      1.575      1.031      1.329          6       1024: 27% ━━━───────── 101/368 4.7it/s 22.1s<57.3s
[K      10/10      2.89G      1.576      1.027      1.328          8       1024: 27% ━━━───────── 102/368 4.8it/s 22.3s<55.1s
[K      10/10      2.89G      1.573      1.024      1.325          8       1024: 27% ━━━───────── 103/368 4.6it/s 22.6s<57.3s
[K      10/10      2.89G      1.573      1.025      1.326          5       1024: 28% ━━━───────── 104/368 4.7it/s 22.8s<55.8s
[K      10/10      2.89G      1.576      1.022      1.325          5       1024: 28% ━━━───────── 105/368 4.5it/s 23.0s<58.5s
[K      10/10      2.89G      1.577       1.02      1.322          5       1024: 28% ━━━───────── 106/368 4.7it/s 23.2s<56.0s
[K      10/10      2.89G      1.578      1.023      1.322          5       1024: 29% ━━━───────── 107/368 4.3it/s 23.5s<1:01
[K      10/10      2.89G      1.583      1.024      1.323          5       1024: 29% ━━━╸──────── 108/368 4.5it/s 23.7s<57.5s
[K      10/10      2.89G      1.583      1.026      1.323          7       1024: 29% ━━━╸──────── 109/368 4.2it/s 24.0s<1:01
[K      10/10      2.89G      1.581      1.024      1.321          6       1024: 29% ━━━╸──────── 110/368 4.5it/s 24.2s<56.9s
[K      10/10      2.89G      1.581      1.021      1.318          5       1024: 30% ━━━╸──────── 111/368 4.3it/s 24.5s<59.2s
[K      10/10      2.89G      1.585       1.02      1.316          9       1024: 30% ━━━╸──────── 112/368 4.6it/s 24.6s<55.5s
[K      10/10      2.89G      1.583      1.017      1.314          5       1024: 30% ━━━╸──────── 113/368 4.4it/s 24.9s<57.6s
[K      10/10      2.89G      1.582      1.016      1.312          5       1024: 30% ━━━╸──────── 114/368 4.6it/s 25.1s<55.3s
[K      10/10      2.89G      1.581      1.015      1.312          8       1024: 31% ━━━╸──────── 115/368 4.4it/s 25.4s<57.4s
[K      10/10      2.89G      1.583      1.017      1.314          4       1024: 31% ━━━╸──────── 116/368 4.5it/s 25.6s<55.4s
[K      10/10      2.89G      1.579      1.014      1.311          4       1024: 31% ━━━╸──────── 117/368 4.3it/s 25.8s<58.2s
[K      10/10      2.89G      1.579      1.018      1.313          6       1024: 32% ━━━╸──────── 118/368 4.6it/s 26.0s<54.8s
[K      10/10      2.89G      1.583      1.017      1.315          4       1024: 32% ━━━╸──────── 119/368 4.4it/s 26.3s<56.2s
[K      10/10      2.89G      1.581      1.016      1.314          5       1024: 32% ━━━╸──────── 120/368 4.8it/s 26.4s<51.4s
[K      10/10      2.89G      1.581      1.016      1.314          8       1024: 32% ━━━╸──────── 121/368 4.6it/s 26.7s<53.9s
[K      10/10      2.89G      1.588      1.018      1.312          6       1024: 33% ━━━╸──────── 122/368 4.9it/s 26.9s<50.6s
[K      10/10      2.89G      1.592      1.018      1.313          5       1024: 33% ━━━━──────── 123/368 4.7it/s 27.1s<52.7s
[K      10/10      2.89G      1.591      1.019      1.314          6       1024: 33% ━━━━──────── 124/368 4.9it/s 27.3s<49.4s
[K      10/10      2.89G       1.59      1.018      1.314          4       1024: 33% ━━━━──────── 125/368 4.6it/s 27.5s<52.8s
[K      10/10      2.89G      1.588      1.015      1.314          7       1024: 34% ━━━━──────── 126/368 4.9it/s 27.7s<49.6s
[K      10/10      2.89G      1.584      1.013      1.311          4       1024: 34% ━━━━──────── 127/368 4.6it/s 28.0s<51.9s
[K      10/10      2.89G      1.586       1.01      1.312          5       1024: 34% ━━━━──────── 128/368 5.0it/s 28.1s<48.2s
[K      10/10      2.89G      1.584      1.009      1.311          7       1024: 35% ━━━━──────── 129/368 4.7it/s 28.4s<50.7s
[K      10/10      2.89G      1.585      1.009      1.311          6       1024: 35% ━━━━──────── 130/368 4.9it/s 28.6s<48.2s
[K      10/10      2.89G      1.584      1.007       1.31          7       1024: 35% ━━━━──────── 131/368 4.7it/s 28.8s<50.3s
[K      10/10      2.89G      1.584      1.009      1.311          5       1024: 35% ━━━━──────── 132/368 4.9it/s 29.0s<47.9s
[K      10/10      2.89G      1.584      1.008      1.313          4       1024: 36% ━━━━──────── 133/368 4.7it/s 29.2s<50.1s
[K      10/10      2.89G      1.583      1.008      1.312          4       1024: 36% ━━━━──────── 134/368 5.0it/s 29.4s<46.7s
[K      10/10      2.89G      1.582      1.008      1.312          6       1024: 36% ━━━━──────── 135/368 4.8it/s 29.6s<48.6s
[K      10/10      2.89G       1.58      1.007      1.312          5       1024: 36% ━━━━──────── 136/368 5.2it/s 29.8s<44.9s
[K      10/10      2.89G      1.582      1.008      1.314          7       1024: 37% ━━━━──────── 137/368 4.8it/s 30.1s<48.0s
[K      10/10      2.89G      1.582      1.005      1.313          6       1024: 37% ━━━━──────── 138/368 5.1it/s 30.2s<45.0s
[K      10/10      2.89G       1.58      1.003      1.312          6       1024: 37% ━━━━╸─────── 139/368 4.8it/s 30.5s<47.9s
[K      10/10      2.89G      1.577      1.001       1.31          6       1024: 38% ━━━━╸─────── 140/368 5.1it/s 30.7s<44.9s
[K      10/10      2.89G      1.578          1      1.309         10       1024: 38% ━━━━╸─────── 141/368 4.8it/s 30.9s<47.1s
[K      10/10      2.89G      1.575     0.9978      1.308          4       1024: 38% ━━━━╸─────── 142/368 5.1it/s 31.1s<44.7s
[K      10/10      2.89G      1.575          1      1.308          8       1024: 38% ━━━━╸─────── 143/368 4.7it/s 31.3s<48.0s
[K      10/10      2.89G      1.577     0.9985      1.308          7       1024: 39% ━━━━╸─────── 144/368 4.9it/s 31.5s<45.6s
[K      10/10      2.89G      1.577     0.9989      1.309          7       1024: 39% ━━━━╸─────── 145/368 4.7it/s 31.8s<47.6s
[K      10/10      2.89G      1.576     0.9973      1.307          5       1024: 39% ━━━━╸─────── 146/368 4.9it/s 31.9s<45.6s
[K      10/10      2.89G      1.574     0.9961      1.307          7       1024: 39% ━━━━╸─────── 147/368 4.5it/s 32.2s<48.8s
[K      10/10      2.89G      1.577     0.9954      1.308          5       1024: 40% ━━━━╸─────── 148/368 4.9it/s 32.4s<45.3s
[K      10/10      2.89G      1.579     0.9951      1.308          4       1024: 40% ━━━━╸─────── 149/368 4.7it/s 32.6s<47.0s
[K      10/10      2.89G      1.584     0.9954      1.308          5       1024: 40% ━━━━╸─────── 150/368 5.0it/s 32.8s<43.7s
[K      10/10      2.89G      1.584     0.9967      1.309          7       1024: 41% ━━━━╸─────── 151/368 4.7it/s 33.0s<46.0s
[K      10/10      2.89G      1.585      1.002       1.31          4       1024: 41% ━━━━╸─────── 152/368 5.0it/s 33.2s<42.9s
[K      10/10      2.89G      1.585     0.9998      1.309          6       1024: 41% ━━━━╸─────── 153/368 4.8it/s 33.4s<44.6s
[K      10/10      2.89G      1.586      1.001      1.309          8       1024: 41% ━━━━━─────── 154/368 5.1it/s 33.6s<41.9s
[K      10/10      2.89G      1.587      1.001       1.31          5       1024: 42% ━━━━━─────── 155/368 4.8it/s 33.9s<44.3s
[K      10/10      2.89G      1.585     0.9998      1.309          8       1024: 42% ━━━━━─────── 156/368 5.1it/s 34.0s<41.8s
[K      10/10      2.89G      1.583      1.003      1.308          6       1024: 42% ━━━━━─────── 157/368 4.8it/s 34.3s<43.8s
[K      10/10      2.89G      1.581          1      1.307          6       1024: 42% ━━━━━─────── 158/368 5.1it/s 34.5s<41.1s
[K      10/10      2.89G      1.581      1.003      1.309          7       1024: 43% ━━━━━─────── 159/368 4.8it/s 34.7s<43.5s
[K      10/10      2.89G       1.58      1.003       1.31          6       1024: 43% ━━━━━─────── 160/368 5.1it/s 34.9s<40.7s
[K      10/10      2.89G      1.578      1.001      1.309          5       1024: 43% ━━━━━─────── 161/368 4.8it/s 35.1s<42.8s
[K      10/10      2.89G      1.579      1.003       1.31         13       1024: 44% ━━━━━─────── 162/368 5.1it/s 35.3s<40.3s
[K      10/10      2.89G      1.579      1.003      1.309          6       1024: 44% ━━━━━─────── 163/368 4.8it/s 35.5s<42.9s
[K      10/10      2.89G      1.579      1.001      1.308          5       1024: 44% ━━━━━─────── 164/368 5.0it/s 35.7s<40.6s
[K      10/10      2.89G       1.58      1.003      1.309         12       1024: 44% ━━━━━─────── 165/368 4.8it/s 35.9s<42.6s
[K      10/10      2.89G      1.578      1.003      1.309          8       1024: 45% ━━━━━─────── 166/368 4.9it/s 36.1s<41.5s
[K      10/10      2.89G      1.577      1.003       1.31          8       1024: 45% ━━━━━─────── 167/368 4.7it/s 36.4s<43.1s
[K      10/10      2.89G      1.577      1.002      1.309          7       1024: 45% ━━━━━─────── 168/368 4.8it/s 36.6s<41.6s
[K      10/10      2.89G      1.576     0.9998      1.308          5       1024: 45% ━━━━━╸────── 169/368 4.6it/s 36.8s<43.3s
[K      10/10      2.89G      1.577      1.002       1.31         11       1024: 46% ━━━━━╸────── 170/368 4.9it/s 37.0s<40.5s
[K      10/10      2.89G      1.575     0.9997      1.309          8       1024: 46% ━━━━━╸────── 171/368 4.7it/s 37.2s<41.5s
[K      10/10      2.89G      1.574     0.9998       1.31          8       1024: 46% ━━━━━╸────── 172/368 5.0it/s 37.4s<39.0s
[K      10/10      2.89G      1.573     0.9975      1.309          5       1024: 47% ━━━━━╸────── 173/368 4.7it/s 37.7s<41.7s
[K      10/10      2.89G      1.578      1.001      1.311          8       1024: 47% ━━━━━╸────── 174/368 5.0it/s 37.8s<39.2s
[K      10/10      2.89G      1.578      1.001      1.312          8       1024: 47% ━━━━━╸────── 175/368 4.7it/s 38.1s<41.3s
[K      10/10      2.89G      1.578      1.002      1.313          5       1024: 47% ━━━━━╸────── 176/368 5.0it/s 38.3s<38.3s
[K      10/10      2.89G      1.578      1.003      1.314          7       1024: 48% ━━━━━╸────── 177/368 4.8it/s 38.5s<39.7s
[K      10/10      2.89G      1.577      1.006      1.314          4       1024: 48% ━━━━━╸────── 178/368 5.1it/s 38.7s<37.1s
[K      10/10      2.89G      1.577      1.006      1.314          6       1024: 48% ━━━━━╸────── 179/368 4.8it/s 38.9s<39.6s
[K      10/10      2.89G      1.579      1.007      1.314          9       1024: 48% ━━━━━╸────── 180/368 5.1it/s 39.1s<37.0s
[K      10/10      2.89G       1.58      1.009      1.317         12       1024: 49% ━━━━━╸────── 181/368 4.8it/s 39.3s<39.2s
[K      10/10      2.89G      1.581       1.01      1.317         14       1024: 49% ━━━━━╸────── 182/368 5.0it/s 39.5s<37.0s
[K      10/10      2.89G      1.578      1.012      1.317          4       1024: 49% ━━━━━╸────── 183/368 4.8it/s 39.7s<38.5s
[K      10/10      2.89G      1.577      1.013      1.317          8       1024: 50% ━━━━━━────── 184/368 5.0it/s 39.9s<36.8s
[K      10/10      2.89G      1.577      1.015       1.32         10       1024: 50% ━━━━━━────── 185/368 4.7it/s 40.2s<38.7s
[K      10/10      2.89G      1.578      1.016      1.321          7       1024: 50% ━━━━━━────── 186/368 5.0it/s 40.4s<36.5s
[K      10/10      2.89G      1.577      1.015       1.32          8       1024: 50% ━━━━━━────── 187/368 4.7it/s 40.6s<38.5s
[K      10/10      2.89G      1.578      1.014      1.319          6       1024: 51% ━━━━━━────── 188/368 4.9it/s 40.8s<36.6s
[K      10/10      2.89G       1.58      1.017      1.321          7       1024: 51% ━━━━━━────── 189/368 4.7it/s 41.0s<37.7s
[K      10/10      2.89G      1.579      1.016       1.32          6       1024: 51% ━━━━━━────── 190/368 5.0it/s 41.2s<35.6s
[K      10/10      2.89G      1.578      1.014      1.319          7       1024: 51% ━━━━━━────── 191/368 4.8it/s 41.4s<37.2s
[K      10/10      2.89G      1.576      1.014      1.318         12       1024: 52% ━━━━━━────── 192/368 5.1it/s 41.6s<34.8s
[K      10/10      2.89G      1.578      1.016      1.321          8       1024: 52% ━━━━━━────── 193/368 4.8it/s 41.8s<36.7s
[K      10/10      2.89G      1.578      1.015      1.321          5       1024: 52% ━━━━━━────── 194/368 5.1it/s 42.0s<34.2s
[K      10/10      2.89G      1.581      1.016      1.322          4       1024: 52% ━━━━━━────── 195/368 4.8it/s 42.3s<35.7s
[K      10/10      2.89G       1.58      1.015      1.323         10       1024: 53% ━━━━━━────── 196/368 5.0it/s 42.4s<34.5s
[K      10/10      2.89G      1.582      1.016      1.324         10       1024: 53% ━━━━━━────── 197/368 4.7it/s 42.7s<36.0s
[K      10/10      2.89G       1.58      1.015      1.323          8       1024: 53% ━━━━━━────── 198/368 5.0it/s 42.9s<33.7s
[K      10/10      2.89G       1.58      1.019      1.323          7       1024: 54% ━━━━━━────── 199/368 4.8it/s 43.1s<35.3s
[K      10/10      2.89G      1.581      1.018      1.322          8       1024: 54% ━━━━━━╸───── 200/368 5.1it/s 43.3s<33.1s
[K      10/10      2.89G      1.582      1.018      1.323          6       1024: 54% ━━━━━━╸───── 201/368 4.8it/s 43.5s<35.0s
[K      10/10      2.89G      1.583      1.017      1.322          5       1024: 54% ━━━━━━╸───── 202/368 5.0it/s 43.7s<32.9s
[K      10/10      2.89G      1.582      1.017      1.322          6       1024: 55% ━━━━━━╸───── 203/368 4.7it/s 43.9s<34.8s
[K      10/10      2.89G      1.583      1.017      1.322          5       1024: 55% ━━━━━━╸───── 204/368 5.0it/s 44.1s<32.7s
[K      10/10      2.89G      1.581      1.016      1.322          5       1024: 55% ━━━━━━╸───── 205/368 4.7it/s 44.4s<34.5s
[K      10/10      2.89G       1.58      1.015      1.321          6       1024: 55% ━━━━━━╸───── 206/368 5.0it/s 44.5s<32.6s
[K      10/10      2.89G      1.582      1.014      1.322          5       1024: 56% ━━━━━━╸───── 207/368 4.7it/s 44.8s<34.5s
[K      10/10      2.89G      1.583      1.017      1.324          9       1024: 56% ━━━━━━╸───── 208/368 4.9it/s 45.0s<32.9s
[K      10/10      2.89G      1.582      1.015      1.323          5       1024: 56% ━━━━━━╸───── 209/368 4.6it/s 45.2s<34.3s
[K      10/10      2.89G      1.583      1.017      1.322          8       1024: 57% ━━━━━━╸───── 210/368 4.8it/s 45.4s<33.0s
[K      10/10      2.89G      1.583      1.017      1.321          6       1024: 57% ━━━━━━╸───── 211/368 4.4it/s 45.7s<36.1s
[K      10/10      2.89G      1.581      1.017      1.321          5       1024: 57% ━━━━━━╸───── 212/368 4.6it/s 45.9s<33.8s
[K      10/10      2.89G       1.58      1.017      1.321          6       1024: 57% ━━━━━━╸───── 213/368 4.5it/s 46.2s<34.7s
[K      10/10      2.89G      1.581      1.019      1.323          5       1024: 58% ━━━━━━╸───── 214/368 4.7it/s 46.3s<32.8s
[K      10/10      2.89G      1.581      1.017      1.322          6       1024: 58% ━━━━━━━───── 215/368 4.5it/s 46.6s<34.0s
[K      10/10      2.89G      1.581      1.017      1.323          4       1024: 58% ━━━━━━━───── 216/368 4.8it/s 46.8s<31.4s
[K      10/10      2.89G      1.582      1.017      1.322          7       1024: 58% ━━━━━━━───── 217/368 4.6it/s 47.0s<32.6s
[K      10/10      2.89G      1.583      1.018      1.324          4       1024: 59% ━━━━━━━───── 218/368 5.0it/s 47.2s<30.2s
[K      10/10      2.89G      1.585       1.02      1.324          8       1024: 59% ━━━━━━━───── 219/368 4.7it/s 47.4s<31.9s
[K      10/10      2.89G      1.584      1.018      1.324          5       1024: 59% ━━━━━━━───── 220/368 5.0it/s 47.6s<29.6s
[K      10/10      2.89G      1.583      1.018      1.324          5       1024: 60% ━━━━━━━───── 221/368 4.8it/s 47.8s<30.8s
[K      10/10      2.89G      1.582      1.017      1.324          4       1024: 60% ━━━━━━━───── 222/368 5.0it/s 48.0s<29.4s
[K      10/10      2.89G      1.583      1.016      1.323          8       1024: 60% ━━━━━━━───── 223/368 4.7it/s 48.3s<31.0s
[K      10/10      2.89G      1.581      1.016      1.323         10       1024: 60% ━━━━━━━───── 224/368 5.0it/s 48.5s<28.9s
[K      10/10      2.89G      1.581      1.014      1.322          5       1024: 61% ━━━━━━━───── 225/368 4.8it/s 48.7s<30.0s
[K      10/10      2.89G      1.582      1.014      1.322          5       1024: 61% ━━━━━━━───── 226/368 5.0it/s 48.9s<28.2s
[K      10/10      2.89G      1.582      1.015      1.322          8       1024: 61% ━━━━━━━───── 227/368 4.7it/s 49.1s<30.1s
[K      10/10      2.89G      1.582      1.017      1.323         10       1024: 61% ━━━━━━━───── 228/368 5.0it/s 49.3s<28.2s
[K      10/10      2.89G      1.582      1.018      1.324          9       1024: 62% ━━━━━━━───── 229/368 4.8it/s 49.5s<29.2s
[K      10/10      2.89G      1.584      1.018      1.326          6       1024: 62% ━━━━━━━───── 230/368 5.1it/s 49.7s<26.9s
[K      10/10      2.89G      1.583      1.018      1.325          6       1024: 62% ━━━━━━━╸──── 231/368 4.8it/s 50.0s<28.5s
[K      10/10      2.89G      1.583      1.017      1.324          7       1024: 63% ━━━━━━━╸──── 232/368 5.0it/s 50.1s<27.1s
[K      10/10      2.89G      1.583      1.015      1.323          8       1024: 63% ━━━━━━━╸──── 233/368 4.8it/s 50.4s<28.3s
[K      10/10      2.89G      1.583      1.015      1.322         13       1024: 63% ━━━━━━━╸──── 234/368 5.0it/s 50.6s<26.7s
[K      10/10      2.89G      1.582      1.016      1.323          9       1024: 63% ━━━━━━━╸──── 235/368 4.8it/s 50.8s<27.9s
[K      10/10      2.89G      1.583      1.016      1.323          5       1024: 64% ━━━━━━━╸──── 236/368 5.0it/s 51.0s<26.5s
[K      10/10      2.89G      1.583      1.018      1.322          6       1024: 64% ━━━━━━━╸──── 237/368 4.8it/s 51.2s<27.5s
[K      10/10      2.89G      1.584      1.018      1.324          6       1024: 64% ━━━━━━━╸──── 238/368 5.1it/s 51.4s<25.7s
[K      10/10      2.89G      1.583      1.018      1.324          5       1024: 64% ━━━━━━━╸──── 239/368 4.8it/s 51.6s<27.0s
[K      10/10      2.89G      1.583      1.017      1.323          7       1024: 65% ━━━━━━━╸──── 240/368 5.1it/s 51.8s<25.2s
[K      10/10      2.89G      1.582      1.016      1.323          4       1024: 65% ━━━━━━━╸──── 241/368 4.8it/s 52.0s<26.6s
[K      10/10      2.89G      1.583      1.015      1.323          8       1024: 65% ━━━━━━━╸──── 242/368 5.0it/s 52.2s<25.0s
[K      10/10      2.89G      1.583      1.013      1.322          4       1024: 66% ━━━━━━━╸──── 243/368 4.7it/s 52.5s<26.3s
[K      10/10      2.89G      1.585      1.015      1.325         10       1024: 66% ━━━━━━━╸──── 244/368 5.1it/s 52.6s<24.5s
[K      10/10      2.89G      1.584      1.014      1.324          8       1024: 66% ━━━━━━━╸──── 245/368 4.8it/s 52.9s<25.4s
[K      10/10      2.89G      1.584      1.013      1.324          9       1024: 66% ━━━━━━━━──── 246/368 5.3it/s 53.0s<23.1s
[K      10/10      2.89G      1.583      1.012      1.323          7       1024: 67% ━━━━━━━━──── 247/368 4.9it/s 53.3s<24.5s
[K      10/10      2.89G      1.583      1.013      1.322         11       1024: 67% ━━━━━━━━──── 248/368 5.2it/s 53.4s<23.2s
[K      10/10      2.89G       1.58      1.012      1.322          5       1024: 67% ━━━━━━━━──── 249/368 4.8it/s 53.7s<24.6s
[K      10/10      2.89G      1.581      1.012      1.322          9       1024: 67% ━━━━━━━━──── 250/368 5.0it/s 53.9s<23.5s
[K      10/10      2.89G      1.582      1.011      1.321          4       1024: 68% ━━━━━━━━──── 251/368 4.7it/s 54.1s<24.9s
[K      10/10      2.89G      1.583       1.01      1.321          5       1024: 68% ━━━━━━━━──── 252/368 5.1it/s 54.3s<22.7s
[K      10/10      2.89G      1.582      1.009       1.32          6       1024: 68% ━━━━━━━━──── 253/368 4.8it/s 54.5s<23.9s
[K      10/10      2.89G      1.584      1.009       1.32          5       1024: 69% ━━━━━━━━──── 254/368 5.0it/s 54.7s<22.6s
[K      10/10      2.89G      1.583      1.009      1.319          9       1024: 69% ━━━━━━━━──── 255/368 4.9it/s 54.9s<23.3s
[K      10/10      2.89G      1.585       1.01      1.321          7       1024: 69% ━━━━━━━━──── 256/368 5.1it/s 55.1s<21.8s
[K      10/10      2.89G      1.585      1.009       1.32          7       1024: 69% ━━━━━━━━──── 257/368 4.9it/s 55.3s<22.6s
[K      10/10      2.89G      1.582      1.007      1.319          4       1024: 70% ━━━━━━━━──── 258/368 5.1it/s 55.5s<21.6s
[K      10/10      2.89G      1.581      1.006      1.318          4       1024: 70% ━━━━━━━━──── 259/368 4.8it/s 55.8s<22.8s
[K      10/10      2.89G      1.581      1.007      1.319          6       1024: 70% ━━━━━━━━──── 260/368 5.0it/s 55.9s<21.5s
[K      10/10      2.89G      1.581      1.007      1.318          5       1024: 70% ━━━━━━━━╸─── 261/368 4.7it/s 56.2s<22.6s
[K      10/10      2.89G      1.581      1.006      1.318          6       1024: 71% ━━━━━━━━╸─── 262/368 5.0it/s 56.4s<21.3s
[K      10/10      2.89G       1.58      1.006      1.318          4       1024: 71% ━━━━━━━━╸─── 263/368 4.7it/s 56.6s<22.3s
[K      10/10      2.89G       1.58      1.004      1.318          6       1024: 71% ━━━━━━━━╸─── 264/368 5.0it/s 56.8s<20.8s
[K      10/10      2.89G      1.578      1.009      1.317          7       1024: 72% ━━━━━━━━╸─── 265/368 4.7it/s 57.0s<21.7s
[K      10/10      2.89G      1.579      1.009      1.317          7       1024: 72% ━━━━━━━━╸─── 266/368 5.0it/s 57.2s<20.4s
[K      10/10      2.89G      1.579      1.008      1.317          7       1024: 72% ━━━━━━━━╸─── 267/368 4.7it/s 57.5s<21.4s
[K      10/10      2.89G      1.581       1.01      1.319         15       1024: 72% ━━━━━━━━╸─── 268/368 5.0it/s 57.6s<20.1s
[K      10/10      2.89G      1.582       1.01       1.32          6       1024: 73% ━━━━━━━━╸─── 269/368 4.7it/s 57.9s<20.9s
[K      10/10      2.89G      1.581      1.009      1.319          5       1024: 73% ━━━━━━━━╸─── 270/368 5.0it/s 58.1s<19.4s
[K      10/10      2.89G       1.58      1.009       1.32          6       1024: 73% ━━━━━━━━╸─── 271/368 4.8it/s 58.3s<20.4s
[K      10/10      2.89G       1.58      1.008       1.32          4       1024: 73% ━━━━━━━━╸─── 272/368 5.2it/s 58.5s<18.6s
[K      10/10      2.89G      1.579      1.007       1.32          4       1024: 74% ━━━━━━━━╸─── 273/368 4.8it/s 58.7s<19.6s
[K      10/10      2.89G      1.579      1.007       1.32          4       1024: 74% ━━━━━━━━╸─── 274/368 4.9it/s 58.9s<19.1s
[K      10/10      2.89G      1.579      1.005      1.321          5       1024: 74% ━━━━━━━━╸─── 275/368 4.7it/s 59.1s<19.7s
[K      10/10      2.89G      1.579      1.005      1.321          8       1024: 75% ━━━━━━━━━─── 276/368 5.0it/s 59.3s<18.5s
[K      10/10      2.89G      1.579      1.006      1.322          9       1024: 75% ━━━━━━━━━─── 277/368 4.8it/s 59.5s<19.0s
[K      10/10      2.89G       1.58      1.005      1.323          9       1024: 75% ━━━━━━━━━─── 278/368 4.9it/s 59.7s<18.2s
[K      10/10      2.89G      1.581      1.006      1.324         11       1024: 75% ━━━━━━━━━─── 279/368 4.6it/s 60.0s<19.3s
[K      10/10      2.89G      1.581      1.006      1.324          7       1024: 76% ━━━━━━━━━─── 280/368 4.8it/s 1:00<18.2s
[K      10/10      2.89G      1.581      1.006      1.326          5       1024: 76% ━━━━━━━━━─── 281/368 4.7it/s 1:00<18.6s
[K      10/10      2.89G      1.581      1.006      1.326          9       1024: 76% ━━━━━━━━━─── 282/368 5.0it/s 1:01<17.2s
[K      10/10      2.89G      1.582      1.006      1.327          6       1024: 76% ━━━━━━━━━─── 283/368 4.8it/s 1:01<17.9s
[K      10/10      2.89G      1.583      1.006      1.328          5       1024: 77% ━━━━━━━━━─── 284/368 5.0it/s 1:01<16.8s
[K      10/10      2.89G      1.583      1.005      1.327          4       1024: 77% ━━━━━━━━━─── 285/368 4.7it/s 1:01<17.6s
[K      10/10      2.89G      1.583      1.005      1.327          5       1024: 77% ━━━━━━━━━─── 286/368 4.9it/s 1:01<16.7s
[K      10/10      2.89G      1.583      1.004      1.326          5       1024: 77% ━━━━━━━━━─── 287/368 4.6it/s 1:02<17.5s
[K      10/10      2.89G      1.582      1.004      1.325          6       1024: 78% ━━━━━━━━━─── 288/368 4.9it/s 1:02<16.4s
[K      10/10      2.89G      1.582      1.003      1.325          5       1024: 78% ━━━━━━━━━─── 289/368 4.7it/s 1:02<16.9s
[K      10/10      2.89G      1.582      1.004      1.326          5       1024: 78% ━━━━━━━━━─── 290/368 5.0it/s 1:02<15.6s
[K      10/10      2.89G      1.582      1.004      1.325          6       1024: 79% ━━━━━━━━━─── 291/368 4.7it/s 1:03<16.4s
[K      10/10      2.89G      1.581      1.003      1.326          8       1024: 79% ━━━━━━━━━╸── 292/368 5.0it/s 1:03<15.2s
[K      10/10      2.89G      1.582      1.005      1.326          8       1024: 79% ━━━━━━━━━╸── 293/368 4.7it/s 1:03<15.8s
[K      10/10      2.89G      1.581      1.008      1.327          5       1024: 79% ━━━━━━━━━╸── 294/368 4.9it/s 1:03<15.1s
[K      10/10      2.89G      1.581      1.007      1.327          5       1024: 80% ━━━━━━━━━╸── 295/368 4.7it/s 1:03<15.6s
[K      10/10      2.89G      1.579      1.006      1.327          4       1024: 80% ━━━━━━━━━╸── 296/368 4.9it/s 1:04<14.7s
[K      10/10      2.89G      1.579      1.009      1.327         11       1024: 80% ━━━━━━━━━╸── 297/368 4.7it/s 1:04<15.2s
[K      10/10      2.89G       1.58       1.01      1.328          8       1024: 80% ━━━━━━━━━╸── 298/368 4.9it/s 1:04<14.3s
[K      10/10      2.89G      1.579      1.008      1.328          5       1024: 81% ━━━━━━━━━╸── 299/368 4.7it/s 1:04<14.7s
[K      10/10      2.89G      1.578      1.008      1.327          7       1024: 81% ━━━━━━━━━╸── 300/368 5.0it/s 1:04<13.6s
[K      10/10      2.89G      1.578      1.008      1.326          4       1024: 81% ━━━━━━━━━╸── 301/368 4.7it/s 1:05<14.2s
[K      10/10      2.89G      1.578      1.007      1.325          7       1024: 82% ━━━━━━━━━╸── 302/368 5.0it/s 1:05<13.1s
[K      10/10      2.89G      1.578      1.008      1.326         12       1024: 82% ━━━━━━━━━╸── 303/368 4.8it/s 1:05<13.6s
[K      10/10      2.89G      1.577      1.006      1.324          7       1024: 82% ━━━━━━━━━╸── 304/368 5.0it/s 1:05<12.7s
[K      10/10      2.89G      1.575      1.006      1.324          4       1024: 82% ━━━━━━━━━╸── 305/368 4.8it/s 1:05<13.2s
[K      10/10      2.89G      1.577      1.009      1.327         16       1024: 83% ━━━━━━━━━╸── 306/368 5.0it/s 1:06<12.3s
[K      10/10      2.89G      1.577      1.009      1.327          8       1024: 83% ━━━━━━━━━━── 307/368 4.7it/s 1:06<13.1s
[K      10/10      2.89G      1.576      1.008      1.327          5       1024: 83% ━━━━━━━━━━── 308/368 5.0it/s 1:06<12.1s
[K      10/10      2.89G      1.578      1.009      1.327          4       1024: 83% ━━━━━━━━━━── 309/368 4.7it/s 1:06<12.5s
[K      10/10      2.89G      1.578      1.009      1.327         14       1024: 84% ━━━━━━━━━━── 310/368 5.0it/s 1:07<11.5s
[K      10/10      2.89G      1.578       1.01      1.327         10       1024: 84% ━━━━━━━━━━── 311/368 4.7it/s 1:07<12.1s
[K      10/10      2.89G      1.579       1.01      1.328          5       1024: 84% ━━━━━━━━━━── 312/368 5.0it/s 1:07<11.2s
[K      10/10      2.89G      1.579      1.009      1.327          5       1024: 85% ━━━━━━━━━━── 313/368 4.7it/s 1:07<11.7s
[K      10/10      2.89G       1.58       1.01      1.327          8       1024: 85% ━━━━━━━━━━── 314/368 4.9it/s 1:07<10.9s
[K      10/10      2.89G      1.581       1.01      1.327          6       1024: 85% ━━━━━━━━━━── 315/368 4.6it/s 1:08<11.6s
[K      10/10      2.89G      1.581      1.011      1.327         11       1024: 85% ━━━━━━━━━━── 316/368 4.8it/s 1:08<10.7s
[K      10/10      2.89G      1.581      1.011      1.327          5       1024: 86% ━━━━━━━━━━── 317/368 4.6it/s 1:08<11.2s
[K      10/10      2.89G      1.582      1.012      1.327          4       1024: 86% ━━━━━━━━━━── 318/368 4.8it/s 1:08<10.3s
[K      10/10      2.89G      1.579      1.011      1.326          5       1024: 86% ━━━━━━━━━━── 319/368 4.5it/s 1:09<10.8s
[K      10/10      2.89G      1.579      1.011      1.326          5       1024: 86% ━━━━━━━━━━── 320/368 4.9it/s 1:09<9.8s
[K      10/10      2.89G      1.579      1.011      1.327          5       1024: 87% ━━━━━━━━━━── 321/368 4.6it/s 1:09<10.2s
[K      10/10      2.89G      1.579      1.011      1.326          6       1024: 87% ━━━━━━━━━━── 322/368 4.9it/s 1:09<9.4s
[K      10/10      2.89G       1.58      1.012      1.327          9       1024: 87% ━━━━━━━━━━╸─ 323/368 4.6it/s 1:09<9.7s
[K      10/10      2.89G       1.58      1.012      1.327          8       1024: 88% ━━━━━━━━━━╸─ 324/368 4.9it/s 1:10<8.9s
[K      10/10      2.89G       1.58      1.011      1.326          5       1024: 88% ━━━━━━━━━━╸─ 325/368 4.7it/s 1:10<9.1s
[K      10/10      2.89G      1.579       1.01      1.325          6       1024: 88% ━━━━━━━━━━╸─ 326/368 4.9it/s 1:10<8.5s
[K      10/10      2.89G      1.578       1.01      1.325          9       1024: 88% ━━━━━━━━━━╸─ 327/368 4.7it/s 1:10<8.7s
[K      10/10      2.89G      1.577      1.011      1.325          6       1024: 89% ━━━━━━━━━━╸─ 328/368 5.0it/s 1:10<7.9s
[K      10/10      2.89G      1.578      1.012      1.325          9       1024: 89% ━━━━━━━━━━╸─ 329/368 4.8it/s 1:11<8.1s
[K      10/10      2.89G      1.578      1.015      1.327          6       1024: 89% ━━━━━━━━━━╸─ 330/368 5.1it/s 1:11<7.5s
[K      10/10      2.89G      1.578      1.016      1.328          7       1024: 89% ━━━━━━━━━━╸─ 331/368 4.8it/s 1:11<7.7s
[K      10/10      2.89G      1.577      1.015      1.327          4       1024: 90% ━━━━━━━━━━╸─ 332/368 5.1it/s 1:11<7.0s
[K      10/10      2.89G      1.578      1.015      1.327          6       1024: 90% ━━━━━━━━━━╸─ 333/368 4.8it/s 1:11<7.3s
[K      10/10      2.89G      1.578      1.016      1.328         10       1024: 90% ━━━━━━━━━━╸─ 334/368 5.1it/s 1:12<6.7s
[K      10/10      2.89G      1.577      1.016      1.327          7       1024: 91% ━━━━━━━━━━╸─ 335/368 4.9it/s 1:12<6.8s
[K      10/10      2.89G      1.577      1.017      1.329          7       1024: 91% ━━━━━━━━━━╸─ 336/368 5.1it/s 1:12<6.3s
[K      10/10      2.89G      1.578      1.019      1.331          6       1024: 91% ━━━━━━━━━━╸─ 337/368 4.8it/s 1:12<6.4s
[K      10/10      2.89G      1.578      1.018      1.331          6       1024: 91% ━━━━━━━━━━━─ 338/368 5.1it/s 1:12<5.9s
[K      10/10      2.89G      1.577      1.017       1.33          7       1024: 92% ━━━━━━━━━━━─ 339/368 4.8it/s 1:13<6.0s
[K      10/10      2.89G      1.578      1.018      1.331          4       1024: 92% ━━━━━━━━━━━─ 340/368 5.1it/s 1:13<5.5s
[K      10/10      2.89G      1.578      1.017      1.331          7       1024: 92% ━━━━━━━━━━━─ 341/368 4.8it/s 1:13<5.6s
[K      10/10      2.89G      1.577      1.018      1.331          7       1024: 92% ━━━━━━━━━━━─ 342/368 5.0it/s 1:13<5.2s
[K      10/10      2.89G      1.577      1.018      1.331         10       1024: 93% ━━━━━━━━━━━─ 343/368 4.7it/s 1:14<5.3s
[K      10/10      2.89G      1.577      1.018      1.331          5       1024: 93% ━━━━━━━━━━━─ 344/368 5.0it/s 1:14<4.8s
[K      10/10      2.89G      1.577      1.018      1.331          5       1024: 93% ━━━━━━━━━━━─ 345/368 4.7it/s 1:14<4.9s
[K      10/10      2.89G      1.577      1.018      1.331          4       1024: 94% ━━━━━━━━━━━─ 346/368 4.9it/s 1:14<4.5s
[K      10/10      2.89G      1.577      1.019      1.332          9       1024: 94% ━━━━━━━━━━━─ 347/368 4.7it/s 1:14<4.5s
[K      10/10      2.89G      1.576       1.02      1.332          4       1024: 94% ━━━━━━━━━━━─ 348/368 4.9it/s 1:15<4.1s
[K      10/10      2.89G      1.576      1.019      1.331          5       1024: 94% ━━━━━━━━━━━─ 349/368 4.6it/s 1:15<4.1s
[K      10/10      2.89G      1.576      1.019      1.331          6       1024: 95% ━━━━━━━━━━━─ 350/368 5.0it/s 1:15<3.6s
[K      10/10      2.89G      1.575      1.019      1.331          7       1024: 95% ━━━━━━━━━━━─ 351/368 4.6it/s 1:15<3.7s
[K      10/10      2.89G      1.575      1.018       1.33          7       1024: 95% ━━━━━━━━━━━─ 352/368 5.0it/s 1:15<3.2s
[K      10/10      2.89G      1.575      1.018       1.33          7       1024: 95% ━━━━━━━━━━━╸ 353/368 4.7it/s 1:16<3.2s
[K      10/10      2.89G      1.574      1.017      1.329          6       1024: 96% ━━━━━━━━━━━╸ 354/368 5.0it/s 1:16<2.8s
[K      10/10      2.89G      1.574      1.017       1.33          6       1024: 96% ━━━━━━━━━━━╸ 355/368 4.7it/s 1:16<2.7s
[K      10/10      2.89G      1.574      1.017       1.33          6       1024: 96% ━━━━━━━━━━━╸ 356/368 5.1it/s 1:16<2.4s
[K      10/10      2.89G      1.573      1.017       1.33          5       1024: 97% ━━━━━━━━━━━╸ 357/368 4.8it/s 1:17<2.3s
[K      10/10      2.89G      1.573      1.016       1.33          5       1024: 97% ━━━━━━━━━━━╸ 358/368 5.0it/s 1:17<2.0s
[K      10/10      2.89G      1.572      1.015      1.329          4       1024: 97% ━━━━━━━━━━━╸ 359/368 4.7it/s 1:17<1.9s
[K      10/10      2.89G      1.572      1.015      1.329          8       1024: 97% ━━━━━━━━━━━╸ 360/368 5.0it/s 1:17<1.6s
[K      10/10      2.89G      1.572      1.015      1.329          7       1024: 98% ━━━━━━━━━━━╸ 361/368 4.7it/s 1:17<1.5s
[K      10/10      2.89G      1.572      1.014      1.329          4       1024: 98% ━━━━━━━━━━━╸ 362/368 5.0it/s 1:18<1.2s
[K      10/10      2.89G      1.571      1.013      1.329          4       1024: 98% ━━━━━━━━━━━╸ 363/368 4.7it/s 1:18<1.1s
[K      10/10      2.89G      1.573      1.013      1.329          9       1024: 98% ━━━━━━━━━━━╸ 364/368 4.9it/s 1:18<0.8s
[K      10/10      2.89G      1.574      1.014       1.33          6       1024: 99% ━━━━━━━━━━━╸ 365/368 4.7it/s 1:18<0.6s
[K      10/10      2.89G      1.574      1.015       1.33         10       1024: 99% ━━━━━━━━━━━╸ 366/368 4.8it/s 1:18<0.4s
[K      10/10      2.89G      1.574      1.015      1.331          8       1024: 99% ━━━━━━━━━━━╸ 367/368 4.6it/s 1:19<0.2s
[K      10/10      2.89G      1.574      1.015      1.331          8       1024: 100% ━━━━━━━━━━━━ 368/368 4.7it/s 1:19

[K                 Class     Images  Instances      Box(P          R      mAP50  mAP50-95): 2% ──────────── 1/35 2.5it/s 0.1s<13.4s
[K                 Class     Images  Instances      Box(P          R      mAP50  mAP50-95): 5% ╸─────────── 2/35 4.3it/s 0.2s<7.7s
[K                 Class     Images  Instances      Box(P          R      mAP50  mAP50-95): 8% ━─────────── 3/35 5.4it/s 0.4s<5.9s
[K                 Class     Images  Instances      Box(P          R      mAP50  mAP50-95): 11% ━─────────── 4/35 6.2it/s 0.5s<5.0s
[K                 Class     Images  Instances      Box(P          R      mAP50  mAP50-95): 14% ━╸────────── 5/35 6.7it/s 0.6s<4.5s
[K                 Class     Images  Instances      Box(P          R      mAP50  mAP50-95): 17% ━━────────── 6/35 7.1it/s 0.7s<4.1s
[K                 Class     Images  Instances      Box(P          R      mAP50  mAP50-95): 20% ━━────────── 7/35 7.4it/s 0.9s<3.8s
[K                 Class     Images  Instances      Box(P          R      mAP50  mAP50-95): 22% ━━╸───────── 8/35 7.6it/s 1.0s<3.6s
[K                 Class     Images  Instances      Box(P          R      mAP50  mAP50-95): 25% ━━━───────── 9/35 7.8it/s 1.1s<3.3s
[K                 Class     Images  Instances      Box(P          R      mAP50  mAP50-95): 28% ━━━───────── 10/35 7.8it/s 1.2s<3.2s
[K                 Class     Images  Instances      Box(P          R      mAP50  mAP50-95): 31% ━━━╸──────── 11/35 7.9it/s 1.4s<3.0s
[K                 Class     Images  Instances      Box(P          R      mAP50  mAP50-95): 34% ━━━━──────── 12/35 8.0it/s 1.5s<2.9s
[K                 Class     Images  Instances      Box(P          R      mAP50  mAP50-95): 37% ━━━━──────── 13/35 8.1it/s 1.6s<2.7s
[K                 Class     Images  Instances      Box(P          R      mAP50  mAP50-95): 40% ━━━━╸─────── 14/35 8.1it/s 1.7s<2.6s
[K                 Class     Images  Instances      Box(P          R      mAP50  mAP50-95): 42% ━━━━━─────── 15/35 8.3it/s 1.8s<2.4s
[K                 Class     Images  Instances      Box(P          R      mAP50  mAP50-95): 45% ━━━━━─────── 16/35 8.3it/s 2.0s<2.3s
[K                 Class     Images  Instances      Box(P          R      mAP50  mAP50-95): 48% ━━━━━╸────── 17/35 8.4it/s 2.1s<2.1s
[K                 Class     Images  Instances      Box(P          R      mAP50  mAP50-95): 51% ━━━━━━────── 18/35 8.3it/s 2.2s<2.0s
[K                 Class     Images  Instances      Box(P          R      mAP50  mAP50-95): 54% ━━━━━━╸───── 19/35 8.3it/s 2.3s<1.9s
[K                 Class     Images  Instances      Box(P          R      mAP50  mAP50-95): 57% ━━━━━━╸───── 20/35 8.5it/s 2.4s<1.8s
[K                 Class     Images  Instances      Box(P          R      mAP50  mAP50-95): 60% ━━━━━━━───── 21/35 8.4it/s 2.6s<1.7s
[K                 Class     Images  Instances      Box(P          R      mAP50  mAP50-95): 62% ━━━━━━━╸──── 22/35 8.3it/s 2.7s<1.6s
[K                 Class     Images  Instances      Box(P          R      mAP50  mAP50-95): 65% ━━━━━━━╸──── 23/35 8.2it/s 2.8s<1.5s
[K                 Class     Images  Instances      Box(P          R      mAP50  mAP50-95): 68% ━━━━━━━━──── 24/35 8.1it/s 2.9s<1.4s
[K                 Class     Images  Instances      Box(P          R      mAP50  mAP50-95): 71% ━━━━━━━━╸─── 25/35 8.2it/s 3.0s<1.2s
[K                 Class     Images  Instances      Box(P          R      mAP50  mAP50-95): 74% ━━━━━━━━╸─── 26/35 8.3it/s 3.2s<1.1s
[K                 Class     Images  Instances      Box(P          R      mAP50  mAP50-95): 77% ━━━━━━━━━─── 27/35 8.3it/s 3.3s<1.0s
[K                 Class     Images  Instances      Box(P          R      mAP50  mAP50-95): 80% ━━━━━━━━━╸── 28/35 8.4it/s 3.4s<0.8s
[K                 Class     Images  Instances      Box(P          R      mAP50  mAP50-95): 82% ━━━━━━━━━╸── 29/35 8.5it/s 3.5s<0.7s
[K                 Class     Images  Instances      Box(P          R      mAP50  mAP50-95): 85% ━━━━━━━━━━── 30/35 8.5it/s 3.6s<0.6s
[K                 Class     Images  Instances      Box(P          R      mAP50  mAP50-95): 88% ━━━━━━━━━━╸─ 31/35 8.5it/s 3.7s<0.5s
[K                 Class     Images  Instances      Box(P          R      mAP50  mAP50-95): 91% ━━━━━━━━━━╸─ 32/35 8.4it/s 3.9s<0.4s
[K                 Class     Images  Instances      Box(P          R      mAP50  mAP50-95): 94% ━━━━━━━━━━━─ 33/35 8.4it/s 4.0s<0.2s
[K                 Class     Images  Instances      Box(P          R      mAP50  mAP50-95): 97% ━━━━━━━━━━━╸ 34/35 8.3it/s 4.1s<0.1s
[K                 Class     Images  Instances      Box(P          R      mAP50  mAP50-95): 100% ━━━━━━━━━━━━ 35/35 8.4it/s 4.2s
                   all        275        480      0.769      0.641      0.708      0.344
WAFER_EPOCH 10/10 calls=1932 map=0.34408

10 epochs completed in 0.232 hours.
Optimizer stripped from C:\Users\hkjun\Documents\Codex\2026-09-27\new-chat\work\wafer_r01\runs\yolo11n_10ep\weights\last.pt, 5.5MB
Optimizer stripped from C:\Users\hkjun\Documents\Codex\2026-09-27\new-chat\work\wafer_r01\runs\yolo11n_10ep\weights\best.pt, 5.5MB

Validating C:\Users\hkjun\Documents\Codex\2026-09-27\new-chat\work\wafer_r01\runs\yolo11n_10ep\weights\best.pt...
Ultralytics 8.4.120  Python-3.11.9 torch-2.12.1+cu130 CUDA:0 (NVIDIA GeForce RTX 5060 Laptop GPU, 8151MiB)
YOLO11n summary (fused): 101 layers, 2,583,322 parameters, 0 gradients, 6.4 GFLOPs

[K                 Class     Images  Instances      Box(P          R      mAP50  mAP50-95): 2% ──────────── 1/35 2.4it/s 0.1s<14.2s
[K                 Class     Images  Instances      Box(P          R      mAP50  mAP50-95): 5% ╸─────────── 2/35 3.2it/s 0.3s<10.3s
[K                 Class     Images  Instances      Box(P          R      mAP50  mAP50-95): 8% ━─────────── 3/35 3.7it/s 0.5s<8.7s
[K                 Class     Images  Instances      Box(P          R      mAP50  mAP50-95): 11% ━─────────── 4/35 4.0it/s 0.7s<7.7s
[K                 Class     Images  Instances      Box(P          R      mAP50  mAP50-95): 14% ━╸────────── 5/35 4.9it/s 0.9s<6.1s
[K                 Class     Images  Instances      Box(P          R      mAP50  mAP50-95): 17% ━━────────── 6/35 5.6it/s 1.0s<5.2s
[K                 Class     Images  Instances      Box(P          R      mAP50  mAP50-95): 20% ━━────────── 7/35 6.0it/s 1.2s<4.6s
[K                 Class     Images  Instances      Box(P          R      mAP50  mAP50-95): 22% ━━╸───────── 8/35 6.5it/s 1.3s<4.2s
[K                 Class     Images  Instances      Box(P          R      mAP50  mAP50-95): 25% ━━━───────── 9/35 7.0it/s 1.4s<3.7s
[K                 Class     Images  Instances      Box(P          R      mAP50  mAP50-95): 28% ━━━───────── 10/35 7.3it/s 1.5s<3.4s
[K                 Class     Images  Instances      Box(P          R      mAP50  mAP50-95): 31% ━━━╸──────── 11/35 7.6it/s 1.7s<3.2s
[K                 Class     Images  Instances      Box(P          R      mAP50  mAP50-95): 34% ━━━━──────── 12/35 7.7it/s 1.8s<3.0s
[K                 Class     Images  Instances      Box(P          R      mAP50  mAP50-95): 37% ━━━━──────── 13/35 7.9it/s 1.9s<2.8s
[K                 Class     Images  Instances      Box(P          R      mAP50  mAP50-95): 40% ━━━━╸─────── 14/35 7.9it/s 2.0s<2.6s
[K                 Class     Images  Instances      Box(P          R      mAP50  mAP50-95): 42% ━━━━━─────── 15/35 8.1it/s 2.2s<2.5s
[K                 Class     Images  Instances      Box(P          R      mAP50  mAP50-95): 45% ━━━━━─────── 16/35 8.1it/s 2.3s<2.3s
[K                 Class     Images  Instances      Box(P          R      mAP50  mAP50-95): 48% ━━━━━╸────── 17/35 8.2it/s 2.4s<2.2s
[K                 Class     Images  Instances      Box(P          R      mAP50  mAP50-95): 51% ━━━━━━────── 18/35 8.2it/s 2.5s<2.1s
[K                 Class     Images  Instances      Box(P          R      mAP50  mAP50-95): 54% ━━━━━━╸───── 19/35 8.2it/s 2.6s<2.0s
[K                 Class     Images  Instances      Box(P          R      mAP50  mAP50-95): 57% ━━━━━━╸───── 20/35 8.2it/s 2.8s<1.8s
[K                 Class     Images  Instances      Box(P          R      mAP50  mAP50-95): 60% ━━━━━━━───── 21/35 8.2it/s 2.9s<1.7s
[K                 Class     Images  Instances      Box(P          R      mAP50  mAP50-95): 62% ━━━━━━━╸──── 22/35 8.5it/s 3.0s<1.5s
[K                 Class     Images  Instances      Box(P          R      mAP50  mAP50-95): 65% ━━━━━━━╸──── 23/35 8.4it/s 3.1s<1.4s
[K                 Class     Images  Instances      Box(P          R      mAP50  mAP50-95): 68% ━━━━━━━━──── 24/35 8.4it/s 3.2s<1.3s
[K                 Class     Images  Instances      Box(P          R      mAP50  mAP50-95): 71% ━━━━━━━━╸─── 25/35 8.3it/s 3.4s<1.2s
[K                 Class     Images  Instances      Box(P          R      mAP50  mAP50-95): 74% ━━━━━━━━╸─── 26/35 8.3it/s 3.5s<1.1s
[K                 Class     Images  Instances      Box(P          R      mAP50  mAP50-95): 77% ━━━━━━━━━─── 27/35 8.3it/s 3.6s<1.0s
[K                 Class     Images  Instances      Box(P          R      mAP50  mAP50-95): 80% ━━━━━━━━━╸── 28/35 8.3it/s 3.7s<0.8s
[K                 Class     Images  Instances      Box(P          R      mAP50  mAP50-95): 82% ━━━━━━━━━╸── 29/35 8.3it/s 3.8s<0.7s
[K                 Class     Images  Instances      Box(P          R      mAP50  mAP50-95): 85% ━━━━━━━━━━── 30/35 8.3it/s 4.0s<0.6s
[K                 Class     Images  Instances      Box(P          R      mAP50  mAP50-95): 88% ━━━━━━━━━━╸─ 31/35 8.3it/s 4.1s<0.5s
[K                 Class     Images  Instances      Box(P          R      mAP50  mAP50-95): 91% ━━━━━━━━━━╸─ 32/35 8.4it/s 4.2s<0.4s
[K                 Class     Images  Instances      Box(P          R      mAP50  mAP50-95): 94% ━━━━━━━━━━━─ 33/35 8.3it/s 4.3s<0.2s
[K                 Class     Images  Instances      Box(P          R      mAP50  mAP50-95): 97% ━━━━━━━━━━━╸ 34/35 8.3it/s 4.4s<0.1s
[K                 Class     Images  Instances      Box(P          R      mAP50  mAP50-95): 100% ━━━━━━━━━━━━ 35/35 7.8it/s 4.5s
                   all        275        480      0.739      0.698      0.719      0.354
             edge_bite         32         40      0.876       0.53      0.585      0.317
             gray_line         13         27      0.923      0.894      0.978      0.461
                  open         23         27      0.807      0.778      0.868      0.424
               scratch         80        132       0.26      0.377      0.214     0.0827
         short_circuit         72         84      0.721      0.833      0.841      0.443
       stains_enbedded        134        170      0.846      0.774      0.829      0.397
Speed: 0.4ms preprocess, 3.6ms inference, 0.0ms loss, 1.1ms postprocess per image
Results saved to [1mC:\Users\hkjun\Documents\Codex\2026-09-27\new-chat\work\wafer_r01\runs\yolo11n_10ep[0m
WARNING 'half' is deprecated and will be removed in the future. Use 'quantize' instead.
Ultralytics 8.4.120  Python-3.11.9 torch-2.12.1+cu130 CUDA:0 (NVIDIA GeForce RTX 5060 Laptop GPU, 8151MiB)
YOLO11n summary (fused): 101 layers, 2,583,322 parameters, 0 gradients, 6.4 GFLOPs
[34m[1mval: [0mFast image access  (ping: 0.00.0 ms, read: 1173.9315.4 MB/s, size: 125.9 KB)

[K[34m[1mval: [0mScanning C:\Users\hkjun\Documents\Codex\2026-09-27\new-chat\work\wafer_r01\data\labels\test... 244 images, 0 backgrounds, 0 corrupt: 85% ━━━━━━━━━━── 244/287 729.1it/s 0.1s<0.1s
[K[34m[1mval: [0mScanning C:\Users\hkjun\Documents\Codex\2026-09-27\new-chat\work\wafer_r01\data\labels\test... 287 images, 0 backgrounds, 0 corrupt: 100% ━━━━━━━━━━━━ 287/287 2.5Kit/s 0.1s
[34m[1mval: [0mNew cache created: C:\Users\hkjun\Documents\Codex\2026-09-27\new-chat\work\wafer_r01\data\labels\test.cache

[K                 Class     Images  Instances      Box(P          R      mAP50  mAP50-95): 1% ──────────── 1/72 2.9it/s 0.1s<24.6s
[K                 Class     Images  Instances      Box(P          R      mAP50  mAP50-95): 4% ──────────── 3/72 5.4it/s 0.3s<12.8s
[K                 Class     Images  Instances      Box(P          R      mAP50  mAP50-95): 6% ╸─────────── 5/72 7.9it/s 0.4s<8.4s
[K                 Class     Images  Instances      Box(P          R      mAP50  mAP50-95): 9% ━─────────── 7/72 10.3it/s 0.6s<6.3s
[K                 Class     Images  Instances      Box(P          R      mAP50  mAP50-95): 12% ━─────────── 9/72 11.9it/s 0.7s<5.3s
[K                 Class     Images  Instances      Box(P          R      mAP50  mAP50-95): 15% ━╸────────── 11/72 13.0it/s 0.8s<4.7s
[K                 Class     Images  Instances      Box(P          R      mAP50  mAP50-95): 18% ━━────────── 13/72 13.6it/s 0.9s<4.3s
[K                 Class     Images  Instances      Box(P          R      mAP50  mAP50-95): 20% ━━────────── 15/72 14.3it/s 1.1s<4.0s
[K                 Class     Images  Instances      Box(P          R      mAP50  mAP50-95): 23% ━━╸───────── 17/72 14.8it/s 1.2s<3.7s
[K                 Class     Images  Instances      Box(P          R      mAP50  mAP50-95): 26% ━━━───────── 19/72 14.7it/s 1.3s<3.6s
[K                 Class     Images  Instances      Box(P          R      mAP50  mAP50-95): 29% ━━━───────── 21/72 15.2it/s 1.5s<3.4s
[K                 Class     Images  Instances      Box(P          R      mAP50  mAP50-95): 31% ━━━╸──────── 23/72 15.6it/s 1.6s<3.1s
[K                 Class     Images  Instances      Box(P          R      mAP50  mAP50-95): 34% ━━━━──────── 25/72 16.0it/s 1.7s<2.9s
[K                 Class     Images  Instances      Box(P          R      mAP50  mAP50-95): 37% ━━━━──────── 27/72 16.3it/s 1.8s<2.8s
[K                 Class     Images  Instances      Box(P          R      mAP50  mAP50-95): 40% ━━━━╸─────── 29/72 16.3it/s 1.9s<2.6s
[K                 Class     Images  Instances      Box(P          R      mAP50  mAP50-95): 43% ━━━━━─────── 31/72 16.3it/s 2.1s<2.5s
[K                 Class     Images  Instances      Box(P          R      mAP50  mAP50-95): 45% ━━━━━─────── 33/72 16.3it/s 2.2s<2.4s
[K                 Class     Images  Instances      Box(P          R      mAP50  mAP50-95): 48% ━━━━━╸────── 35/72 16.2it/s 2.3s<2.3s
[K                 Class     Images  Instances      Box(P          R      mAP50  mAP50-95): 51% ━━━━━━────── 37/72 16.2it/s 2.4s<2.2s
[K                 Class     Images  Instances      Box(P          R      mAP50  mAP50-95): 54% ━━━━━━────── 39/72 16.3it/s 2.5s<2.0s
[K                 Class     Images  Instances      Box(P          R      mAP50  mAP50-95): 56% ━━━━━━╸───── 41/72 16.4it/s 2.7s<1.9s
[K                 Class     Images  Instances      Box(P          R      mAP50  mAP50-95): 59% ━━━━━━━───── 43/72 16.6it/s 2.8s<1.7s
[K                 Class     Images  Instances      Box(P          R      mAP50  mAP50-95): 62% ━━━━━━━───── 45/72 16.7it/s 2.9s<1.6s
[K                 Class     Images  Instances      Box(P          R      mAP50  mAP50-95): 65% ━━━━━━━╸──── 47/72 16.6it/s 3.0s<1.5s
[K                 Class     Images  Instances      Box(P          R      mAP50  mAP50-95): 68% ━━━━━━━━──── 49/72 16.5it/s 3.1s<1.4s
[K                 Class     Images  Instances      Box(P          R      mAP50  mAP50-95): 70% ━━━━━━━━──── 51/72 16.5it/s 3.3s<1.3s
[K                 Class     Images  Instances      Box(P          R      mAP50  mAP50-95): 73% ━━━━━━━━╸─── 53/72 16.6it/s 3.4s<1.1s
[K                 Class     Images  Instances      Box(P          R      mAP50  mAP50-95): 76% ━━━━━━━━━─── 55/72 16.6it/s 3.5s<1.0s
[K                 Class     Images  Instances      Box(P          R      mAP50  mAP50-95): 79% ━━━━━━━━━─── 57/72 16.7it/s 3.6s<0.9s
[K                 Class     Images  Instances      Box(P          R      mAP50  mAP50-95): 81% ━━━━━━━━━╸── 59/72 16.5it/s 3.8s<0.8s
[K                 Class     Images  Instances      Box(P          R      mAP50  mAP50-95): 84% ━━━━━━━━━━── 61/72 16.4it/s 3.9s<0.7s
[K                 Class     Images  Instances      Box(P          R      mAP50  mAP50-95): 87% ━━━━━━━━━━── 63/72 16.2it/s 4.0s<0.6s
[K                 Class     Images  Instances      Box(P          R      mAP50  mAP50-95): 90% ━━━━━━━━━━╸─ 65/72 16.3it/s 4.1s<0.4s
[K                 Class     Images  Instances      Box(P          R      mAP50  mAP50-95): 93% ━━━━━━━━━━━─ 67/72 16.4it/s 4.2s<0.3s
[K                 Class     Images  Instances      Box(P          R      mAP50  mAP50-95): 95% ━━━━━━━━━━━─ 69/72 16.4it/s 4.4s<0.2s
[K                 Class     Images  Instances      Box(P          R      mAP50  mAP50-95): 98% ━━━━━━━━━━━╸ 71/72 16.4it/s 4.5s<0.1s
[K                 Class     Images  Instances      Box(P          R      mAP50  mAP50-95): 100% ━━━━━━━━━━━━ 72/72 15.8it/s 4.6s
                   all        287        496       0.78      0.713      0.737      0.364
             edge_bite         26         40      0.821      0.459       0.63      0.309
             gray_line         10         25      0.799       0.76       0.77      0.323
                  open         25         38          1      0.809      0.898      0.484
               scratch         90        144      0.318      0.424      0.256      0.108
         short_circuit         64         72      0.906      0.972      0.991      0.566
       stains_enbedded        140        177      0.837      0.853       0.88      0.395
Speed: 0.4ms preprocess, 3.7ms inference, 0.0ms loss, 0.9ms postprocess per image
Saving C:\Users\hkjun\Documents\Codex\2026-09-27\new-chat\work\wafer_r01\evaluation\test\predictions.json...
Results saved to [1mC:\Users\hkjun\Documents\Codex\2026-09-27\new-chat\work\wafer_r01\evaluation\test[0m
WAFER_PILOT_COMPLETE
